date,type,month
2026-05-11 23:31:24,follower,2026-05
2026-05-11 22:50:42,follower,2026-05
2026-05-11 22:15:25,follower,2026-05
2026-05-11 21:28:53,follower,2026-05
2026-05-11 20:27:19,follower,2026-05
2026-05-11 20:00:43,follower,2026-05
2026-05-11 19:57:00,follower,2026-05
2026-05-11 19:44:19,follower,2026-05
2026-05-11 19:36:35,follower,2026-05
2026-05-11 19:34:41,follower,2026-05
2026-05-11 18:31:43,follower,2026-05
2026-05-11 17:57:17,follower,2026-05
2026-05-11 15:55:19,follower,2026-05
2026-05-11 15:10:10,follower,2026-05
2026-05-11 14:21:57,follower,2026-05
2026-05-11 13:41:20,follower,2026-05
2026-05-11 13:22:19,follower,2026-05
2026-05-11 11:07:29,follower,2026-05
2026-05-11 10:59:04,follower,2026-05
2026-05-11 10:14:57,follower,2026-05
2026-05-11 10:03:29,follower,2026-05
2026-05-11 09:29:24,follower,2026-05
2026-05-11 09:09:38,follower,2026-05
2026-05-11 08:57:05,follower,2026-05
2026-05-11 03:36:47,follower,2026-05
2026-05-11 01:33:03,follower,2026-05
2026-05-11 01:30:20,follower,2026-05
2026-05-11 00:22:13,follower,2026-05
2026-05-10 23:59:15,follower,2026-05
2026-05-10 23:40:31,follower,2026-05
2026-05-10 23:13:19,follower,2026-05
2026-05-10 22:18:41,follower,2026-05
2026-05-10 21:03:44,follower,2026-05
2026-05-10 20:53:49,follower,2026-05
2026-05-10 20:52:32,follower,2026-05
2026-05-10 20:39:35,follower,2026-05
2026-05-10 20:11:26,follower,2026-05
2026-05-10 18:42:02,follower,2026-05
2026-05-10 17:13:33,follower,2026-05
2026-05-10 16:50:27,follower,2026-05
2026-05-10 16:38:01,follower,2026-05
2026-05-10 15:59:31,follower,2026-05
2026-05-10 14:12:22,follower,2026-05
2026-05-10 14:01:02,follower,2026-05
2026-05-10 13:54:26,follower,2026-05
2026-05-10 13:45:19,follower,2026-05
2026-05-10 13:22:55,follower,2026-05
2026-05-10 13:06:45,follower,2026-05
2026-05-10 13:04:39,follower,2026-05
2026-05-10 12:12:51,follower,2026-05
2026-05-10 12:11:02,follower,2026-05
2026-05-10 10:14:21,follower,2026-05
2026-05-10 09:52:10,follower,2026-05
2026-05-10 09:09:56,follower,2026-05
2026-05-10 08:49:47,follower,2026-05
2026-05-10 06:21:01,follower,2026-05
2026-05-10 02:41:23,follower,2026-05
2026-05-09 20:11:36,follower,2026-05
2026-05-09 18:33:35,follower,2026-05
2026-05-09 18:05:13,follower,2026-05
2026-05-09 17:19:00,follower,2026-05
2026-05-09 17:14:37,follower,2026-05
2026-05-09 14:58:52,follower,2026-05
2026-05-09 09:58:28,follower,2026-05
2026-05-09 09:00:03,follower,2026-05
2026-05-09 03:27:52,follower,2026-05
2026-05-09 01:39:36,follower,2026-05
2026-05-08 23:38:24,follower,2026-05
2026-05-08 23:15:04,follower,2026-05
2026-05-08 21:14:32,follower,2026-05
2026-05-08 20:47:20,follower,2026-05
2026-05-08 19:39:31,follower,2026-05
2026-05-08 17:23:42,follower,2026-05
2026-05-08 16:55:10,follower,2026-05
2026-05-08 15:41:58,follower,2026-05
2026-05-08 14:52:24,follower,2026-05
2026-05-08 14:35:09,follower,2026-05
2026-05-08 14:34:49,follower,2026-05
2026-05-08 13:58:26,follower,2026-05
2026-05-08 12:31:19,follower,2026-05
2026-05-08 11:52:05,follower,2026-05
2026-05-08 02:58:40,follower,2026-05
2026-05-08 00:47:56,follower,2026-05
2026-05-08 00:28:47,follower,2026-05
2026-05-07 23:07:12,follower,2026-05
2026-05-07 22:23:31,follower,2026-05
2026-05-07 21:46:50,follower,2026-05
2026-05-07 21:27:39,follower,2026-05
2026-05-07 20:03:13,follower,2026-05
2026-05-07 19:07:24,follower,2026-05
2026-05-07 17:41:52,follower,2026-05
2026-05-07 16:49:38,follower,2026-05
2026-05-07 16:48:21,follower,2026-05
2026-05-07 16:47:07,follower,2026-05
2026-05-07 15:58:07,follower,2026-05
2026-05-07 14:47:01,follower,2026-05
2026-05-07 13:17:40,follower,2026-05
2026-05-07 11:11:36,follower,2026-05
2026-05-07 10:44:06,follower,2026-05
2026-05-07 09:39:59,follower,2026-05
2026-05-07 09:13:05,follower,2026-05
2026-05-07 03:14:19,follower,2026-05
2026-05-07 01:56:42,follower,2026-05
2026-05-07 01:32:38,follower,2026-05
2026-05-07 01:20:57,follower,2026-05
2026-05-07 01:17:04,follower,2026-05
2026-05-07 01:07:40,follower,2026-05
2026-05-07 00:03:03,follower,2026-05
2026-05-06 23:55:58,follower,2026-05
2026-05-06 23:05:21,follower,2026-05
2026-05-06 23:04:21,follower,2026-05
2026-05-06 22:32:26,follower,2026-05
2026-05-06 22:08:17,follower,2026-05
2026-05-06 21:42:52,follower,2026-05
2026-05-06 20:45:56,follower,2026-05
2026-05-06 19:47:16,follower,2026-05
2026-05-06 19:28:36,follower,2026-05
2026-05-06 18:37:12,follower,2026-05
2026-05-06 17:38:07,follower,2026-05
2026-05-06 17:11:35,follower,2026-05
2026-05-06 16:49:22,follower,2026-05
2026-05-06 15:45:58,follower,2026-05
2026-05-06 14:21:19,follower,2026-05
2026-05-06 13:54:27,follower,2026-05
2026-05-06 13:31:19,follower,2026-05
2026-05-06 08:09:10,follower,2026-05
2026-05-06 07:41:26,follower,2026-05
2026-05-06 03:41:27,follower,2026-05
2026-05-06 01:43:00,follower,2026-05
2026-05-06 00:30:15,follower,2026-05
2026-05-05 23:25:17,follower,2026-05
2026-05-05 22:58:26,follower,2026-05
2026-05-05 22:13:37,follower,2026-05
2026-05-05 21:16:21,follower,2026-05
2026-05-05 20:27:13,follower,2026-05
2026-05-05 20:26:12,follower,2026-05
2026-05-05 20:12:34,follower,2026-05
2026-05-05 19:25:03,follower,2026-05
2026-05-05 18:33:03,follower,2026-05
2026-05-05 18:31:56,follower,2026-05
2026-05-05 17:31:58,follower,2026-05
2026-05-05 16:55:37,follower,2026-05
2026-05-05 16:50:08,follower,2026-05
2026-05-05 16:35:17,follower,2026-05
2026-05-05 16:23:14,follower,2026-05
2026-05-05 14:00:37,follower,2026-05
2026-05-05 13:28:12,follower,2026-05
2026-05-05 13:25:12,follower,2026-05
2026-05-05 12:49:21,follower,2026-05
2026-05-05 11:26:46,follower,2026-05
2026-05-05 11:14:01,follower,2026-05
2026-05-05 10:50:09,follower,2026-05
2026-05-05 10:48:40,follower,2026-05
2026-05-05 10:09:59,follower,2026-05
2026-05-05 09:18:13,follower,2026-05
2026-05-05 08:49:57,follower,2026-05
2026-05-05 06:53:05,follower,2026-05
2026-05-05 00:57:29,follower,2026-05
2026-05-05 00:11:30,follower,2026-05
2026-05-04 23:52:44,follower,2026-05
2026-05-04 23:06:01,follower,2026-05
2026-05-04 23:02:33,follower,2026-05
2026-05-04 22:05:42,follower,2026-05
2026-05-04 19:55:09,follower,2026-05
2026-05-04 19:36:48,follower,2026-05
2026-05-04 19:00:57,follower,2026-05
2026-05-04 18:00:31,follower,2026-05
2026-05-04 17:08:52,follower,2026-05
2026-05-04 13:05:51,follower,2026-05
2026-05-04 06:55:04,follower,2026-05
2026-05-04 05:19:13,follower,2026-05
2026-05-03 23:41:17,follower,2026-05
2026-05-03 22:47:13,follower,2026-05
2026-05-03 22:18:36,follower,2026-05
2026-05-03 22:14:32,follower,2026-05
2026-05-03 21:49:09,follower,2026-05
2026-05-03 21:41:35,follower,2026-05
2026-05-03 21:30:57,follower,2026-05
2026-05-03 21:21:51,follower,2026-05
2026-05-03 20:58:12,follower,2026-05
2026-05-03 20:36:48,follower,2026-05
2026-05-03 19:33:31,follower,2026-05
2026-05-03 19:30:59,follower,2026-05
2026-05-03 18:27:03,follower,2026-05
2026-05-03 18:18:55,follower,2026-05
2026-05-03 18:15:38,follower,2026-05
2026-05-03 17:54:50,follower,2026-05
2026-05-03 16:46:41,follower,2026-05
2026-05-03 16:44:46,follower,2026-05
2026-05-03 15:26:25,follower,2026-05
2026-05-03 14:46:52,follower,2026-05
2026-05-03 13:39:16,follower,2026-05
2026-05-03 13:29:43,follower,2026-05
2026-05-03 12:12:46,follower,2026-05
2026-05-03 11:37:37,follower,2026-05
2026-05-03 11:27:06,follower,2026-05
2026-05-03 11:22:44,follower,2026-05
2026-05-03 10:40:33,follower,2026-05
2026-05-03 09:54:23,follower,2026-05
2026-05-03 09:44:58,follower,2026-05
2026-05-03 07:52:03,follower,2026-05
2026-05-03 06:18:12,follower,2026-05
2026-05-03 05:34:50,follower,2026-05
2026-05-03 04:15:15,follower,2026-05
2026-05-03 00:12:05,follower,2026-05
2026-05-03 00:10:57,follower,2026-05
2026-05-02 23:28:32,follower,2026-05
2026-05-02 21:50:00,follower,2026-05
2026-05-02 21:19:13,follower,2026-05
2026-05-02 21:00:10,follower,2026-05
2026-05-02 20:54:18,follower,2026-05
2026-05-02 20:38:46,follower,2026-05
2026-05-02 18:31:00,follower,2026-05
2026-05-02 16:52:03,follower,2026-05
2026-05-02 16:28:41,follower,2026-05
2026-05-02 16:10:06,follower,2026-05
2026-05-02 15:53:34,follower,2026-05
2026-05-02 15:41:24,follower,2026-05
2026-05-02 15:33:52,follower,2026-05
2026-05-02 15:31:24,follower,2026-05
2026-05-02 15:21:44,follower,2026-05
2026-05-02 15:19:04,follower,2026-05
2026-05-02 15:15:23,follower,2026-05
2026-05-02 15:12:52,follower,2026-05
2026-05-02 15:10:22,follower,2026-05
2026-05-02 15:00:13,follower,2026-05
2026-05-02 14:44:30,follower,2026-05
2026-05-02 14:09:07,follower,2026-05
2026-05-02 13:50:08,follower,2026-05
2026-05-02 13:47:24,follower,2026-05
2026-05-02 13:24:16,follower,2026-05
2026-05-02 13:05:36,follower,2026-05
2026-05-02 12:46:56,follower,2026-05
2026-05-02 12:13:55,follower,2026-05
2026-05-02 11:47:07,follower,2026-05
2026-05-02 11:30:12,follower,2026-05
2026-05-02 11:06:45,follower,2026-05
2026-05-02 11:03:10,follower,2026-05
2026-05-02 10:26:41,follower,2026-05
2026-05-02 10:14:20,follower,2026-05
2026-05-02 10:08:03,follower,2026-05
2026-05-02 10:07:32,follower,2026-05
2026-05-02 10:06:56,follower,2026-05
2026-05-02 09:23:52,follower,2026-05
2026-05-02 09:22:18,follower,2026-05
2026-05-02 09:04:42,follower,2026-05
2026-05-02 08:58:22,follower,2026-05
2026-05-02 08:21:02,follower,2026-05
2026-05-02 07:58:21,follower,2026-05
2026-05-02 07:44:46,follower,2026-05
2026-05-02 06:46:42,follower,2026-05
2026-05-02 05:54:36,follower,2026-05
2026-05-02 04:54:54,follower,2026-05
2026-05-02 04:45:11,follower,2026-05
2026-05-02 04:09:02,follower,2026-05
2026-05-02 03:57:28,follower,2026-05
2026-05-02 03:35:25,follower,2026-05
2026-05-02 03:34:37,follower,2026-05
2026-05-02 03:02:57,follower,2026-05
2026-05-02 02:51:39,follower,2026-05
2026-05-02 02:03:22,follower,2026-05
2026-05-02 01:46:12,follower,2026-05
2026-05-02 01:40:20,follower,2026-05
2026-05-02 01:20:56,follower,2026-05
2026-05-02 01:00:21,follower,2026-05
2026-05-02 00:58:30,follower,2026-05
2026-05-02 00:36:00,follower,2026-05
2026-05-02 00:35:27,follower,2026-05
2026-05-02 00:09:14,follower,2026-05
2026-05-01 23:15:39,follower,2026-05
2026-05-01 22:44:38,follower,2026-05
2026-05-01 22:40:24,follower,2026-05
2026-05-01 22:22:09,follower,2026-05
2026-05-01 22:14:23,follower,2026-05
2026-05-01 22:09:56,follower,2026-05
2026-05-01 21:59:29,follower,2026-05
2026-05-01 21:46:40,follower,2026-05
2026-05-01 21:18:20,follower,2026-05
2026-05-01 21:13:12,follower,2026-05
2026-05-01 21:10:42,follower,2026-05
2026-05-01 21:10:12,follower,2026-05
2026-05-01 21:06:37,follower,2026-05
2026-05-01 21:02:38,follower,2026-05
2026-05-01 21:01:23,follower,2026-05
2026-05-01 20:59:28,follower,2026-05
2026-05-01 20:41:09,follower,2026-05
2026-05-01 20:40:55,follower,2026-05
2026-05-01 20:36:35,follower,2026-05
2026-05-01 20:32:59,follower,2026-05
2026-05-01 20:28:29,follower,2026-05
2026-05-01 20:18:56,follower,2026-05
2026-05-01 20:16:38,follower,2026-05
2026-05-01 20:09:19,follower,2026-05
2026-05-01 19:58:37,follower,2026-05
2026-05-01 19:55:32,follower,2026-05
2026-05-01 19:30:25,follower,2026-05
2026-05-01 19:21:18,follower,2026-05
2026-05-01 19:13:13,follower,2026-05
2026-05-01 18:52:25,follower,2026-05
2026-05-01 18:44:38,follower,2026-05
2026-05-01 18:19:04,follower,2026-05
2026-05-01 17:58:57,follower,2026-05
2026-05-01 17:17:22,follower,2026-05
2026-05-01 16:44:20,follower,2026-05
2026-05-01 16:43:21,follower,2026-05
2026-05-01 16:41:51,follower,2026-05
2026-05-01 16:29:35,follower,2026-05
2026-05-01 16:17:03,follower,2026-05
2026-05-01 15:59:09,follower,2026-05
2026-05-01 15:47:07,follower,2026-05
2026-05-01 15:37:05,follower,2026-05
2026-05-01 15:26:12,follower,2026-05
2026-05-01 14:48:21,follower,2026-05
2026-05-01 13:56:05,follower,2026-05
2026-05-01 13:42:23,follower,2026-05
2026-05-01 13:35:31,follower,2026-05
2026-05-01 13:11:17,follower,2026-05
2026-05-01 12:39:11,follower,2026-05
2026-05-01 00:34:51,follower,2026-05
2026-04-30 23:20:39,follower,2026-04
2026-04-30 21:03:40,follower,2026-04
2026-04-30 21:00:06,follower,2026-04
2026-04-30 20:36:28,follower,2026-04
2026-04-30 20:09:17,follower,2026-04
2026-04-30 19:33:59,follower,2026-04
2026-04-30 17:09:38,follower,2026-04
2026-04-30 16:48:22,follower,2026-04
2026-04-30 16:20:35,follower,2026-04
2026-04-30 15:56:00,follower,2026-04
2026-04-30 14:53:17,follower,2026-04
2026-04-30 14:47:40,follower,2026-04
2026-04-30 13:36:07,follower,2026-04
2026-04-30 11:16:14,follower,2026-04
2026-04-30 06:45:53,follower,2026-04
2026-04-30 04:21:44,follower,2026-04
2026-04-29 22:33:27,follower,2026-04
2026-04-29 22:22:00,follower,2026-04
2026-04-29 22:10:53,follower,2026-04
2026-04-29 21:34:55,follower,2026-04
2026-04-29 20:50:29,follower,2026-04
2026-04-29 20:23:47,follower,2026-04
2026-04-29 19:38:33,follower,2026-04
2026-04-29 18:17:06,follower,2026-04
2026-04-29 17:29:55,follower,2026-04
2026-04-29 17:17:29,follower,2026-04
2026-04-29 16:58:34,follower,2026-04
2026-04-29 15:58:51,follower,2026-04
2026-04-29 15:10:36,follower,2026-04
2026-04-29 15:01:51,follower,2026-04
2026-04-29 14:37:07,follower,2026-04
2026-04-29 05:50:05,follower,2026-04
2026-04-29 05:44:25,follower,2026-04
2026-04-29 01:36:07,follower,2026-04
2026-04-28 23:45:22,follower,2026-04
2026-04-28 23:22:31,follower,2026-04
2026-04-28 22:22:41,follower,2026-04
2026-04-28 21:59:52,follower,2026-04
2026-04-28 21:53:33,follower,2026-04
2026-04-28 21:25:51,follower,2026-04
2026-04-28 20:58:49,follower,2026-04
2026-04-28 20:06:23,follower,2026-04
2026-04-28 18:24:33,follower,2026-04
2026-04-28 18:16:33,follower,2026-04
2026-04-28 17:22:20,follower,2026-04
2026-04-28 14:55:37,follower,2026-04
2026-04-28 12:20:05,follower,2026-04
2026-04-28 11:14:50,follower,2026-04
2026-04-28 06:02:09,follower,2026-04
2026-04-28 00:19:46,follower,2026-04
2026-04-27 23:49:07,follower,2026-04
2026-04-27 23:23:52,follower,2026-04
2026-04-27 22:51:58,follower,2026-04
2026-04-27 22:51:51,follower,2026-04
2026-04-27 22:41:44,follower,2026-04
2026-04-27 22:05:54,follower,2026-04
2026-04-27 21:36:53,follower,2026-04
2026-04-27 21:21:44,follower,2026-04
2026-04-27 21:18:58,follower,2026-04
2026-04-27 21:06:14,follower,2026-04
2026-04-27 20:10:30,follower,2026-04
2026-04-27 19:28:47,follower,2026-04
2026-04-27 19:09:17,follower,2026-04
2026-04-27 18:57:11,follower,2026-04
2026-04-27 18:38:52,follower,2026-04
2026-04-27 18:18:54,follower,2026-04
2026-04-27 18:17:37,follower,2026-04
2026-04-27 17:29:27,follower,2026-04
2026-04-27 16:23:55,follower,2026-04
2026-04-27 15:23:28,follower,2026-04
2026-04-27 15:07:56,follower,2026-04
2026-04-27 14:11:30,follower,2026-04
2026-04-27 13:24:17,follower,2026-04
2026-04-27 12:59:34,follower,2026-04
2026-04-27 12:32:21,follower,2026-04
2026-04-27 10:53:19,follower,2026-04
2026-04-27 10:12:33,follower,2026-04
2026-04-27 09:08:55,follower,2026-04
2026-04-27 07:53:12,follower,2026-04
2026-04-27 03:13:57,follower,2026-04
2026-04-27 01:00:55,follower,2026-04
2026-04-27 00:11:44,follower,2026-04
2026-04-26 22:51:01,follower,2026-04
2026-04-26 22:41:31,follower,2026-04
2026-04-26 21:58:17,follower,2026-04
2026-04-26 21:20:33,follower,2026-04
2026-04-26 21:14:11,follower,2026-04
2026-04-26 21:08:54,follower,2026-04
2026-04-26 20:51:39,follower,2026-04
2026-04-26 20:30:44,follower,2026-04
2026-04-26 20:17:07,follower,2026-04
2026-04-26 20:07:15,follower,2026-04
2026-04-26 18:44:24,follower,2026-04
2026-04-26 17:53:03,follower,2026-04
2026-04-26 17:37:00,follower,2026-04
2026-04-26 17:17:46,follower,2026-04
2026-04-26 14:33:34,follower,2026-04
2026-04-26 13:19:11,follower,2026-04
2026-04-26 12:28:06,follower,2026-04
2026-04-26 09:36:35,follower,2026-04
2026-04-26 09:22:59,follower,2026-04
2026-04-26 04:05:50,follower,2026-04
2026-04-26 01:56:14,follower,2026-04
2026-04-26 00:16:33,follower,2026-04
2026-04-25 22:33:38,follower,2026-04
2026-04-25 20:41:24,follower,2026-04
2026-04-25 18:56:20,follower,2026-04
2026-04-25 16:16:38,follower,2026-04
2026-04-25 15:08:23,follower,2026-04
2026-04-25 15:07:15,follower,2026-04
2026-04-25 14:04:16,follower,2026-04
2026-04-25 13:50:29,follower,2026-04
2026-04-25 13:04:34,follower,2026-04
2026-04-25 10:47:13,follower,2026-04
2026-04-25 04:56:09,follower,2026-04
2026-04-25 02:44:12,follower,2026-04
2026-04-25 01:26:39,follower,2026-04
2026-04-25 00:53:00,follower,2026-04
2026-04-24 22:35:39,follower,2026-04
2026-04-24 22:14:21,follower,2026-04
2026-04-24 20:58:30,follower,2026-04
2026-04-24 19:50:22,follower,2026-04
2026-04-24 19:12:45,follower,2026-04
2026-04-24 19:07:33,follower,2026-04
2026-04-24 17:31:11,follower,2026-04
2026-04-24 17:29:15,follower,2026-04
2026-04-24 17:01:02,follower,2026-04
2026-04-24 16:44:36,follower,2026-04
2026-04-24 15:29:57,follower,2026-04
2026-04-24 14:58:38,follower,2026-04
2026-04-24 14:44:12,follower,2026-04
2026-04-24 12:00:12,follower,2026-04
2026-04-24 11:52:28,follower,2026-04
2026-04-24 08:49:13,follower,2026-04
2026-04-24 07:36:18,follower,2026-04
2026-04-24 01:47:09,follower,2026-04
2026-04-24 00:36:34,follower,2026-04
2026-04-23 23:28:13,follower,2026-04
2026-04-23 23:23:42,follower,2026-04
2026-04-23 22:31:33,follower,2026-04
2026-04-23 22:30:32,follower,2026-04
2026-04-23 22:30:07,follower,2026-04
2026-04-23 22:00:02,follower,2026-04
2026-04-23 21:39:42,follower,2026-04
2026-04-23 19:53:43,follower,2026-04
2026-04-23 19:43:55,follower,2026-04
2026-04-23 18:21:34,follower,2026-04
2026-04-23 17:47:15,follower,2026-04
2026-04-23 17:21:16,follower,2026-04
2026-04-23 15:31:31,follower,2026-04
2026-04-23 14:12:35,follower,2026-04
2026-04-23 13:51:00,follower,2026-04
2026-04-23 13:43:43,follower,2026-04
2026-04-23 13:32:08,follower,2026-04
2026-04-23 11:00:53,follower,2026-04
2026-04-23 10:16:53,follower,2026-04
2026-04-23 06:15:05,follower,2026-04
2026-04-23 01:30:01,follower,2026-04
2026-04-23 00:12:22,follower,2026-04
2026-04-22 23:20:38,follower,2026-04
2026-04-22 23:03:21,follower,2026-04
2026-04-22 22:28:37,follower,2026-04
2026-04-22 22:12:52,follower,2026-04
2026-04-22 18:14:44,follower,2026-04
2026-04-22 15:33:01,follower,2026-04
2026-04-22 14:44:27,follower,2026-04
2026-04-22 13:06:32,follower,2026-04
2026-04-22 11:02:37,follower,2026-04
2026-04-22 10:33:11,follower,2026-04
2026-04-22 05:55:57,follower,2026-04
2026-04-22 02:26:19,follower,2026-04
2026-04-22 01:32:16,follower,2026-04
2026-04-22 01:27:49,follower,2026-04
2026-04-22 01:25:38,follower,2026-04
2026-04-22 00:43:19,follower,2026-04
2026-04-21 23:04:58,follower,2026-04
2026-04-21 22:49:54,follower,2026-04
2026-04-21 22:37:26,follower,2026-04
2026-04-21 19:37:03,follower,2026-04
2026-04-21 18:14:06,follower,2026-04
2026-04-21 16:46:34,follower,2026-04
2026-04-21 15:38:16,follower,2026-04
2026-04-21 15:25:40,follower,2026-04
2026-04-21 14:48:28,follower,2026-04
2026-04-21 14:48:18,follower,2026-04
2026-04-21 11:17:26,follower,2026-04
2026-04-21 10:25:12,follower,2026-04
2026-04-21 02:59:58,follower,2026-04
2026-04-21 02:05:20,follower,2026-04
2026-04-21 01:43:37,follower,2026-04
2026-04-21 01:01:16,follower,2026-04
2026-04-21 00:11:58,follower,2026-04
2026-04-20 22:39:12,follower,2026-04
2026-04-20 22:37:15,follower,2026-04
2026-04-20 21:46:02,follower,2026-04
2026-04-20 20:10:33,follower,2026-04
2026-04-20 16:53:54,follower,2026-04
2026-04-20 14:25:14,follower,2026-04
2026-04-20 13:45:50,follower,2026-04
2026-04-20 13:27:43,follower,2026-04
2026-04-20 10:58:51,follower,2026-04
2026-04-20 07:35:36,follower,2026-04
2026-04-20 07:31:54,follower,2026-04
2026-04-20 06:30:40,follower,2026-04
2026-04-20 06:27:29,follower,2026-04
2026-04-19 23:52:53,follower,2026-04
2026-04-19 20:47:25,follower,2026-04
2026-04-19 20:20:54,follower,2026-04
2026-04-19 20:03:27,follower,2026-04
2026-04-19 19:02:46,follower,2026-04
2026-04-19 18:49:31,follower,2026-04
2026-04-19 18:36:29,follower,2026-04
2026-04-19 18:11:48,follower,2026-04
2026-04-19 15:33:31,follower,2026-04
2026-04-19 13:28:23,follower,2026-04
2026-04-19 13:25:54,follower,2026-04
2026-04-19 10:08:31,follower,2026-04
2026-04-19 07:48:46,follower,2026-04
2026-04-19 03:32:01,follower,2026-04
2026-04-19 01:11:15,follower,2026-04
2026-04-19 01:07:32,follower,2026-04
2026-04-19 00:48:38,follower,2026-04
2026-04-18 14:48:46,follower,2026-04
2026-04-18 13:39:12,follower,2026-04
2026-04-18 13:07:13,follower,2026-04
2026-04-18 09:57:47,follower,2026-04
2026-04-18 08:10:50,follower,2026-04
2026-04-18 05:40:09,follower,2026-04
2026-04-18 02:15:59,follower,2026-04
2026-04-18 01:53:23,follower,2026-04
2026-04-18 00:52:53,follower,2026-04
2026-04-18 00:38:07,follower,2026-04
2026-04-17 22:12:49,follower,2026-04
2026-04-17 20:41:00,follower,2026-04
2026-04-17 20:22:51,follower,2026-04
2026-04-17 18:29:16,follower,2026-04
2026-04-17 17:21:32,follower,2026-04
2026-04-17 16:13:14,follower,2026-04
2026-04-17 16:09:27,follower,2026-04
2026-04-17 15:50:05,follower,2026-04
2026-04-17 15:46:23,follower,2026-04
2026-04-17 15:21:13,follower,2026-04
2026-04-17 14:56:11,follower,2026-04
2026-04-17 14:51:09,follower,2026-04
2026-04-17 14:25:33,follower,2026-04
2026-04-17 13:29:46,follower,2026-04
2026-04-17 11:31:58,follower,2026-04
2026-04-17 11:05:52,follower,2026-04
2026-04-17 11:02:25,follower,2026-04
2026-04-17 10:42:13,follower,2026-04
2026-04-17 10:02:25,follower,2026-04
2026-04-17 06:21:05,follower,2026-04
2026-04-17 04:19:47,follower,2026-04
2026-04-17 00:33:22,follower,2026-04
2026-04-16 23:22:40,follower,2026-04
2026-04-16 20:33:20,follower,2026-04
2026-04-16 18:08:41,follower,2026-04
2026-04-16 17:34:57,follower,2026-04
2026-04-16 16:47:28,follower,2026-04
2026-04-16 16:16:36,follower,2026-04
2026-04-16 15:32:52,follower,2026-04
2026-04-16 14:54:33,follower,2026-04
2026-04-16 14:39:47,follower,2026-04
2026-04-16 12:55:54,follower,2026-04
2026-04-16 11:55:04,follower,2026-04
2026-04-16 11:48:24,follower,2026-04
2026-04-16 02:26:28,follower,2026-04
2026-04-16 01:38:00,follower,2026-04
2026-04-16 01:00:35,follower,2026-04
2026-04-16 00:25:12,follower,2026-04
2026-04-16 00:06:45,follower,2026-04
2026-04-15 23:24:12,follower,2026-04
2026-04-15 23:15:47,follower,2026-04
2026-04-15 21:18:17,follower,2026-04
2026-04-15 20:06:47,follower,2026-04
2026-04-15 20:01:06,follower,2026-04
2026-04-15 18:34:58,follower,2026-04
2026-04-15 17:34:47,follower,2026-04
2026-04-15 16:28:55,follower,2026-04
2026-04-15 15:09:38,follower,2026-04
2026-04-15 14:57:31,follower,2026-04
2026-04-15 14:51:27,follower,2026-04
2026-04-15 13:32:34,follower,2026-04
2026-04-15 13:20:35,follower,2026-04
2026-04-15 11:37:08,follower,2026-04
2026-04-15 10:20:23,follower,2026-04
2026-04-15 08:01:52,follower,2026-04
2026-04-15 02:57:12,follower,2026-04
2026-04-15 00:45:36,follower,2026-04
2026-04-15 00:33:36,follower,2026-04
2026-04-14 23:40:12,follower,2026-04
2026-04-14 22:58:51,follower,2026-04
2026-04-14 21:51:04,follower,2026-04
2026-04-14 21:42:50,follower,2026-04
2026-04-14 21:40:03,follower,2026-04
2026-04-14 21:37:44,follower,2026-04
2026-04-14 21:12:15,follower,2026-04
2026-04-14 20:40:50,follower,2026-04
2026-04-14 20:37:15,follower,2026-04
2026-04-14 20:11:57,follower,2026-04
2026-04-14 20:09:38,follower,2026-04
2026-04-14 19:51:23,follower,2026-04
2026-04-14 17:59:58,follower,2026-04
2026-04-14 17:30:39,follower,2026-04
2026-04-14 17:08:31,follower,2026-04
2026-04-14 17:03:26,follower,2026-04
2026-04-14 17:03:18,follower,2026-04
2026-04-14 17:01:40,follower,2026-04
2026-04-14 16:33:04,follower,2026-04
2026-04-14 15:29:52,follower,2026-04
2026-04-14 15:20:52,follower,2026-04
2026-04-14 14:39:43,follower,2026-04
2026-04-14 14:31:30,follower,2026-04
2026-04-14 13:45:25,follower,2026-04
2026-04-14 13:14:14,follower,2026-04
2026-04-14 13:12:33,follower,2026-04
2026-04-14 11:20:28,follower,2026-04
2026-04-14 11:18:49,follower,2026-04
2026-04-14 10:30:37,follower,2026-04
2026-04-14 09:32:19,follower,2026-04
2026-04-14 07:56:01,follower,2026-04
2026-04-14 05:57:50,follower,2026-04
2026-04-14 02:55:42,follower,2026-04
2026-04-14 01:40:09,follower,2026-04
2026-04-14 00:42:05,follower,2026-04
2026-04-14 00:36:10,follower,2026-04
2026-04-14 00:26:16,follower,2026-04
2026-04-13 23:46:10,follower,2026-04
2026-04-13 23:32:19,follower,2026-04
2026-04-13 22:48:23,follower,2026-04
2026-04-13 22:17:18,follower,2026-04
2026-04-13 22:12:41,follower,2026-04
2026-04-13 21:59:12,follower,2026-04
2026-04-13 21:59:11,follower,2026-04
2026-04-13 21:39:39,follower,2026-04
2026-04-13 21:21:12,follower,2026-04
2026-04-13 19:54:09,follower,2026-04
2026-04-13 19:34:58,follower,2026-04
2026-04-13 18:42:06,follower,2026-04
2026-04-13 18:28:02,follower,2026-04
2026-04-13 18:00:35,follower,2026-04
2026-04-13 17:53:00,follower,2026-04
2026-04-13 17:47:37,follower,2026-04
2026-04-13 17:31:18,follower,2026-04
2026-04-13 16:57:25,follower,2026-04
2026-04-13 16:38:15,follower,2026-04
2026-04-13 16:31:13,follower,2026-04
2026-04-13 16:26:59,follower,2026-04
2026-04-13 16:09:07,follower,2026-04
2026-04-13 15:44:48,follower,2026-04
2026-04-13 15:13:48,follower,2026-04
2026-04-13 14:46:44,follower,2026-04
2026-04-13 14:05:01,follower,2026-04
2026-04-13 13:17:51,follower,2026-04
2026-04-13 12:47:45,follower,2026-04
2026-04-13 12:33:10,follower,2026-04
2026-04-13 09:07:45,follower,2026-04
2026-04-13 08:27:41,follower,2026-04
2026-04-13 07:16:11,follower,2026-04
2026-04-13 06:31:56,follower,2026-04
2026-04-13 04:19:22,follower,2026-04
2026-04-13 00:51:26,follower,2026-04
2026-04-13 00:40:48,follower,2026-04
2026-04-12 22:53:17,follower,2026-04
2026-04-12 22:40:46,follower,2026-04
2026-04-12 22:22:22,follower,2026-04
2026-04-12 19:48:44,follower,2026-04
2026-04-12 18:32:51,follower,2026-04
2026-04-12 17:52:42,follower,2026-04
2026-04-12 15:47:02,follower,2026-04
2026-04-12 15:05:45,follower,2026-04
2026-04-12 15:05:13,follower,2026-04
2026-04-12 14:40:29,follower,2026-04
2026-04-12 14:20:59,follower,2026-04
2026-04-12 13:49:33,follower,2026-04
2026-04-12 13:34:41,follower,2026-04
2026-04-12 13:32:02,follower,2026-04
2026-04-12 13:04:33,follower,2026-04
2026-04-12 12:34:08,follower,2026-04
2026-04-12 12:03:34,follower,2026-04
2026-04-12 11:47:51,follower,2026-04
2026-04-12 11:14:06,follower,2026-04
2026-04-12 10:37:59,follower,2026-04
2026-04-12 10:34:34,follower,2026-04
2026-04-12 10:05:38,follower,2026-04
2026-04-12 08:18:20,follower,2026-04
2026-04-12 06:22:13,follower,2026-04
2026-04-12 02:39:37,follower,2026-04
2026-04-12 02:36:28,follower,2026-04
2026-04-12 01:10:42,follower,2026-04
2026-04-11 22:49:56,follower,2026-04
2026-04-11 21:47:49,follower,2026-04
2026-04-11 21:16:10,follower,2026-04
2026-04-11 19:17:53,follower,2026-04
2026-04-11 16:40:39,follower,2026-04
2026-04-11 16:33:28,follower,2026-04
2026-04-11 16:13:48,follower,2026-04
2026-04-11 16:13:35,follower,2026-04
2026-04-11 16:11:43,follower,2026-04
2026-04-11 16:10:55,follower,2026-04
2026-04-11 16:00:45,follower,2026-04
2026-04-11 15:53:44,follower,2026-04
2026-04-11 15:52:31,follower,2026-04
2026-04-11 15:48:40,follower,2026-04
2026-04-11 15:36:46,follower,2026-04
2026-04-11 15:34:32,follower,2026-04
2026-04-11 15:23:25,follower,2026-04
2026-04-11 15:06:30,follower,2026-04
2026-04-11 15:01:22,follower,2026-04
2026-04-11 13:42:20,follower,2026-04
2026-04-11 13:41:43,follower,2026-04
2026-04-11 13:30:57,follower,2026-04
2026-04-11 13:25:10,follower,2026-04
2026-04-11 13:22:27,follower,2026-04
2026-04-11 13:18:15,follower,2026-04
2026-04-11 13:13:56,follower,2026-04
2026-04-11 12:59:05,follower,2026-04
2026-04-11 12:58:15,follower,2026-04
2026-04-11 12:35:30,follower,2026-04
2026-04-11 11:57:22,follower,2026-04
2026-04-11 11:43:03,follower,2026-04
2026-04-11 11:41:04,follower,2026-04
2026-04-11 11:33:08,follower,2026-04
2026-04-11 11:26:14,follower,2026-04
2026-04-11 11:13:50,follower,2026-04
2026-04-11 10:59:41,follower,2026-04
2026-04-11 10:45:31,follower,2026-04
2026-04-11 10:17:15,follower,2026-04
2026-04-11 10:04:46,follower,2026-04
2026-04-11 10:00:06,follower,2026-04
2026-04-11 09:49:59,follower,2026-04
2026-04-11 09:37:13,follower,2026-04
2026-04-11 09:37:10,follower,2026-04
2026-04-11 09:25:01,follower,2026-04
2026-04-11 08:50:07,follower,2026-04
2026-04-11 08:47:06,follower,2026-04
2026-04-11 08:24:43,follower,2026-04
2026-04-11 08:06:17,follower,2026-04
2026-04-11 07:41:53,follower,2026-04
2026-04-11 05:04:53,follower,2026-04
2026-04-11 03:32:49,follower,2026-04
2026-04-11 03:25:19,follower,2026-04
2026-04-11 02:36:43,follower,2026-04
2026-04-11 02:30:11,follower,2026-04
2026-04-11 02:15:18,follower,2026-04
2026-04-11 02:02:33,follower,2026-04
2026-04-11 01:51:17,follower,2026-04
2026-04-11 01:49:20,follower,2026-04
2026-04-11 01:28:26,follower,2026-04
2026-04-11 01:13:54,follower,2026-04
2026-04-11 01:02:55,follower,2026-04
2026-04-11 00:52:15,follower,2026-04
2026-04-11 00:11:44,follower,2026-04
2026-04-11 00:09:52,follower,2026-04
2026-04-11 00:00:56,follower,2026-04
2026-04-10 23:53:50,follower,2026-04
2026-04-10 23:45:18,follower,2026-04
2026-04-10 23:17:25,follower,2026-04
2026-04-10 22:59:48,follower,2026-04
2026-04-10 22:37:12,follower,2026-04
2026-04-10 22:34:56,follower,2026-04
2026-04-10 22:06:24,follower,2026-04
2026-04-10 21:59:54,follower,2026-04
2026-04-10 21:59:22,follower,2026-04
2026-04-10 21:25:00,follower,2026-04
2026-04-10 21:10:02,follower,2026-04
2026-04-10 20:49:05,follower,2026-04
2026-04-10 20:29:45,follower,2026-04
2026-04-10 20:25:56,follower,2026-04
2026-04-10 20:05:24,follower,2026-04
2026-04-10 20:05:18,follower,2026-04
2026-04-10 19:27:51,follower,2026-04
2026-04-10 19:08:17,follower,2026-04
2026-04-10 18:43:33,follower,2026-04
2026-04-10 18:38:50,follower,2026-04
2026-04-10 18:04:27,follower,2026-04
2026-04-10 17:58:01,follower,2026-04
2026-04-10 17:15:21,follower,2026-04
2026-04-10 16:46:19,follower,2026-04
2026-04-10 16:34:10,follower,2026-04
2026-04-10 16:29:25,follower,2026-04
2026-04-10 16:02:55,follower,2026-04
2026-04-10 15:16:53,follower,2026-04
2026-04-10 14:26:58,follower,2026-04
2026-04-10 13:40:15,follower,2026-04
2026-04-10 13:39:52,follower,2026-04
2026-04-10 13:20:34,follower,2026-04
2026-04-10 13:18:52,follower,2026-04
2026-04-10 13:16:33,follower,2026-04
2026-04-10 13:15:47,follower,2026-04
2026-04-10 13:09:00,follower,2026-04
2026-04-10 13:01:39,follower,2026-04
2026-04-10 12:29:33,follower,2026-04
2026-04-10 12:20:20,follower,2026-04
2026-04-10 12:05:59,follower,2026-04
2026-04-10 11:49:02,follower,2026-04
2026-04-10 10:17:26,follower,2026-04
2026-04-10 02:22:01,follower,2026-04
2026-04-10 00:40:08,follower,2026-04
2026-04-09 23:14:27,follower,2026-04
2026-04-09 20:32:16,follower,2026-04
2026-04-09 20:15:36,follower,2026-04
2026-04-09 17:31:20,follower,2026-04
2026-04-09 16:43:11,follower,2026-04
2026-04-09 16:42:41,follower,2026-04
2026-04-09 16:09:06,follower,2026-04
2026-04-09 15:27:41,follower,2026-04
2026-04-09 15:12:11,follower,2026-04
2026-04-08 23:53:33,follower,2026-04
2026-04-08 23:21:58,follower,2026-04
2026-04-08 19:47:39,follower,2026-04
2026-04-08 01:29:31,follower,2026-04
2026-04-07 22:39:01,follower,2026-04
2026-04-07 21:41:24,follower,2026-04
2026-04-07 19:49:21,follower,2026-04
2026-04-07 19:09:01,follower,2026-04
2026-04-07 17:49:42,follower,2026-04
2026-04-07 16:10:46,follower,2026-04
2026-04-07 14:34:17,follower,2026-04
2026-04-07 14:07:58,follower,2026-04
2026-04-07 13:36:12,follower,2026-04
2026-04-07 12:16:32,follower,2026-04
2026-04-07 11:57:53,follower,2026-04
2026-04-07 07:05:20,follower,2026-04
2026-04-07 03:30:10,follower,2026-04
2026-04-07 02:33:05,follower,2026-04
2026-04-07 02:01:22,follower,2026-04
2026-04-07 00:51:33,follower,2026-04
2026-04-06 23:14:17,follower,2026-04
2026-04-06 22:28:42,follower,2026-04
2026-04-06 20:25:08,follower,2026-04
2026-04-06 18:22:16,follower,2026-04
2026-04-06 15:18:10,follower,2026-04
2026-04-06 15:05:24,follower,2026-04
2026-04-06 14:22:44,follower,2026-04
2026-04-06 12:44:57,follower,2026-04
2026-04-06 01:25:30,follower,2026-04
2026-04-05 21:25:58,follower,2026-04
2026-04-05 19:59:31,follower,2026-04
2026-04-05 18:02:03,follower,2026-04
2026-04-05 12:49:41,follower,2026-04
2026-04-05 10:37:32,follower,2026-04
2026-04-05 09:27:05,follower,2026-04
2026-04-05 08:53:25,follower,2026-04
2026-04-05 04:15:32,follower,2026-04
2026-04-05 03:32:21,follower,2026-04
2026-04-05 01:51:13,follower,2026-04
2026-04-05 00:50:35,follower,2026-04
2026-04-05 00:36:04,follower,2026-04
2026-04-05 00:15:11,follower,2026-04
2026-04-04 23:36:13,follower,2026-04
2026-04-04 23:06:56,follower,2026-04
2026-04-04 19:03:30,follower,2026-04
2026-04-04 18:04:04,follower,2026-04
2026-04-04 17:08:22,follower,2026-04
2026-04-04 15:38:58,follower,2026-04
2026-04-04 10:35:23,follower,2026-04
2026-04-03 23:06:29,follower,2026-04
2026-04-03 23:03:07,follower,2026-04
2026-04-03 20:55:23,follower,2026-04
2026-04-03 20:20:11,follower,2026-04
2026-04-03 19:47:24,follower,2026-04
2026-04-03 18:46:32,follower,2026-04
2026-04-03 17:52:56,follower,2026-04
2026-04-03 16:01:21,follower,2026-04
2026-04-03 15:12:51,follower,2026-04
2026-04-03 15:03:35,follower,2026-04
2026-04-03 14:04:13,follower,2026-04
2026-04-03 12:38:42,follower,2026-04
2026-04-03 12:09:58,follower,2026-04
2026-04-03 12:04:55,follower,2026-04
2026-04-03 11:33:35,follower,2026-04
2026-04-03 11:04:08,follower,2026-04
2026-04-03 01:22:50,follower,2026-04
2026-04-03 00:50:06,follower,2026-04
2026-04-03 00:06:17,follower,2026-04
2026-04-02 23:50:10,follower,2026-04
2026-04-02 23:45:05,follower,2026-04
2026-04-02 23:42:58,follower,2026-04
2026-04-02 22:39:19,follower,2026-04
2026-04-02 19:38:26,follower,2026-04
2026-04-02 17:58:09,follower,2026-04
2026-04-02 17:02:34,follower,2026-04
2026-04-02 16:50:55,follower,2026-04
2026-04-02 16:11:13,follower,2026-04
2026-04-02 15:36:53,follower,2026-04
2026-04-02 14:02:38,follower,2026-04
2026-04-02 12:09:58,follower,2026-04
2026-04-02 11:29:12,follower,2026-04
2026-04-02 10:14:54,follower,2026-04
2026-04-02 09:59:59,follower,2026-04
2026-04-02 09:44:57,follower,2026-04
2026-04-02 07:30:54,follower,2026-04
2026-04-02 06:15:00,follower,2026-04
2026-04-02 02:38:47,follower,2026-04
2026-04-02 02:11:54,follower,2026-04
2026-04-02 02:08:02,follower,2026-04
2026-04-02 00:54:27,follower,2026-04
2026-04-02 00:19:40,follower,2026-04
2026-04-01 23:46:17,follower,2026-04
2026-04-01 23:33:27,follower,2026-04
2026-04-01 23:14:31,follower,2026-04
2026-04-01 22:31:53,follower,2026-04
2026-04-01 21:19:41,follower,2026-04
2026-04-01 18:53:23,follower,2026-04
2026-04-01 18:35:03,follower,2026-04
2026-04-01 18:14:48,follower,2026-04
2026-04-01 15:25:05,follower,2026-04
2026-04-01 15:23:46,follower,2026-04
2026-04-01 15:09:41,follower,2026-04
2026-04-01 15:00:37,follower,2026-04
2026-04-01 12:43:14,follower,2026-04
2026-04-01 11:43:35,follower,2026-04
2026-04-01 07:15:08,follower,2026-04
2026-04-01 03:41:02,follower,2026-04
2026-04-01 03:08:54,follower,2026-04
2026-04-01 02:29:07,follower,2026-04
2026-04-01 01:18:17,follower,2026-04
2026-03-31 23:55:48,follower,2026-03
2026-03-31 23:44:34,follower,2026-03
2026-03-31 23:21:23,follower,2026-03
2026-03-31 22:49:19,follower,2026-03
2026-03-31 21:51:33,follower,2026-03
2026-03-31 21:30:04,follower,2026-03
2026-03-31 21:05:52,follower,2026-03
2026-03-31 20:50:37,follower,2026-03
2026-03-31 20:49:04,follower,2026-03
2026-03-31 20:13:30,follower,2026-03
2026-03-31 19:48:55,follower,2026-03
2026-03-31 19:23:11,follower,2026-03
2026-03-31 18:41:11,follower,2026-03
2026-03-31 18:37:09,follower,2026-03
2026-03-31 18:33:13,follower,2026-03
2026-03-31 18:24:52,follower,2026-03
2026-03-31 18:12:38,follower,2026-03
2026-03-31 17:35:26,follower,2026-03
2026-03-31 17:34:57,follower,2026-03
2026-03-31 16:24:34,follower,2026-03
2026-03-31 15:34:51,follower,2026-03
2026-03-31 14:49:41,follower,2026-03
2026-03-31 14:33:48,follower,2026-03
2026-03-31 13:45:18,follower,2026-03
2026-03-31 13:17:02,follower,2026-03
2026-03-31 12:07:38,follower,2026-03
2026-03-31 11:29:15,follower,2026-03
2026-03-31 11:02:27,follower,2026-03
2026-03-31 10:54:47,follower,2026-03
2026-03-31 10:52:40,follower,2026-03
2026-03-31 09:12:47,follower,2026-03
2026-03-31 08:52:14,follower,2026-03
2026-03-31 08:20:36,follower,2026-03
2026-03-31 07:08:27,follower,2026-03
2026-03-31 03:34:17,follower,2026-03
2026-03-31 03:00:51,follower,2026-03
2026-03-31 01:39:55,follower,2026-03
2026-03-31 00:13:57,follower,2026-03
2026-03-31 00:12:02,follower,2026-03
2026-03-30 23:47:40,follower,2026-03
2026-03-30 23:10:26,follower,2026-03
2026-03-30 22:56:10,follower,2026-03
2026-03-30 22:32:10,follower,2026-03
2026-03-30 21:15:39,follower,2026-03
2026-03-30 20:48:56,follower,2026-03
2026-03-30 19:57:38,follower,2026-03
2026-03-30 19:57:00,follower,2026-03
2026-03-30 19:51:42,follower,2026-03
2026-03-30 17:21:40,follower,2026-03
2026-03-30 16:52:45,follower,2026-03
2026-03-30 15:01:46,follower,2026-03
2026-03-30 14:41:49,follower,2026-03
2026-03-30 13:53:33,follower,2026-03
2026-03-30 13:40:43,follower,2026-03
2026-03-30 12:48:30,follower,2026-03
2026-03-30 12:02:20,follower,2026-03
2026-03-30 11:45:24,follower,2026-03
2026-03-30 11:09:33,follower,2026-03
2026-03-30 09:50:49,follower,2026-03
2026-03-30 02:20:14,follower,2026-03
2026-03-30 01:32:34,follower,2026-03
2026-03-29 23:40:17,follower,2026-03
2026-03-29 23:24:15,follower,2026-03
2026-03-29 22:58:56,follower,2026-03
2026-03-29 19:54:25,follower,2026-03
2026-03-29 18:03:02,follower,2026-03
2026-03-29 17:56:40,follower,2026-03
2026-03-29 17:42:10,follower,2026-03
2026-03-29 16:41:09,follower,2026-03
2026-03-29 15:57:50,follower,2026-03
2026-03-29 15:20:37,follower,2026-03
2026-03-29 15:03:54,follower,2026-03
2026-03-29 14:36:40,follower,2026-03
2026-03-29 14:15:03,follower,2026-03
2026-03-29 14:10:54,follower,2026-03
2026-03-29 13:24:38,follower,2026-03
2026-03-29 12:36:41,follower,2026-03
2026-03-29 09:51:44,follower,2026-03
2026-03-29 08:59:19,follower,2026-03
2026-03-29 08:43:39,follower,2026-03
2026-03-29 05:42:36,follower,2026-03
2026-03-29 03:58:52,follower,2026-03
2026-03-29 03:26:07,follower,2026-03
2026-03-29 00:52:24,follower,2026-03
2026-03-29 00:02:37,follower,2026-03
2026-03-28 22:14:07,follower,2026-03
2026-03-28 21:29:47,follower,2026-03
2026-03-28 21:28:02,follower,2026-03
2026-03-28 21:14:48,follower,2026-03
2026-03-28 20:41:49,follower,2026-03
2026-03-28 20:03:28,follower,2026-03
2026-03-28 17:45:15,follower,2026-03
2026-03-28 16:33:01,follower,2026-03
2026-03-28 16:05:37,follower,2026-03
2026-03-28 15:14:14,follower,2026-03
2026-03-28 14:03:55,follower,2026-03
2026-03-28 13:43:06,follower,2026-03
2026-03-28 12:19:09,follower,2026-03
2026-03-28 10:04:38,follower,2026-03
2026-03-28 08:32:13,follower,2026-03
2026-03-28 08:05:45,follower,2026-03
2026-03-28 07:31:04,follower,2026-03
2026-03-28 05:52:38,follower,2026-03
2026-03-28 03:40:44,follower,2026-03
2026-03-28 02:07:03,follower,2026-03
2026-03-28 01:25:09,follower,2026-03
2026-03-28 01:00:24,follower,2026-03
2026-03-28 00:18:32,follower,2026-03
2026-03-27 23:26:18,follower,2026-03
2026-03-27 23:04:17,follower,2026-03
2026-03-27 22:31:29,follower,2026-03
2026-03-27 22:11:16,follower,2026-03
2026-03-27 21:51:27,follower,2026-03
2026-03-27 21:07:35,follower,2026-03
2026-03-27 17:23:58,follower,2026-03
2026-03-27 17:17:44,follower,2026-03
2026-03-27 16:27:34,follower,2026-03
2026-03-27 15:15:19,follower,2026-03
2026-03-27 14:00:08,follower,2026-03
2026-03-27 13:13:35,follower,2026-03
2026-03-27 13:05:53,follower,2026-03
2026-03-27 12:47:24,follower,2026-03
2026-03-27 12:34:30,follower,2026-03
2026-03-27 10:13:31,follower,2026-03
2026-03-27 04:12:46,follower,2026-03
2026-03-27 04:06:08,follower,2026-03
2026-03-27 02:31:27,follower,2026-03
2026-03-27 01:43:14,follower,2026-03
2026-03-27 01:21:41,follower,2026-03
2026-03-27 01:15:14,follower,2026-03
2026-03-27 00:34:17,follower,2026-03
2026-03-26 23:42:32,follower,2026-03
2026-03-26 22:11:34,follower,2026-03
2026-03-26 21:37:18,follower,2026-03
2026-03-26 21:03:06,follower,2026-03
2026-03-26 20:37:29,follower,2026-03
2026-03-26 20:16:22,follower,2026-03
2026-03-26 20:00:45,follower,2026-03
2026-03-26 19:49:14,follower,2026-03
2026-03-26 19:19:54,follower,2026-03
2026-03-26 19:13:08,follower,2026-03
2026-03-26 17:38:46,follower,2026-03
2026-03-26 17:25:36,follower,2026-03
2026-03-26 17:05:51,follower,2026-03
2026-03-26 16:47:39,follower,2026-03
2026-03-26 16:17:43,follower,2026-03
2026-03-26 16:08:37,follower,2026-03
2026-03-26 15:54:39,follower,2026-03
2026-03-26 15:32:10,follower,2026-03
2026-03-26 15:00:25,follower,2026-03
2026-03-26 12:34:01,follower,2026-03
2026-03-26 12:23:26,follower,2026-03
2026-03-26 12:14:50,follower,2026-03
2026-03-26 09:15:25,follower,2026-03
2026-03-26 08:00:20,follower,2026-03
2026-03-26 02:19:55,follower,2026-03
2026-03-26 01:48:12,follower,2026-03
2026-03-26 00:14:31,follower,2026-03
2026-03-25 23:34:31,follower,2026-03
2026-03-25 23:20:19,follower,2026-03
2026-03-25 22:17:15,follower,2026-03
2026-03-25 21:34:33,follower,2026-03
2026-03-25 21:29:44,follower,2026-03
2026-03-25 21:01:09,follower,2026-03
2026-03-25 20:53:10,follower,2026-03
2026-03-25 20:35:30,follower,2026-03
2026-03-25 20:29:43,follower,2026-03
2026-03-25 20:28:06,follower,2026-03
2026-03-25 20:01:47,follower,2026-03
2026-03-25 19:34:30,follower,2026-03
2026-03-25 19:15:02,follower,2026-03
2026-03-25 18:50:07,follower,2026-03
2026-03-25 17:56:48,follower,2026-03
2026-03-25 17:14:38,follower,2026-03
2026-03-25 17:07:54,follower,2026-03
2026-03-25 17:06:17,follower,2026-03
2026-03-25 16:34:16,follower,2026-03
2026-03-25 16:28:35,follower,2026-03
2026-03-25 16:27:16,follower,2026-03
2026-03-25 16:25:13,follower,2026-03
2026-03-25 15:17:51,follower,2026-03
2026-03-25 14:05:32,follower,2026-03
2026-03-25 13:40:18,follower,2026-03
2026-03-25 13:14:59,follower,2026-03
2026-03-25 12:59:26,follower,2026-03
2026-03-25 12:50:26,follower,2026-03
2026-03-25 12:02:14,follower,2026-03
2026-03-25 11:30:13,follower,2026-03
2026-03-25 10:17:45,follower,2026-03
2026-03-25 09:50:56,follower,2026-03
2026-03-25 08:53:24,follower,2026-03
2026-03-25 08:41:37,follower,2026-03
2026-03-25 08:40:01,follower,2026-03
2026-03-25 07:46:24,follower,2026-03
2026-03-25 06:34:35,follower,2026-03
2026-03-25 05:46:58,follower,2026-03
2026-03-25 03:51:47,follower,2026-03
2026-03-25 03:16:12,follower,2026-03
2026-03-25 02:43:57,follower,2026-03
2026-03-25 02:13:03,follower,2026-03
2026-03-25 01:17:54,follower,2026-03
2026-03-25 01:14:24,follower,2026-03
2026-03-25 01:07:54,follower,2026-03
2026-03-25 00:26:34,follower,2026-03
2026-03-24 23:19:21,follower,2026-03
2026-03-24 23:10:35,follower,2026-03
2026-03-24 22:27:07,follower,2026-03
2026-03-24 22:20:59,follower,2026-03
2026-03-24 22:18:25,follower,2026-03
2026-03-24 21:15:14,follower,2026-03
2026-03-24 19:32:54,follower,2026-03
2026-03-24 19:30:16,follower,2026-03
2026-03-24 18:05:19,follower,2026-03
2026-03-24 17:58:17,follower,2026-03
2026-03-24 17:33:53,follower,2026-03
2026-03-24 16:39:11,follower,2026-03
2026-03-24 13:01:16,follower,2026-03
2026-03-24 11:44:00,follower,2026-03
2026-03-24 10:31:31,follower,2026-03
2026-03-24 05:59:02,follower,2026-03
2026-03-24 03:44:21,follower,2026-03
2026-03-24 02:11:48,follower,2026-03
2026-03-24 01:51:58,follower,2026-03
2026-03-24 01:45:01,follower,2026-03
2026-03-24 01:38:50,follower,2026-03
2026-03-24 01:30:05,follower,2026-03
2026-03-24 01:28:59,follower,2026-03
2026-03-24 01:28:04,follower,2026-03
2026-03-24 01:17:03,follower,2026-03
2026-03-24 01:15:39,follower,2026-03
2026-03-24 01:14:00,follower,2026-03
2026-03-24 01:09:14,follower,2026-03
2026-03-24 01:04:15,follower,2026-03
2026-03-24 00:59:18,follower,2026-03
2026-03-24 00:47:55,follower,2026-03
2026-03-24 00:45:34,follower,2026-03
2026-03-24 00:44:38,follower,2026-03
2026-03-24 00:35:08,follower,2026-03
2026-03-24 00:32:25,follower,2026-03
2026-03-24 00:32:04,follower,2026-03
2026-03-24 00:25:28,follower,2026-03
2026-03-24 00:23:31,follower,2026-03
2026-03-24 00:22:00,follower,2026-03
2026-03-24 00:14:17,follower,2026-03
2026-03-24 00:12:11,follower,2026-03
2026-03-24 00:09:37,follower,2026-03
2026-03-24 00:09:33,follower,2026-03
2026-03-24 00:03:53,follower,2026-03
2026-03-24 00:01:12,follower,2026-03
2026-03-23 23:58:58,follower,2026-03
2026-03-23 23:58:25,follower,2026-03
2026-03-23 23:54:53,follower,2026-03
2026-03-23 23:50:17,follower,2026-03
2026-03-23 23:49:22,follower,2026-03
2026-03-23 23:45:11,follower,2026-03
2026-03-23 23:42:05,follower,2026-03
2026-03-23 23:38:09,follower,2026-03
2026-03-23 23:38:06,follower,2026-03
2026-03-23 23:34:42,follower,2026-03
2026-03-23 23:17:02,follower,2026-03
2026-03-23 23:00:22,follower,2026-03
2026-03-23 22:50:58,follower,2026-03
2026-03-23 22:48:41,follower,2026-03
2026-03-23 22:47:07,follower,2026-03
2026-03-23 22:46:42,follower,2026-03
2026-03-23 22:42:48,follower,2026-03
2026-03-23 22:36:49,follower,2026-03
2026-03-23 22:24:08,follower,2026-03
2026-03-23 21:59:49,follower,2026-03
2026-03-23 21:55:42,follower,2026-03
2026-03-23 21:55:37,follower,2026-03
2026-03-23 21:53:25,follower,2026-03
2026-03-23 21:50:28,follower,2026-03
2026-03-23 21:47:59,follower,2026-03
2026-03-23 21:30:40,follower,2026-03
2026-03-23 21:24:08,follower,2026-03
2026-03-23 21:23:38,follower,2026-03
2026-03-23 21:17:05,follower,2026-03
2026-03-23 21:15:07,follower,2026-03
2026-03-23 21:07:27,follower,2026-03
2026-03-23 21:06:24,follower,2026-03
2026-03-23 21:00:59,follower,2026-03
2026-03-23 21:00:29,follower,2026-03
2026-03-23 20:53:40,follower,2026-03
2026-03-23 20:53:12,follower,2026-03
2026-03-23 20:49:19,follower,2026-03
2026-03-23 20:46:00,follower,2026-03
2026-03-23 20:38:41,follower,2026-03
2026-03-23 20:20:11,follower,2026-03
2026-03-23 20:13:16,follower,2026-03
2026-03-23 20:12:11,follower,2026-03
2026-03-23 20:09:30,follower,2026-03
2026-03-23 20:05:18,follower,2026-03
2026-03-23 19:42:14,follower,2026-03
2026-03-23 19:41:10,follower,2026-03
2026-03-23 19:13:07,follower,2026-03
2026-03-23 19:12:37,follower,2026-03
2026-03-23 18:47:07,follower,2026-03
2026-03-23 18:31:27,follower,2026-03
2026-03-23 18:25:56,follower,2026-03
2026-03-23 17:05:09,follower,2026-03
2026-03-23 16:24:21,follower,2026-03
2026-03-23 12:46:46,follower,2026-03
2026-03-22 20:55:35,follower,2026-03
2026-03-22 20:33:47,follower,2026-03
2026-03-22 20:08:32,follower,2026-03
2026-03-22 17:29:51,follower,2026-03
2026-03-22 17:09:34,follower,2026-03
2026-03-22 15:40:03,follower,2026-03
2026-03-22 15:30:47,follower,2026-03
2026-03-22 14:22:37,follower,2026-03
2026-03-22 13:12:01,follower,2026-03
2026-03-22 13:10:54,follower,2026-03
2026-03-22 12:35:35,follower,2026-03
2026-03-22 08:07:33,follower,2026-03
2026-03-22 04:00:07,follower,2026-03
2026-03-22 03:06:23,follower,2026-03
2026-03-22 01:43:34,follower,2026-03
2026-03-22 00:41:10,follower,2026-03
2026-03-22 00:19:42,follower,2026-03
2026-03-21 21:09:53,follower,2026-03
2026-03-21 19:49:43,follower,2026-03
2026-03-21 17:24:25,follower,2026-03
2026-03-21 17:02:32,follower,2026-03
2026-03-21 13:26:17,follower,2026-03
2026-03-21 04:57:54,follower,2026-03
2026-03-21 02:07:18,follower,2026-03
2026-03-20 09:47:55,follower,2026-03
2026-03-20 08:30:39,follower,2026-03
2026-03-20 06:20:09,follower,2026-03
2026-03-20 00:15:54,follower,2026-03
2026-03-19 22:10:38,follower,2026-03
2026-03-19 22:09:46,follower,2026-03
2026-03-19 21:30:09,follower,2026-03
2026-03-19 15:09:25,follower,2026-03
2026-03-19 00:53:53,follower,2026-03
2026-03-18 22:39:44,follower,2026-03
2026-03-18 20:45:40,follower,2026-03
2026-03-18 17:49:51,follower,2026-03
2026-03-18 17:14:42,follower,2026-03
2026-03-18 16:17:12,follower,2026-03
2026-03-18 16:05:16,follower,2026-03
2026-03-18 12:49:01,follower,2026-03
2026-03-18 11:33:26,follower,2026-03
2026-03-18 08:45:55,follower,2026-03
2026-03-18 03:34:40,follower,2026-03
2026-03-18 01:58:21,follower,2026-03
2026-03-18 01:57:21,follower,2026-03
2026-03-18 01:10:31,follower,2026-03
2026-03-18 01:09:59,follower,2026-03
2026-03-17 23:26:04,follower,2026-03
2026-03-17 22:06:17,follower,2026-03
2026-03-17 20:19:48,follower,2026-03
2026-03-17 16:22:18,follower,2026-03
2026-03-17 15:41:47,follower,2026-03
2026-03-17 03:54:42,follower,2026-03
2026-03-17 02:38:53,follower,2026-03
2026-03-17 00:12:20,follower,2026-03
2026-03-16 08:46:36,follower,2026-03
2026-03-16 00:39:42,follower,2026-03
2026-03-16 00:05:44,follower,2026-03
2026-03-15 22:46:19,follower,2026-03
2026-03-15 22:41:09,follower,2026-03
2026-03-15 19:02:49,follower,2026-03
2026-03-15 16:37:41,follower,2026-03
2026-03-15 09:31:38,follower,2026-03
2026-03-15 06:39:09,follower,2026-03
2026-03-15 03:49:40,follower,2026-03
2026-03-15 00:54:42,follower,2026-03
2026-03-15 00:51:39,follower,2026-03
2026-03-14 21:50:26,follower,2026-03
2026-03-14 21:48:18,follower,2026-03
2026-03-14 19:06:20,follower,2026-03
2026-03-14 15:49:52,follower,2026-03
2026-03-14 14:22:38,follower,2026-03
2026-03-14 08:49:28,follower,2026-03
2026-03-14 05:22:39,follower,2026-03
2026-03-14 00:25:42,follower,2026-03
2026-03-13 22:01:18,follower,2026-03
2026-03-13 19:00:35,follower,2026-03
2026-03-13 17:37:03,follower,2026-03
2026-03-13 17:10:29,follower,2026-03
2026-03-13 15:07:05,follower,2026-03
2026-03-13 11:41:53,follower,2026-03
2026-03-13 11:07:02,follower,2026-03
2026-03-13 10:41:46,follower,2026-03
2026-03-12 21:25:25,follower,2026-03
2026-03-12 20:03:20,follower,2026-03
2026-03-12 19:04:37,follower,2026-03
2026-03-12 14:21:35,follower,2026-03
2026-03-12 14:15:30,follower,2026-03
2026-03-12 14:15:10,follower,2026-03
2026-03-12 12:37:48,follower,2026-03
2026-03-12 12:16:28,follower,2026-03
2026-03-11 12:03:07,follower,2026-03
2026-03-11 10:10:30,follower,2026-03
2026-03-11 07:58:53,follower,2026-03
2026-03-11 05:51:04,follower,2026-03
2026-03-11 03:13:24,follower,2026-03
2026-03-11 00:46:20,follower,2026-03
2026-03-10 23:12:12,follower,2026-03
2026-03-10 22:35:56,follower,2026-03
2026-03-10 20:45:22,follower,2026-03
2026-03-10 19:42:41,follower,2026-03
2026-03-10 17:27:53,follower,2026-03
2026-03-10 13:57:58,follower,2026-03
2026-03-10 00:29:30,follower,2026-03
2026-03-10 00:01:55,follower,2026-03
2026-03-09 22:34:20,follower,2026-03
2026-03-09 21:17:59,follower,2026-03
2026-03-09 21:10:26,follower,2026-03
2026-03-09 16:03:28,follower,2026-03
2026-03-09 11:19:44,follower,2026-03
2026-03-09 08:35:27,follower,2026-03
2026-03-09 02:28:03,follower,2026-03
2026-03-09 00:48:30,follower,2026-03
2026-03-08 17:42:07,follower,2026-03
2026-03-08 06:00:50,follower,2026-03
2026-03-07 17:49:50,follower,2026-03
2026-03-07 06:47:46,follower,2026-03
2026-03-06 22:17:05,follower,2026-03
2026-03-06 21:41:23,follower,2026-03
2026-03-06 19:07:33,follower,2026-03
2026-03-06 06:05:31,follower,2026-03
2026-03-06 00:05:40,follower,2026-03
2026-03-05 23:21:23,follower,2026-03
2026-03-05 22:54:53,follower,2026-03
2026-03-05 21:20:26,follower,2026-03
2026-03-05 21:06:41,follower,2026-03
2026-03-05 18:10:39,follower,2026-03
2026-03-05 09:53:30,follower,2026-03
2026-03-05 09:00:16,follower,2026-03
2026-03-05 08:37:35,follower,2026-03
2026-03-05 07:22:21,follower,2026-03
2026-03-05 03:07:09,follower,2026-03
2026-03-05 00:13:59,follower,2026-03
2026-03-04 23:17:00,follower,2026-03
2026-03-04 22:36:37,follower,2026-03
2026-03-04 21:53:33,follower,2026-03
2026-03-04 21:41:33,follower,2026-03
2026-03-04 20:29:24,follower,2026-03
2026-03-04 20:21:39,follower,2026-03
2026-03-04 20:15:11,follower,2026-03
2026-03-04 19:49:16,follower,2026-03
2026-03-04 19:33:01,follower,2026-03
2026-03-04 18:45:33,follower,2026-03
2026-03-04 18:11:59,follower,2026-03
2026-03-04 17:34:07,follower,2026-03
2026-03-04 16:51:01,follower,2026-03
2026-03-04 15:34:29,follower,2026-03
2026-03-04 11:26:55,follower,2026-03
2026-03-04 10:57:08,follower,2026-03
2026-03-04 09:20:15,follower,2026-03
2026-03-04 08:17:55,follower,2026-03
2026-03-04 05:30:21,follower,2026-03
2026-03-04 02:22:57,follower,2026-03
2026-03-04 00:39:56,follower,2026-03
2026-03-03 22:44:51,follower,2026-03
2026-03-03 19:52:57,follower,2026-03
2026-03-03 18:00:34,follower,2026-03
2026-03-03 16:36:53,follower,2026-03
2026-03-02 07:24:48,follower,2026-03
2026-03-02 05:08:43,follower,2026-03
2026-03-01 21:59:06,follower,2026-03
2026-03-01 18:08:25,follower,2026-03
2026-03-01 16:20:18,follower,2026-03
2026-03-01 15:44:33,follower,2026-03
2026-03-01 15:30:27,follower,2026-03
2026-03-01 13:07:16,follower,2026-03
2026-03-01 12:19:09,follower,2026-03
2026-03-01 10:06:01,follower,2026-03
2026-03-01 07:30:18,follower,2026-03
2026-03-01 05:27:44,follower,2026-03
2026-03-01 02:06:07,follower,2026-03
2026-03-01 02:02:29,follower,2026-03
2026-02-28 19:14:30,follower,2026-02
2026-02-28 18:17:54,follower,2026-02
2026-02-28 18:10:26,follower,2026-02
2026-02-28 17:37:06,follower,2026-02
2026-02-28 10:59:34,follower,2026-02
2026-02-28 05:50:39,follower,2026-02
2026-02-28 02:36:58,follower,2026-02
2026-02-28 02:13:45,follower,2026-02
2026-02-28 01:24:49,follower,2026-02
2026-02-28 00:25:39,follower,2026-02
2026-02-27 22:02:57,follower,2026-02
2026-02-27 21:44:54,follower,2026-02
2026-02-27 21:41:53,follower,2026-02
2026-02-27 17:54:27,follower,2026-02
2026-02-27 08:34:02,follower,2026-02
2026-02-27 08:14:46,follower,2026-02
2026-02-27 02:51:39,follower,2026-02
2026-02-27 02:31:24,follower,2026-02
2026-02-27 02:06:50,follower,2026-02
2026-02-27 01:35:53,follower,2026-02
2026-02-27 00:36:47,follower,2026-02
2026-02-26 23:31:49,follower,2026-02
2026-02-26 23:11:23,follower,2026-02
2026-02-26 23:05:54,follower,2026-02
2026-02-26 22:09:49,follower,2026-02
2026-02-26 19:42:57,follower,2026-02
2026-02-26 18:27:04,follower,2026-02
2026-02-26 00:15:50,follower,2026-02
2026-02-26 00:12:03,follower,2026-02
2026-02-25 20:57:46,follower,2026-02
2026-02-25 19:16:22,follower,2026-02
2026-02-25 17:13:26,follower,2026-02
2026-02-25 16:22:11,follower,2026-02
2026-02-25 15:50:01,follower,2026-02
2026-02-25 05:02:27,follower,2026-02
2026-02-25 02:01:32,follower,2026-02
2026-02-24 23:14:56,follower,2026-02
2026-02-24 19:57:38,follower,2026-02
2026-02-24 10:32:07,follower,2026-02
2026-02-24 07:37:33,follower,2026-02
2026-02-24 02:17:12,follower,2026-02
2026-02-24 00:48:27,follower,2026-02
2026-02-23 23:55:35,follower,2026-02
2026-02-23 22:24:35,follower,2026-02
2026-02-23 21:16:13,follower,2026-02
2026-02-23 20:51:25,follower,2026-02
2026-02-23 19:33:33,follower,2026-02
2026-02-23 14:03:35,follower,2026-02
2026-02-23 13:47:23,follower,2026-02
2026-02-23 13:37:28,follower,2026-02
2026-02-23 13:35:08,follower,2026-02
2026-02-23 04:06:38,follower,2026-02
2026-02-23 03:48:35,follower,2026-02
2026-02-23 01:40:40,follower,2026-02
2026-02-22 22:58:28,follower,2026-02
2026-02-22 22:43:05,follower,2026-02
2026-02-22 22:10:18,follower,2026-02
2026-02-22 21:53:17,follower,2026-02
2026-02-22 20:29:49,follower,2026-02
2026-02-22 18:04:38,follower,2026-02
2026-02-22 13:54:30,follower,2026-02
2026-02-22 13:41:34,follower,2026-02
2026-02-22 12:51:51,follower,2026-02
2026-02-22 01:46:04,follower,2026-02
2026-02-21 21:57:34,follower,2026-02
2026-02-21 21:14:43,follower,2026-02
2026-02-21 18:53:08,follower,2026-02
2026-02-21 17:33:38,follower,2026-02
2026-02-21 17:26:05,follower,2026-02
2026-02-21 17:20:05,follower,2026-02
2026-02-21 16:46:52,follower,2026-02
2026-02-21 13:11:17,follower,2026-02
2026-02-21 09:57:16,follower,2026-02
2026-02-21 08:42:00,follower,2026-02
2026-02-21 07:33:29,follower,2026-02
2026-02-21 03:15:11,follower,2026-02
2026-02-21 01:43:35,follower,2026-02
2026-02-21 00:19:25,follower,2026-02
2026-02-20 23:46:06,follower,2026-02
2026-02-20 22:38:16,follower,2026-02
2026-02-20 22:08:48,follower,2026-02
2026-02-20 19:39:46,follower,2026-02
2026-02-20 18:10:09,follower,2026-02
2026-02-20 17:09:15,follower,2026-02
2026-02-20 16:01:37,follower,2026-02
2026-02-20 11:21:12,follower,2026-02
2026-02-20 09:05:27,follower,2026-02
2026-02-20 07:32:15,follower,2026-02
2026-02-20 07:31:34,follower,2026-02
2026-02-20 07:01:31,follower,2026-02
2026-02-20 06:58:19,follower,2026-02
2026-02-20 04:22:27,follower,2026-02
2026-02-20 03:18:47,follower,2026-02
2026-02-20 03:12:03,follower,2026-02
2026-02-20 02:26:01,follower,2026-02
2026-02-19 20:26:28,follower,2026-02
2026-02-19 18:47:17,follower,2026-02
2026-02-19 18:36:14,follower,2026-02
2026-02-19 17:29:48,follower,2026-02
2026-02-19 16:14:54,follower,2026-02
2026-02-19 15:26:04,follower,2026-02
2026-02-19 14:38:21,follower,2026-02
2026-02-19 14:24:33,follower,2026-02
2026-02-19 14:04:53,follower,2026-02
2026-02-19 12:23:42,follower,2026-02
2026-02-19 12:04:44,follower,2026-02
2026-02-19 10:25:52,follower,2026-02
2026-02-19 08:17:34,follower,2026-02
2026-02-19 07:49:08,follower,2026-02
2026-02-19 06:41:41,follower,2026-02
2026-02-19 02:02:33,follower,2026-02
2026-02-18 20:09:09,follower,2026-02
2026-02-18 16:49:25,follower,2026-02
2026-02-18 13:54:58,follower,2026-02
2026-02-18 12:53:37,follower,2026-02
2026-02-18 12:45:12,follower,2026-02
2026-02-17 16:25:39,follower,2026-02
2026-02-17 15:58:23,follower,2026-02
2026-02-17 15:48:20,follower,2026-02
2026-02-17 10:48:13,follower,2026-02
2026-02-17 09:54:02,follower,2026-02
2026-02-17 03:47:28,follower,2026-02
2026-02-17 00:14:41,follower,2026-02
2026-02-17 00:04:53,follower,2026-02
2026-02-17 00:00:34,follower,2026-02
2026-02-16 23:56:25,follower,2026-02
2026-02-16 21:25:17,follower,2026-02
2026-02-16 21:19:07,follower,2026-02
2026-02-16 20:40:34,follower,2026-02
2026-02-16 20:01:28,follower,2026-02
2026-02-16 17:44:57,follower,2026-02
2026-02-16 13:55:21,follower,2026-02
2026-02-16 13:31:08,follower,2026-02
2026-02-16 10:30:03,follower,2026-02
2026-02-15 21:46:11,follower,2026-02
2026-02-15 21:43:09,follower,2026-02
2026-02-15 21:29:30,follower,2026-02
2026-02-15 19:55:07,follower,2026-02
2026-02-15 19:17:07,follower,2026-02
2026-02-15 18:23:43,follower,2026-02
2026-02-15 17:55:21,follower,2026-02
2026-02-15 16:45:59,follower,2026-02
2026-02-15 15:56:18,follower,2026-02
2026-02-15 15:46:30,follower,2026-02
2026-02-15 13:22:31,follower,2026-02
2026-02-15 12:50:42,follower,2026-02
2026-02-15 11:29:27,follower,2026-02
2026-02-15 10:59:13,follower,2026-02
2026-02-15 09:44:35,follower,2026-02
2026-02-15 09:31:42,follower,2026-02
2026-02-15 07:40:30,follower,2026-02
2026-02-14 22:18:33,follower,2026-02
2026-02-14 22:01:55,follower,2026-02
2026-02-14 17:34:39,follower,2026-02
2026-02-14 15:56:22,follower,2026-02
2026-02-14 15:51:03,follower,2026-02
2026-02-14 13:53:46,follower,2026-02
2026-02-14 13:22:27,follower,2026-02
2026-02-14 12:22:52,follower,2026-02
2026-02-14 12:21:33,follower,2026-02
2026-02-14 12:12:25,follower,2026-02
2026-02-14 11:29:12,follower,2026-02
2026-02-14 08:21:46,follower,2026-02
2026-02-14 02:58:04,follower,2026-02
2026-02-14 02:53:20,follower,2026-02
2026-02-14 01:06:22,follower,2026-02
2026-02-14 00:10:35,follower,2026-02
2026-02-13 23:41:22,follower,2026-02
2026-02-13 23:36:16,follower,2026-02
2026-02-13 23:34:48,follower,2026-02
2026-02-13 23:14:24,follower,2026-02
2026-02-13 22:59:50,follower,2026-02
2026-02-13 22:40:20,follower,2026-02
2026-02-13 22:22:32,follower,2026-02
2026-02-13 22:12:10,follower,2026-02
2026-02-13 21:59:56,follower,2026-02
2026-02-13 21:58:13,follower,2026-02
2026-02-13 20:49:52,follower,2026-02
2026-02-13 20:40:47,follower,2026-02
2026-02-13 19:30:45,follower,2026-02
2026-02-13 19:30:44,follower,2026-02
2026-02-13 18:49:00,follower,2026-02
2026-02-13 18:43:04,follower,2026-02
2026-02-13 18:17:25,follower,2026-02
2026-02-13 18:11:28,follower,2026-02
2026-02-13 17:46:25,follower,2026-02
2026-02-13 17:04:31,follower,2026-02
2026-02-13 16:26:30,follower,2026-02
2026-02-13 16:22:07,follower,2026-02
2026-02-13 15:41:50,follower,2026-02
2026-02-13 15:13:43,follower,2026-02
2026-02-13 15:10:11,follower,2026-02
2026-02-13 15:00:44,follower,2026-02
2026-02-13 14:14:20,follower,2026-02
2026-02-13 13:33:38,follower,2026-02
2026-02-13 12:27:10,follower,2026-02
2026-02-13 12:12:31,follower,2026-02
2026-02-13 12:02:45,follower,2026-02
2026-02-13 11:22:17,follower,2026-02
2026-02-13 10:50:11,follower,2026-02
2026-02-13 10:26:16,follower,2026-02
2026-02-13 09:52:42,follower,2026-02
2026-02-13 08:32:13,follower,2026-02
2026-02-13 02:23:04,follower,2026-02
2026-02-13 02:16:15,follower,2026-02
2026-02-13 01:14:18,follower,2026-02
2026-02-13 00:36:24,follower,2026-02
2026-02-13 00:10:38,follower,2026-02
2026-02-13 00:03:33,follower,2026-02
2026-02-12 23:55:40,follower,2026-02
2026-02-12 23:02:35,follower,2026-02
2026-02-12 22:37:20,follower,2026-02
2026-02-12 22:19:16,follower,2026-02
2026-02-12 22:16:50,follower,2026-02
2026-02-12 22:11:44,follower,2026-02
2026-02-12 21:21:58,follower,2026-02
2026-02-12 20:38:00,follower,2026-02
2026-02-12 15:23:24,follower,2026-02
2026-02-12 05:55:41,follower,2026-02
2026-02-12 05:00:27,follower,2026-02
2026-02-12 01:17:19,follower,2026-02
2026-02-11 22:31:26,follower,2026-02
2026-02-11 22:13:00,follower,2026-02
2026-02-11 15:32:06,follower,2026-02
2026-02-11 12:27:42,follower,2026-02
2026-02-11 00:08:25,follower,2026-02
2026-02-10 16:12:49,follower,2026-02
2026-02-10 15:11:09,follower,2026-02
2026-02-10 14:27:44,follower,2026-02
2026-02-10 13:05:35,follower,2026-02
2026-02-10 11:05:52,follower,2026-02
2026-02-10 09:09:11,follower,2026-02
2026-02-10 04:02:12,follower,2026-02
2026-02-10 02:52:14,follower,2026-02
2026-02-09 22:18:34,follower,2026-02
2026-02-09 20:12:57,follower,2026-02
2026-02-09 20:09:37,follower,2026-02
2026-02-09 19:34:48,follower,2026-02
2026-02-09 18:35:03,follower,2026-02
2026-02-09 15:45:55,follower,2026-02
2026-02-09 15:36:11,follower,2026-02
2026-02-09 14:06:53,follower,2026-02
2026-02-09 12:58:08,follower,2026-02
2026-02-09 12:57:05,follower,2026-02
2026-02-09 12:40:30,follower,2026-02
2026-02-09 12:01:29,follower,2026-02
2026-02-09 00:11:49,follower,2026-02
2026-02-08 23:11:19,follower,2026-02
2026-02-08 22:44:07,follower,2026-02
2026-02-08 22:37:24,follower,2026-02
2026-02-08 19:25:17,follower,2026-02
2026-02-08 13:49:46,follower,2026-02
2026-02-08 11:02:22,follower,2026-02
2026-02-08 10:16:51,follower,2026-02
2026-02-08 05:24:02,follower,2026-02
2026-02-08 03:19:05,follower,2026-02
2026-02-08 02:15:36,follower,2026-02
2026-02-07 22:08:47,follower,2026-02
2026-02-07 18:54:35,follower,2026-02
2026-02-07 13:51:05,follower,2026-02
2026-02-07 13:39:33,follower,2026-02
2026-02-07 12:53:18,follower,2026-02
2026-02-07 11:40:13,follower,2026-02
2026-02-07 10:36:06,follower,2026-02
2026-02-07 00:59:38,follower,2026-02
2026-02-06 17:45:59,follower,2026-02
2026-02-06 17:38:34,follower,2026-02
2026-02-06 16:01:39,follower,2026-02
2026-02-06 15:49:03,follower,2026-02
2026-02-06 14:07:04,follower,2026-02
2026-02-06 13:34:46,follower,2026-02
2026-02-06 05:43:32,follower,2026-02
2026-02-05 21:52:50,follower,2026-02
2026-02-05 19:45:38,follower,2026-02
2026-02-05 18:49:11,follower,2026-02
2026-02-05 16:42:18,follower,2026-02
2026-02-05 16:02:42,follower,2026-02
2026-02-05 15:57:22,follower,2026-02
2026-02-05 05:57:30,follower,2026-02
2026-02-04 18:35:27,follower,2026-02
2026-02-04 15:48:47,follower,2026-02
2026-02-04 14:45:08,follower,2026-02
2026-02-04 14:00:12,follower,2026-02
2026-02-04 13:54:44,follower,2026-02
2026-02-04 03:18:33,follower,2026-02
2026-02-03 23:04:39,follower,2026-02
2026-02-03 22:42:14,follower,2026-02
2026-02-03 22:02:24,follower,2026-02
2026-02-03 20:18:16,follower,2026-02
2026-02-03 17:32:02,follower,2026-02
2026-02-03 15:43:01,follower,2026-02
2026-02-03 13:46:49,follower,2026-02
2026-02-03 12:07:29,follower,2026-02
2026-02-02 21:57:53,follower,2026-02
2026-02-02 20:23:43,follower,2026-02
2026-02-02 16:42:59,follower,2026-02
2026-02-02 13:57:37,follower,2026-02
2026-02-02 02:57:12,follower,2026-02
2026-02-02 01:11:22,follower,2026-02
2026-02-01 18:42:28,follower,2026-02
2026-02-01 15:39:59,follower,2026-02
2026-02-01 15:07:58,follower,2026-02
2026-02-01 15:02:36,follower,2026-02
2026-02-01 13:15:02,follower,2026-02
2026-02-01 02:27:34,follower,2026-02
2026-02-01 01:11:34,follower,2026-02
2026-01-31 21:30:38,follower,2026-01
2026-01-31 17:30:16,follower,2026-01
2026-01-31 02:23:41,follower,2026-01
2026-01-30 23:10:11,follower,2026-01
2026-01-30 19:34:52,follower,2026-01
2026-01-30 17:41:57,follower,2026-01
2026-01-30 15:36:50,follower,2026-01
2026-01-30 15:35:37,follower,2026-01
2026-01-30 15:30:22,follower,2026-01
2026-01-30 11:32:57,follower,2026-01
2026-01-30 08:29:19,follower,2026-01
2026-01-30 01:48:44,follower,2026-01
2026-01-30 01:08:22,follower,2026-01
2026-01-30 00:21:43,follower,2026-01
2026-01-29 23:43:05,follower,2026-01
2026-01-29 22:39:28,follower,2026-01
2026-01-29 21:30:32,follower,2026-01
2026-01-29 20:50:51,follower,2026-01
2026-01-29 19:39:24,follower,2026-01
2026-01-29 17:54:26,follower,2026-01
2026-01-29 15:40:10,follower,2026-01
2026-01-29 11:31:33,follower,2026-01
2026-01-29 09:06:49,follower,2026-01
2026-01-28 22:36:35,follower,2026-01
2026-01-28 22:03:11,follower,2026-01
2026-01-28 21:04:05,follower,2026-01
2026-01-28 19:25:03,follower,2026-01
2026-01-28 11:33:26,follower,2026-01
2026-01-27 21:41:58,follower,2026-01
2026-01-27 20:44:25,follower,2026-01
2026-01-27 18:07:09,follower,2026-01
2026-01-27 13:08:43,follower,2026-01
2026-01-27 11:11:59,follower,2026-01
2026-01-27 10:46:49,follower,2026-01
2026-01-27 07:44:51,follower,2026-01
2026-01-27 07:03:14,follower,2026-01
2026-01-27 03:38:51,follower,2026-01
2026-01-27 00:22:56,follower,2026-01
2026-01-27 00:15:00,follower,2026-01
2026-01-26 23:29:48,follower,2026-01
2026-01-26 22:45:44,follower,2026-01
2026-01-26 19:43:33,follower,2026-01
2026-01-26 16:43:44,follower,2026-01
2026-01-26 16:02:54,follower,2026-01
2026-01-26 14:49:32,follower,2026-01
2026-01-26 01:54:23,follower,2026-01
2026-01-25 22:59:08,follower,2026-01
2026-01-25 22:36:42,follower,2026-01
2026-01-25 22:12:22,follower,2026-01
2026-01-25 20:52:12,follower,2026-01
2026-01-25 20:17:11,follower,2026-01
2026-01-25 18:49:30,follower,2026-01
2026-01-25 17:59:18,follower,2026-01
2026-01-25 16:23:15,follower,2026-01
2026-01-25 15:58:46,follower,2026-01
2026-01-25 13:44:29,follower,2026-01
2026-01-25 02:03:30,follower,2026-01
2026-01-25 01:23:51,follower,2026-01
2026-01-25 01:20:21,follower,2026-01
2026-01-25 01:13:17,follower,2026-01
2026-01-25 00:03:27,follower,2026-01
2026-01-24 23:51:47,follower,2026-01
2026-01-24 23:16:05,follower,2026-01
2026-01-24 22:51:41,follower,2026-01
2026-01-24 19:44:47,follower,2026-01
2026-01-24 18:20:27,follower,2026-01
2026-01-24 17:11:36,follower,2026-01
2026-01-24 16:45:49,follower,2026-01
2026-01-24 15:14:41,follower,2026-01
2026-01-24 11:27:20,follower,2026-01
2026-01-24 03:45:49,follower,2026-01
2026-01-24 00:22:54,follower,2026-01
2026-01-24 00:21:21,follower,2026-01
2026-01-24 00:08:31,follower,2026-01
2026-01-23 22:48:05,follower,2026-01
2026-01-23 22:28:41,follower,2026-01
2026-01-23 22:04:52,follower,2026-01
2026-01-23 21:56:20,follower,2026-01
2026-01-23 20:14:03,follower,2026-01
2026-01-23 11:47:59,follower,2026-01
2026-01-23 01:09:47,follower,2026-01
2026-01-23 00:48:39,follower,2026-01
2026-01-22 20:52:54,follower,2026-01
2026-01-22 18:28:32,follower,2026-01
2026-01-22 18:03:03,follower,2026-01
2026-01-22 17:38:23,follower,2026-01
2026-01-22 15:24:26,follower,2026-01
2026-01-22 13:53:52,follower,2026-01
2026-01-22 12:09:54,follower,2026-01
2026-01-22 08:54:21,follower,2026-01
2026-01-22 03:07:11,follower,2026-01
2026-01-22 01:24:57,follower,2026-01
2026-01-22 00:40:20,follower,2026-01
2026-01-22 00:15:11,follower,2026-01
2026-01-21 21:09:57,follower,2026-01
2026-01-21 20:52:15,follower,2026-01
2026-01-21 19:14:59,follower,2026-01
2026-01-21 18:29:40,follower,2026-01
2026-01-21 18:21:35,follower,2026-01
2026-01-21 16:16:32,follower,2026-01
2026-01-21 13:48:44,follower,2026-01
2026-01-21 12:54:17,follower,2026-01
2026-01-21 01:20:58,follower,2026-01
2026-01-20 22:16:00,follower,2026-01
2026-01-20 14:41:36,follower,2026-01
2026-01-20 14:34:01,follower,2026-01
2026-01-20 11:46:17,follower,2026-01
2026-01-20 08:02:48,follower,2026-01
2026-01-20 07:25:26,follower,2026-01
2026-01-20 04:31:03,follower,2026-01
2026-01-20 00:24:58,follower,2026-01
2026-01-19 23:02:32,follower,2026-01
2026-01-19 22:55:10,follower,2026-01
2026-01-19 22:11:16,follower,2026-01
2026-01-19 11:49:42,follower,2026-01
2026-01-19 11:17:35,follower,2026-01
2026-01-19 03:22:21,follower,2026-01
2026-01-18 16:21:41,follower,2026-01
2026-01-18 14:43:05,follower,2026-01
2026-01-18 13:47:58,follower,2026-01
2026-01-18 00:56:11,follower,2026-01
2026-01-17 22:51:47,follower,2026-01
2026-01-17 20:10:18,follower,2026-01
2026-01-17 19:22:08,follower,2026-01
2026-01-17 16:19:25,follower,2026-01
2026-01-17 15:56:16,follower,2026-01
2026-01-17 07:56:53,follower,2026-01
2026-01-17 03:43:34,follower,2026-01
2026-01-16 23:14:15,follower,2026-01
2026-01-16 22:41:40,follower,2026-01
2026-01-16 22:33:30,follower,2026-01
2026-01-16 19:10:23,follower,2026-01
2026-01-16 14:32:09,follower,2026-01
2026-01-16 12:49:01,follower,2026-01
2026-01-16 11:35:23,follower,2026-01
2026-01-16 02:44:23,follower,2026-01
2026-01-15 22:40:42,follower,2026-01
2026-01-15 22:39:14,follower,2026-01
2026-01-15 19:25:51,follower,2026-01
2026-01-15 19:20:05,follower,2026-01
2026-01-15 19:12:20,follower,2026-01
2026-01-15 18:07:43,follower,2026-01
2026-01-15 17:26:43,follower,2026-01
2026-01-15 13:45:47,follower,2026-01
2026-01-15 06:22:07,follower,2026-01
2026-01-15 03:42:56,follower,2026-01
2026-01-14 19:43:21,follower,2026-01
2026-01-14 15:18:38,follower,2026-01
2026-01-14 10:14:56,follower,2026-01
2026-01-14 07:29:06,follower,2026-01
2026-01-14 07:27:40,follower,2026-01
2026-01-14 06:11:29,follower,2026-01
2026-01-14 00:34:57,follower,2026-01
2026-01-13 23:55:08,follower,2026-01
2026-01-13 22:22:21,follower,2026-01
2026-01-13 18:32:38,follower,2026-01
2026-01-13 16:57:34,follower,2026-01
2026-01-13 16:11:43,follower,2026-01
2026-01-13 15:42:20,follower,2026-01
2026-01-13 15:12:22,follower,2026-01
2026-01-13 11:23:30,follower,2026-01
2026-01-13 10:51:40,follower,2026-01
2026-01-13 09:04:05,follower,2026-01
2026-01-13 06:14:32,follower,2026-01
2026-01-13 05:33:44,follower,2026-01
2026-01-13 04:23:17,follower,2026-01
2026-01-13 03:35:35,follower,2026-01
2026-01-13 02:27:31,follower,2026-01
2026-01-13 02:06:21,follower,2026-01
2026-01-13 01:02:36,follower,2026-01
2026-01-13 00:20:05,follower,2026-01
2026-01-13 00:12:03,follower,2026-01
2026-01-12 23:03:51,follower,2026-01
2026-01-12 22:40:17,follower,2026-01
2026-01-12 22:31:31,follower,2026-01
2026-01-12 21:53:40,follower,2026-01
2026-01-12 21:01:31,follower,2026-01
2026-01-12 21:01:08,follower,2026-01
2026-01-12 20:32:19,follower,2026-01
2026-01-12 20:30:26,follower,2026-01
2026-01-12 19:58:51,follower,2026-01
2026-01-12 19:03:33,follower,2026-01
2026-01-12 18:55:52,follower,2026-01
2026-01-12 18:45:29,follower,2026-01
2026-01-12 18:02:07,follower,2026-01
2026-01-12 17:46:39,follower,2026-01
2026-01-12 15:30:08,follower,2026-01
2026-01-12 14:44:51,follower,2026-01
2026-01-12 12:22:26,follower,2026-01
2026-01-12 12:03:41,follower,2026-01
2026-01-12 11:33:28,follower,2026-01
2026-01-12 01:19:07,follower,2026-01
2026-01-12 00:57:02,follower,2026-01
2026-01-11 23:31:11,follower,2026-01
2026-01-11 22:58:28,follower,2026-01
2026-01-11 16:43:54,follower,2026-01
2026-01-11 14:52:15,follower,2026-01
2026-01-11 01:21:18,follower,2026-01
2026-01-10 18:36:53,follower,2026-01
2026-01-10 15:24:30,follower,2026-01
2026-01-10 15:06:16,follower,2026-01
2026-01-10 14:16:57,follower,2026-01
2026-01-10 14:06:34,follower,2026-01
2026-01-10 07:17:05,follower,2026-01
2026-01-10 01:53:51,follower,2026-01
2026-01-10 00:46:22,follower,2026-01
2026-01-09 23:22:29,follower,2026-01
2026-01-09 22:52:08,follower,2026-01
2026-01-09 22:50:50,follower,2026-01
2026-01-09 21:35:15,follower,2026-01
2026-01-09 21:01:37,follower,2026-01
2026-01-09 08:02:14,follower,2026-01
2026-01-09 02:22:26,follower,2026-01
2026-01-08 23:36:29,follower,2026-01
2026-01-08 22:54:31,follower,2026-01
2026-01-08 22:18:13,follower,2026-01
2026-01-08 21:32:21,follower,2026-01
2026-01-08 20:43:17,follower,2026-01
2026-01-08 19:30:54,follower,2026-01
2026-01-08 19:06:47,follower,2026-01
2026-01-08 17:42:56,follower,2026-01
2026-01-08 17:40:44,follower,2026-01
2026-01-08 15:26:50,follower,2026-01
2026-01-08 13:55:46,follower,2026-01
2026-01-08 13:24:40,follower,2026-01
2026-01-08 11:54:44,follower,2026-01
2026-01-08 11:35:39,follower,2026-01
2026-01-08 01:55:10,follower,2026-01
2026-01-08 00:33:37,follower,2026-01
2026-01-07 22:47:12,follower,2026-01
2026-01-07 21:25:36,follower,2026-01
2026-01-07 20:15:53,follower,2026-01
2026-01-07 17:59:32,follower,2026-01
2026-01-07 17:25:10,follower,2026-01
2026-01-07 16:17:19,follower,2026-01
2026-01-07 16:06:52,follower,2026-01
2026-01-07 13:57:38,follower,2026-01
2026-01-07 13:08:04,follower,2026-01
2026-01-07 04:32:01,follower,2026-01
2026-01-07 01:34:28,follower,2026-01
2026-01-07 01:06:18,follower,2026-01
2026-01-07 00:28:32,follower,2026-01
2026-01-07 00:07:19,follower,2026-01
2026-01-06 23:47:00,follower,2026-01
2026-01-06 22:23:49,follower,2026-01
2026-01-06 21:33:39,follower,2026-01
2026-01-06 19:42:15,follower,2026-01
2026-01-06 19:34:35,follower,2026-01
2026-01-06 17:56:08,follower,2026-01
2026-01-06 16:47:14,follower,2026-01
2026-01-06 15:41:37,follower,2026-01
2026-01-06 00:26:28,follower,2026-01
2026-01-05 23:22:17,follower,2026-01
2026-01-05 22:46:24,follower,2026-01
2026-01-05 22:11:00,follower,2026-01
2026-01-05 18:25:29,follower,2026-01
2026-01-05 16:39:40,follower,2026-01
2026-01-05 15:56:00,follower,2026-01
2026-01-05 15:38:42,follower,2026-01
2026-01-05 10:49:12,follower,2026-01
2026-01-05 08:49:00,follower,2026-01
2026-01-05 04:33:00,follower,2026-01
2026-01-05 01:41:47,follower,2026-01
2026-01-05 00:21:34,follower,2026-01
2026-01-05 00:12:30,follower,2026-01
2026-01-04 22:45:00,follower,2026-01
2026-01-04 22:21:14,follower,2026-01
2026-01-04 21:38:35,follower,2026-01
2026-01-04 20:58:24,follower,2026-01
2026-01-04 20:49:20,follower,2026-01
2026-01-04 19:56:39,follower,2026-01
2026-01-04 19:38:17,follower,2026-01
2026-01-04 18:42:03,follower,2026-01
2026-01-04 17:19:08,follower,2026-01
2026-01-04 16:57:52,follower,2026-01
2026-01-04 13:23:37,follower,2026-01
2026-01-04 11:53:34,follower,2026-01
2026-01-04 08:04:45,follower,2026-01
2026-01-03 22:42:43,follower,2026-01
2026-01-03 21:06:24,follower,2026-01
2026-01-03 21:00:05,follower,2026-01
2026-01-03 18:39:33,follower,2026-01
2026-01-03 17:16:34,follower,2026-01
2026-01-03 15:09:51,follower,2026-01
2026-01-03 14:49:07,follower,2026-01
2026-01-03 13:17:56,follower,2026-01
2026-01-03 12:15:15,follower,2026-01
2026-01-03 10:32:27,follower,2026-01
2026-01-03 06:26:33,follower,2026-01
2026-01-03 03:38:26,follower,2026-01
2026-01-03 03:13:29,follower,2026-01
2026-01-03 02:54:17,follower,2026-01
2026-01-03 00:33:55,follower,2026-01
2026-01-02 18:40:06,follower,2026-01
2026-01-02 18:11:43,follower,2026-01
2026-01-02 15:58:17,follower,2026-01
2026-01-02 15:18:59,follower,2026-01
2026-01-02 12:56:19,follower,2026-01
2026-01-02 12:46:45,follower,2026-01
2026-01-02 12:32:30,follower,2026-01
2026-01-02 08:37:38,follower,2026-01
2026-01-02 07:40:18,follower,2026-01
2026-01-02 02:38:36,follower,2026-01
2026-01-02 00:53:54,follower,2026-01
2026-01-01 23:58:31,follower,2026-01
2026-01-01 23:44:38,follower,2026-01
2026-01-01 23:05:25,follower,2026-01
2026-01-01 20:11:09,follower,2026-01
2026-01-01 19:44:15,follower,2026-01
2026-01-01 18:40:06,follower,2026-01
2026-01-01 18:38:34,follower,2026-01
2026-01-01 17:30:33,follower,2026-01
2026-01-01 15:58:48,follower,2026-01
2026-01-01 14:47:20,follower,2026-01
2026-01-01 14:16:45,follower,2026-01
2026-01-01 14:08:33,follower,2026-01
2026-01-01 12:43:42,follower,2026-01
2026-01-01 12:26:39,follower,2026-01
2026-01-01 08:56:53,follower,2026-01
2026-01-01 06:51:10,follower,2026-01
2026-01-01 02:34:02,follower,2026-01
2025-12-31 22:14:59,follower,2025-12
2025-12-31 22:12:09,follower,2025-12
2025-12-31 19:56:28,follower,2025-12
2025-12-31 19:02:21,follower,2025-12
2025-12-31 18:49:53,follower,2025-12
2025-12-31 18:47:25,follower,2025-12
2025-12-31 18:28:26,follower,2025-12
2025-12-31 17:53:48,follower,2025-12
2025-12-31 16:42:42,follower,2025-12
2025-12-31 15:58:53,follower,2025-12
2025-12-31 14:32:59,follower,2025-12
2025-12-31 13:00:05,follower,2025-12
2025-12-31 11:25:32,follower,2025-12
2025-12-31 02:46:17,follower,2025-12
2025-12-30 20:29:44,follower,2025-12
2025-12-30 17:56:45,follower,2025-12
2025-12-30 14:52:29,follower,2025-12
2025-12-30 12:16:31,follower,2025-12
2025-12-30 07:35:24,follower,2025-12
2025-12-30 01:18:27,follower,2025-12
2025-12-30 01:03:41,follower,2025-12
2025-12-30 00:34:56,follower,2025-12
2025-12-30 00:00:52,follower,2025-12
2025-12-29 23:56:26,follower,2025-12
2025-12-29 23:27:45,follower,2025-12
2025-12-29 23:08:59,follower,2025-12
2025-12-29 20:45:56,follower,2025-12
2025-12-29 19:28:19,follower,2025-12
2025-12-29 18:40:04,follower,2025-12
2025-12-29 16:34:55,follower,2025-12
2025-12-29 16:17:25,follower,2025-12
2025-12-29 16:02:22,follower,2025-12
2025-12-29 15:35:14,follower,2025-12
2025-12-29 15:31:00,follower,2025-12
2025-12-29 09:51:10,follower,2025-12
2025-12-29 08:33:15,follower,2025-12
2025-12-29 00:24:58,follower,2025-12
2025-12-28 23:00:07,follower,2025-12
2025-12-28 20:42:24,follower,2025-12
2025-12-28 20:20:42,follower,2025-12
2025-12-28 18:29:40,follower,2025-12
2025-12-28 17:22:46,follower,2025-12
2025-12-28 13:49:49,follower,2025-12
2025-12-28 13:48:36,follower,2025-12
2025-12-28 13:29:24,follower,2025-12
2025-12-28 13:05:21,follower,2025-12
2025-12-28 10:49:54,follower,2025-12
2025-12-28 09:55:45,follower,2025-12
2025-12-28 08:07:51,follower,2025-12
2025-12-28 07:44:53,follower,2025-12
2025-12-27 23:51:59,follower,2025-12
2025-12-27 22:16:06,follower,2025-12
2025-12-27 21:21:41,follower,2025-12
2025-12-27 20:54:09,follower,2025-12
2025-12-27 20:13:05,follower,2025-12
2025-12-27 18:39:52,follower,2025-12
2025-12-27 17:59:46,follower,2025-12
2025-12-27 17:44:07,follower,2025-12
2025-12-27 17:31:24,follower,2025-12
2025-12-27 17:24:42,follower,2025-12
2025-12-27 17:12:33,follower,2025-12
2025-12-27 16:39:57,follower,2025-12
2025-12-27 14:27:12,follower,2025-12
2025-12-27 13:36:51,follower,2025-12
2025-12-27 13:33:23,follower,2025-12
2025-12-27 11:41:40,follower,2025-12
2025-12-27 09:25:30,follower,2025-12
2025-12-27 05:10:31,follower,2025-12
2025-12-27 01:22:40,follower,2025-12
2025-12-26 23:42:32,follower,2025-12
2025-12-26 23:30:08,follower,2025-12
2025-12-26 21:02:20,follower,2025-12
2025-12-26 18:20:56,follower,2025-12
2025-12-26 16:05:55,follower,2025-12
2025-12-26 15:47:37,follower,2025-12
2025-12-26 11:08:42,follower,2025-12
2025-12-26 09:57:59,follower,2025-12
2025-12-26 08:04:04,follower,2025-12
2025-12-26 07:41:42,follower,2025-12
2025-12-26 04:14:21,follower,2025-12
2025-12-26 02:26:29,follower,2025-12
2025-12-26 01:38:58,follower,2025-12
2025-12-25 23:39:57,follower,2025-12
2025-12-25 19:58:20,follower,2025-12
2025-12-25 19:56:37,follower,2025-12
2025-12-25 19:55:01,follower,2025-12
2025-12-25 19:01:11,follower,2025-12
2025-12-25 19:00:05,follower,2025-12
2025-12-25 18:51:08,follower,2025-12
2025-12-25 18:13:23,follower,2025-12
2025-12-25 16:07:49,follower,2025-12
2025-12-25 14:49:15,follower,2025-12
2025-12-25 13:33:21,follower,2025-12
2025-12-25 12:28:04,follower,2025-12
2025-12-25 12:15:25,follower,2025-12
2025-12-25 11:17:56,follower,2025-12
2025-12-25 10:09:50,follower,2025-12
2025-12-25 10:07:49,follower,2025-12
2025-12-25 07:28:06,follower,2025-12
2025-12-25 02:15:18,follower,2025-12
2025-12-25 00:55:50,follower,2025-12
2025-12-24 21:56:32,follower,2025-12
2025-12-24 17:29:48,follower,2025-12
2025-12-24 15:53:28,follower,2025-12
2025-12-24 14:28:28,follower,2025-12
2025-12-24 11:03:55,follower,2025-12
2025-12-24 10:45:25,follower,2025-12
2025-12-24 00:16:35,follower,2025-12
2025-12-23 22:09:18,follower,2025-12
2025-12-23 18:31:48,follower,2025-12
2025-12-23 18:30:07,follower,2025-12
2025-12-23 15:59:40,follower,2025-12
2025-12-23 15:12:56,follower,2025-12
2025-12-23 14:47:46,follower,2025-12
2025-12-23 13:36:50,follower,2025-12
2025-12-23 12:48:36,follower,2025-12
2025-12-23 10:48:17,follower,2025-12
2025-12-23 08:25:02,follower,2025-12
2025-12-23 03:01:49,follower,2025-12
2025-12-23 00:53:26,follower,2025-12
2025-12-23 00:19:20,follower,2025-12
2025-12-22 21:54:46,follower,2025-12
2025-12-22 21:51:38,follower,2025-12
2025-12-22 20:57:02,follower,2025-12
2025-12-22 19:55:09,follower,2025-12
2025-12-22 19:43:19,follower,2025-12
2025-12-22 19:35:06,follower,2025-12
2025-12-22 18:50:23,follower,2025-12
2025-12-22 17:28:54,follower,2025-12
2025-12-22 15:01:07,follower,2025-12
2025-12-22 05:56:03,follower,2025-12
2025-12-22 05:41:25,follower,2025-12
2025-12-22 00:54:02,follower,2025-12
2025-12-21 23:53:02,follower,2025-12
2025-12-21 23:11:57,follower,2025-12
2025-12-21 23:04:47,follower,2025-12
2025-12-21 22:34:16,follower,2025-12
2025-12-21 20:54:36,follower,2025-12
2025-12-21 19:33:43,follower,2025-12
2025-12-21 14:37:47,follower,2025-12
2025-12-21 13:44:11,follower,2025-12
2025-12-21 13:42:06,follower,2025-12
2025-12-21 13:11:48,follower,2025-12
2025-12-21 13:01:30,follower,2025-12
2025-12-21 11:31:57,follower,2025-12
2025-12-21 10:46:26,follower,2025-12
2025-12-21 10:21:01,follower,2025-12
2025-12-21 08:57:37,follower,2025-12
2025-12-21 08:20:44,follower,2025-12
2025-12-21 06:56:50,follower,2025-12
2025-12-21 04:29:40,follower,2025-12
2025-12-20 23:45:28,follower,2025-12
2025-12-20 23:16:50,follower,2025-12
2025-12-20 22:34:12,follower,2025-12
2025-12-20 22:33:49,follower,2025-12
2025-12-20 21:58:40,follower,2025-12
2025-12-20 21:55:14,follower,2025-12
2025-12-20 21:53:46,follower,2025-12
2025-12-20 20:46:59,follower,2025-12
2025-12-20 19:49:14,follower,2025-12
2025-12-20 19:00:29,follower,2025-12
2025-12-20 18:44:41,follower,2025-12
2025-12-20 18:41:43,follower,2025-12
2025-12-20 15:26:11,follower,2025-12
2025-12-20 15:21:40,follower,2025-12
2025-12-20 15:07:31,follower,2025-12
2025-12-20 14:29:24,follower,2025-12
2025-12-20 14:24:12,follower,2025-12
2025-12-20 13:42:26,follower,2025-12
2025-12-20 12:56:37,follower,2025-12
2025-12-20 12:43:19,follower,2025-12
2025-12-20 07:13:35,follower,2025-12
2025-12-20 07:12:37,follower,2025-12
2025-12-20 02:37:05,follower,2025-12
2025-12-19 23:09:38,follower,2025-12
2025-12-19 23:07:57,follower,2025-12
2025-12-19 21:21:57,follower,2025-12
2025-12-19 21:06:08,follower,2025-12
2025-12-19 20:52:27,follower,2025-12
2025-12-19 20:41:34,follower,2025-12
2025-12-19 19:29:19,follower,2025-12
2025-12-19 16:48:59,follower,2025-12
2025-12-19 15:34:49,follower,2025-12
2025-12-19 15:29:18,follower,2025-12
2025-12-19 15:01:54,follower,2025-12
2025-12-19 14:58:02,follower,2025-12
2025-12-19 10:37:51,follower,2025-12
2025-12-19 08:10:10,follower,2025-12
2025-12-19 04:56:32,follower,2025-12
2025-12-18 23:53:18,follower,2025-12
2025-12-18 23:19:50,follower,2025-12
2025-12-18 22:54:12,follower,2025-12
2025-12-18 22:23:53,follower,2025-12
2025-12-18 22:18:39,follower,2025-12
2025-12-18 20:13:16,follower,2025-12
2025-12-18 19:40:57,follower,2025-12
2025-12-18 18:10:14,follower,2025-12
2025-12-18 17:27:33,follower,2025-12
2025-12-18 17:14:55,follower,2025-12
2025-12-18 16:29:26,follower,2025-12
2025-12-18 15:51:25,follower,2025-12
2025-12-18 13:53:51,follower,2025-12
2025-12-18 13:52:01,follower,2025-12
2025-12-18 11:25:02,follower,2025-12
2025-12-18 08:44:05,follower,2025-12
2025-12-18 05:06:08,follower,2025-12
2025-12-18 03:51:34,follower,2025-12
2025-12-18 03:02:27,follower,2025-12
2025-12-17 22:11:13,follower,2025-12
2025-12-17 21:47:37,follower,2025-12
2025-12-17 21:36:41,follower,2025-12
2025-12-17 20:18:54,follower,2025-12
2025-12-17 14:16:41,follower,2025-12
2025-12-17 13:56:58,follower,2025-12
2025-12-17 13:21:42,follower,2025-12
2025-12-17 12:48:02,follower,2025-12
2025-12-17 12:23:38,follower,2025-12
2025-12-17 12:13:33,follower,2025-12
2025-12-17 10:55:06,follower,2025-12
2025-12-17 09:15:19,follower,2025-12
2025-12-17 08:59:30,follower,2025-12
2025-12-17 08:34:19,follower,2025-12
2025-12-17 08:07:06,follower,2025-12
2025-12-17 08:02:14,follower,2025-12
2025-12-17 07:39:38,follower,2025-12
2025-12-17 07:39:06,follower,2025-12
2025-12-17 04:21:28,follower,2025-12
2025-12-17 01:03:58,follower,2025-12
2025-12-16 23:56:10,follower,2025-12
2025-12-16 23:54:09,follower,2025-12
2025-12-16 23:27:15,follower,2025-12
2025-12-16 23:20:12,follower,2025-12
2025-12-16 23:10:59,follower,2025-12
2025-12-16 22:27:16,follower,2025-12
2025-12-16 20:26:25,follower,2025-12
2025-12-16 19:55:28,follower,2025-12
2025-12-16 19:48:32,follower,2025-12
2025-12-16 17:31:10,follower,2025-12
2025-12-16 16:44:46,follower,2025-12
2025-12-16 15:00:55,follower,2025-12
2025-12-16 13:17:22,follower,2025-12
2025-12-16 13:16:20,follower,2025-12
2025-12-16 12:41:51,follower,2025-12
2025-12-16 12:28:33,follower,2025-12
2025-12-16 11:11:27,follower,2025-12
2025-12-16 10:52:21,follower,2025-12
2025-12-16 10:26:37,follower,2025-12
2025-12-16 10:18:17,follower,2025-12
2025-12-16 09:38:04,follower,2025-12
2025-12-16 09:28:24,follower,2025-12
2025-12-16 08:23:32,follower,2025-12
2025-12-16 06:47:38,follower,2025-12
2025-12-16 06:46:50,follower,2025-12
2025-12-16 01:44:18,follower,2025-12
2025-12-15 23:14:31,follower,2025-12
2025-12-15 23:04:13,follower,2025-12
2025-12-15 22:57:29,follower,2025-12
2025-12-15 22:28:50,follower,2025-12
2025-12-15 22:07:10,follower,2025-12
2025-12-15 21:50:13,follower,2025-12
2025-12-15 21:39:16,follower,2025-12
2025-12-15 21:25:06,follower,2025-12
2025-12-15 20:36:24,follower,2025-12
2025-12-15 20:34:29,follower,2025-12
2025-12-15 20:28:17,follower,2025-12
2025-12-15 20:14:21,follower,2025-12
2025-12-15 19:54:59,follower,2025-12
2025-12-15 19:49:27,follower,2025-12
2025-12-15 19:33:45,follower,2025-12
2025-12-15 19:31:43,follower,2025-12
2025-12-15 17:53:30,follower,2025-12
2025-12-15 17:08:30,follower,2025-12
2025-12-15 15:45:21,follower,2025-12
2025-12-15 15:04:34,follower,2025-12
2025-12-15 14:50:44,follower,2025-12
2025-12-15 13:17:30,follower,2025-12
2025-12-15 13:17:13,follower,2025-12
2025-12-15 13:09:49,follower,2025-12
2025-12-15 12:18:14,follower,2025-12
2025-12-15 11:36:30,follower,2025-12
2025-12-15 10:21:06,follower,2025-12
2025-12-15 09:09:57,follower,2025-12
2025-12-15 08:55:07,follower,2025-12
2025-12-15 08:27:56,follower,2025-12
2025-12-15 07:15:22,follower,2025-12
2025-12-15 06:50:10,follower,2025-12
2025-12-15 03:03:14,follower,2025-12
2025-12-15 01:44:25,follower,2025-12
2025-12-15 01:24:27,follower,2025-12
2025-12-15 01:07:13,follower,2025-12
2025-12-15 00:14:38,follower,2025-12
2025-12-15 00:13:52,follower,2025-12
2025-12-14 23:48:25,follower,2025-12
2025-12-14 23:32:51,follower,2025-12
2025-12-14 23:17:09,follower,2025-12
2025-12-14 22:25:36,follower,2025-12
2025-12-14 22:08:25,follower,2025-12
2025-12-14 21:53:47,follower,2025-12
2025-12-14 20:47:08,follower,2025-12
2025-12-14 19:27:32,follower,2025-12
2025-12-14 17:41:04,follower,2025-12
2025-12-14 17:35:38,follower,2025-12
2025-12-14 17:31:20,follower,2025-12
2025-12-14 17:30:27,follower,2025-12
2025-12-14 16:40:56,follower,2025-12
2025-12-14 16:30:55,follower,2025-12
2025-12-14 16:23:46,follower,2025-12
2025-12-14 16:12:23,follower,2025-12
2025-12-14 15:51:21,follower,2025-12
2025-12-14 15:02:41,follower,2025-12
2025-12-14 14:40:27,follower,2025-12
2025-12-14 14:25:58,follower,2025-12
2025-12-14 13:35:32,follower,2025-12
2025-12-14 13:08:51,follower,2025-12
2025-12-14 12:34:35,follower,2025-12
2025-12-14 09:37:09,follower,2025-12
2025-12-14 06:06:44,follower,2025-12
2025-12-14 02:34:40,follower,2025-12
2025-12-14 01:08:28,follower,2025-12
2025-12-14 00:39:49,follower,2025-12
2025-12-13 23:11:06,follower,2025-12
2025-12-13 22:47:00,follower,2025-12
2025-12-13 21:10:47,follower,2025-12
2025-12-13 20:45:55,follower,2025-12
2025-12-13 19:30:54,follower,2025-12
2025-12-13 18:47:52,follower,2025-12
2025-12-13 18:02:32,follower,2025-12
2025-12-13 17:26:41,follower,2025-12
2025-12-13 16:09:42,follower,2025-12
2025-12-13 15:17:57,follower,2025-12
2025-12-13 13:20:11,follower,2025-12
2025-12-13 13:07:43,follower,2025-12
2025-12-13 12:33:27,follower,2025-12
2025-12-13 11:53:54,follower,2025-12
2025-12-13 10:50:36,follower,2025-12
2025-12-13 10:46:20,follower,2025-12
2025-12-13 10:03:17,follower,2025-12
2025-12-13 08:24:25,follower,2025-12
2025-12-13 07:59:37,follower,2025-12
2025-12-13 07:23:48,follower,2025-12
2025-12-13 06:32:22,follower,2025-12
2025-12-12 18:24:28,follower,2025-12
2025-12-12 13:41:54,follower,2025-12
2025-12-12 10:43:37,follower,2025-12
2025-12-12 00:28:55,follower,2025-12
2025-12-11 22:51:40,follower,2025-12
2025-12-11 21:46:25,follower,2025-12
2025-12-11 21:17:29,follower,2025-12
2025-12-11 18:15:40,follower,2025-12
2025-12-11 17:13:57,follower,2025-12
2025-12-11 17:01:07,follower,2025-12
2025-12-11 16:28:18,follower,2025-12
2025-12-11 14:17:24,follower,2025-12
2025-12-11 10:43:54,follower,2025-12
2025-12-11 03:02:27,follower,2025-12
2025-12-11 00:01:44,follower,2025-12
2025-12-11 00:01:34,follower,2025-12
2025-12-10 23:24:31,follower,2025-12
2025-12-10 22:30:27,follower,2025-12
2025-12-10 21:20:59,follower,2025-12
2025-12-10 21:05:52,follower,2025-12
2025-12-10 20:51:53,follower,2025-12
2025-12-09 23:16:05,follower,2025-12
2025-12-09 21:30:54,follower,2025-12
2025-12-09 13:14:06,follower,2025-12
2025-12-09 12:59:33,follower,2025-12
2025-12-09 11:04:43,follower,2025-12
2025-12-09 05:45:48,follower,2025-12
2025-12-08 16:21:15,follower,2025-12
2025-12-08 13:34:37,follower,2025-12
2025-12-08 12:54:50,follower,2025-12
2025-12-08 00:09:17,follower,2025-12
2025-12-07 23:36:06,follower,2025-12
2025-12-07 21:57:45,follower,2025-12
2025-12-07 21:53:19,follower,2025-12
2025-12-07 16:12:16,follower,2025-12
2025-12-07 11:43:40,follower,2025-12
2025-12-07 11:00:58,follower,2025-12
2025-12-07 10:42:49,follower,2025-12
2025-12-07 09:54:08,follower,2025-12
2025-12-06 23:11:19,follower,2025-12
2025-12-06 21:42:28,follower,2025-12
2025-12-06 21:30:59,follower,2025-12
2025-12-06 19:12:00,follower,2025-12
2025-12-06 17:24:45,follower,2025-12
2025-12-05 22:04:48,follower,2025-12
2025-12-05 20:01:02,follower,2025-12
2025-12-05 19:17:56,follower,2025-12
2025-12-05 18:30:08,follower,2025-12
2025-12-05 17:48:13,follower,2025-12
2025-12-05 00:38:44,follower,2025-12
2025-12-04 22:25:59,follower,2025-12
2025-12-04 22:05:56,follower,2025-12
2025-12-04 14:07:45,follower,2025-12
2025-12-04 04:30:44,follower,2025-12
2025-12-04 04:24:05,follower,2025-12
2025-12-03 22:35:26,follower,2025-12
2025-12-03 15:56:57,follower,2025-12
2025-12-03 14:51:13,follower,2025-12
2025-12-03 14:17:07,follower,2025-12
2025-12-03 13:37:57,follower,2025-12
2025-12-03 01:20:45,follower,2025-12
2025-12-03 00:01:30,follower,2025-12
2025-12-02 22:33:45,follower,2025-12
2025-12-02 21:07:15,follower,2025-12
2025-12-02 19:29:57,follower,2025-12
2025-12-02 18:37:44,follower,2025-12
2025-12-02 17:52:47,follower,2025-12
2025-12-02 15:37:06,follower,2025-12
2025-12-02 01:24:25,follower,2025-12
2025-12-01 23:34:09,follower,2025-12
2025-12-01 23:16:03,follower,2025-12
2025-12-01 23:04:09,follower,2025-12
2025-12-01 22:57:29,follower,2025-12
2025-12-01 22:00:33,follower,2025-12
2025-12-01 21:44:39,follower,2025-12
2025-12-01 21:41:40,follower,2025-12
2025-12-01 18:24:52,follower,2025-12
2025-12-01 17:27:05,follower,2025-12
2025-12-01 15:22:20,follower,2025-12
2025-12-01 15:02:49,follower,2025-12
2025-12-01 14:50:41,follower,2025-12
2025-12-01 13:54:40,follower,2025-12
2025-12-01 12:31:22,follower,2025-12
2025-12-01 09:32:37,follower,2025-12
2025-12-01 06:44:22,follower,2025-12
2025-12-01 00:33:05,follower,2025-12
2025-11-30 21:03:43,follower,2025-11
2025-11-30 20:45:21,follower,2025-11
2025-11-30 20:28:19,follower,2025-11
2025-11-30 19:12:54,follower,2025-11
2025-11-30 18:54:54,follower,2025-11
2025-11-30 17:47:45,follower,2025-11
2025-11-30 17:06:57,follower,2025-11
2025-11-30 16:49:59,follower,2025-11
2025-11-30 16:48:47,follower,2025-11
2025-11-30 15:49:17,follower,2025-11
2025-11-30 12:37:58,follower,2025-11
2025-11-30 12:03:28,follower,2025-11
2025-11-30 11:34:46,follower,2025-11
2025-11-30 09:46:46,follower,2025-11
2025-11-30 02:01:02,follower,2025-11
2025-11-30 00:36:38,follower,2025-11
2025-11-29 23:28:40,follower,2025-11
2025-11-29 22:37:31,follower,2025-11
2025-11-29 20:46:50,follower,2025-11
2025-11-29 20:36:00,follower,2025-11
2025-11-29 18:42:11,follower,2025-11
2025-11-29 18:10:30,follower,2025-11
2025-11-29 16:48:01,follower,2025-11
2025-11-29 15:54:53,follower,2025-11
2025-11-29 15:52:23,follower,2025-11
2025-11-29 15:43:26,follower,2025-11
2025-11-29 15:04:19,follower,2025-11
2025-11-29 14:11:27,follower,2025-11
2025-11-29 14:08:45,follower,2025-11
2025-11-29 13:37:36,follower,2025-11
2025-11-29 13:00:08,follower,2025-11
2025-11-29 12:50:36,follower,2025-11
2025-11-29 12:14:51,follower,2025-11
2025-11-29 12:01:51,follower,2025-11
2025-11-29 11:39:37,follower,2025-11
2025-11-29 11:26:32,follower,2025-11
2025-11-29 10:56:26,follower,2025-11
2025-11-29 10:35:38,follower,2025-11
2025-11-29 08:46:24,follower,2025-11
2025-11-29 08:38:57,follower,2025-11
2025-11-29 08:04:57,follower,2025-11
2025-11-29 07:23:41,follower,2025-11
2025-11-29 02:21:53,follower,2025-11
2025-11-29 01:32:34,follower,2025-11
2025-11-29 01:11:08,follower,2025-11
2025-11-29 00:34:05,follower,2025-11
2025-11-29 00:29:15,follower,2025-11
2025-11-29 00:04:09,follower,2025-11
2025-11-28 23:52:36,follower,2025-11
2025-11-28 23:25:59,follower,2025-11
2025-11-28 23:04:11,follower,2025-11
2025-11-28 22:44:32,follower,2025-11
2025-11-28 22:17:46,follower,2025-11
2025-11-28 21:58:05,follower,2025-11
2025-11-28 21:10:34,follower,2025-11
2025-11-28 21:00:59,follower,2025-11
2025-11-28 20:59:09,follower,2025-11
2025-11-28 20:16:14,follower,2025-11
2025-11-28 20:07:26,follower,2025-11
2025-11-28 19:51:05,follower,2025-11
2025-11-28 19:46:44,follower,2025-11
2025-11-28 19:19:59,follower,2025-11
2025-11-28 19:07:30,follower,2025-11
2025-11-28 19:07:24,follower,2025-11
2025-11-28 18:10:57,follower,2025-11
2025-11-28 17:45:55,follower,2025-11
2025-11-28 17:31:02,follower,2025-11
2025-11-28 17:03:03,follower,2025-11
2025-11-28 16:58:55,follower,2025-11
2025-11-28 16:29:16,follower,2025-11
2025-11-28 16:27:31,follower,2025-11
2025-11-28 16:16:51,follower,2025-11
2025-11-28 16:09:38,follower,2025-11
2025-11-28 16:08:15,follower,2025-11
2025-11-28 15:58:41,follower,2025-11
2025-11-28 15:13:12,follower,2025-11
2025-11-28 14:12:32,follower,2025-11
2025-11-28 06:47:55,follower,2025-11
2025-11-28 03:05:50,follower,2025-11
2025-11-27 23:23:34,follower,2025-11
2025-11-27 23:18:57,follower,2025-11
2025-11-27 22:45:44,follower,2025-11
2025-11-27 22:36:49,follower,2025-11
2025-11-27 22:21:45,follower,2025-11
2025-11-27 19:32:23,follower,2025-11
2025-11-27 18:22:01,follower,2025-11
2025-11-27 17:19:35,follower,2025-11
2025-11-27 14:49:50,follower,2025-11
2025-11-27 14:11:11,follower,2025-11
2025-11-27 13:58:08,follower,2025-11
2025-11-27 13:53:56,follower,2025-11
2025-11-27 13:48:50,follower,2025-11
2025-11-27 13:12:40,follower,2025-11
2025-11-27 08:58:16,follower,2025-11
2025-11-27 07:41:00,follower,2025-11
2025-11-27 05:30:15,follower,2025-11
2025-11-27 02:43:24,follower,2025-11
2025-11-27 02:34:12,follower,2025-11
2025-11-26 22:25:53,follower,2025-11
2025-11-26 21:10:28,follower,2025-11
2025-11-26 17:39:22,follower,2025-11
2025-11-26 16:59:51,follower,2025-11
2025-11-26 16:48:35,follower,2025-11
2025-11-26 12:20:10,follower,2025-11
2025-11-26 11:58:38,follower,2025-11
2025-11-26 11:56:16,follower,2025-11
2025-11-26 11:09:17,follower,2025-11
2025-11-26 00:43:01,follower,2025-11
2025-11-25 23:38:48,follower,2025-11
2025-11-25 23:12:47,follower,2025-11
2025-11-25 21:42:03,follower,2025-11
2025-11-25 21:24:39,follower,2025-11
2025-11-25 21:19:27,follower,2025-11
2025-11-25 19:06:11,follower,2025-11
2025-11-25 19:03:11,follower,2025-11
2025-11-25 18:59:59,follower,2025-11
2025-11-25 18:28:32,follower,2025-11
2025-11-25 17:50:03,follower,2025-11
2025-11-25 16:09:52,follower,2025-11
2025-11-25 15:41:10,follower,2025-11
2025-11-25 14:51:17,follower,2025-11
2025-11-25 14:51:13,follower,2025-11
2025-11-25 13:13:17,follower,2025-11
2025-11-25 12:26:01,follower,2025-11
2025-11-25 03:20:16,follower,2025-11
2025-11-25 01:01:31,follower,2025-11
2025-11-25 00:37:59,follower,2025-11
2025-11-24 22:25:38,follower,2025-11
2025-11-24 19:34:53,follower,2025-11
2025-11-24 19:04:55,follower,2025-11
2025-11-24 18:23:34,follower,2025-11
2025-11-24 18:11:25,follower,2025-11
2025-11-24 15:07:04,follower,2025-11
2025-11-24 13:35:03,follower,2025-11
2025-11-24 11:53:22,follower,2025-11
2025-11-24 11:27:53,follower,2025-11
2025-11-24 10:38:12,follower,2025-11
2025-11-24 09:40:44,follower,2025-11
2025-11-24 01:51:35,follower,2025-11
2025-11-24 01:08:02,follower,2025-11
2025-11-24 00:01:33,follower,2025-11
2025-11-23 23:27:39,follower,2025-11
2025-11-23 23:18:45,follower,2025-11
2025-11-23 22:49:40,follower,2025-11
2025-11-23 22:13:29,follower,2025-11
2025-11-23 20:47:25,follower,2025-11
2025-11-23 20:30:54,follower,2025-11
2025-11-23 19:48:01,follower,2025-11
2025-11-23 18:48:23,follower,2025-11
2025-11-23 18:47:45,follower,2025-11
2025-11-23 17:36:30,follower,2025-11
2025-11-23 16:44:37,follower,2025-11
2025-11-23 15:52:08,follower,2025-11
2025-11-23 15:47:34,follower,2025-11
2025-11-23 14:48:36,follower,2025-11
2025-11-23 12:56:08,follower,2025-11
2025-11-23 12:35:31,follower,2025-11
2025-11-23 12:00:24,follower,2025-11
2025-11-23 10:08:05,follower,2025-11
2025-11-23 08:34:44,follower,2025-11
2025-11-23 02:46:30,follower,2025-11
2025-11-23 02:24:03,follower,2025-11
2025-11-23 01:05:04,follower,2025-11
2025-11-23 00:53:05,follower,2025-11
2025-11-23 00:49:43,follower,2025-11
2025-11-23 00:31:26,follower,2025-11
2025-11-22 23:49:10,follower,2025-11
2025-11-22 23:47:04,follower,2025-11
2025-11-22 22:39:16,follower,2025-11
2025-11-22 22:19:27,follower,2025-11
2025-11-22 21:31:37,follower,2025-11
2025-11-22 21:06:10,follower,2025-11
2025-11-22 20:44:28,follower,2025-11
2025-11-22 20:22:25,follower,2025-11
2025-11-22 19:02:40,follower,2025-11
2025-11-22 17:55:42,follower,2025-11
2025-11-22 17:43:22,follower,2025-11
2025-11-22 17:42:00,follower,2025-11
2025-11-22 17:35:36,follower,2025-11
2025-11-22 16:38:50,follower,2025-11
2025-11-22 11:33:59,follower,2025-11
2025-11-22 11:11:23,follower,2025-11
2025-11-22 11:01:34,follower,2025-11
2025-11-22 10:52:12,follower,2025-11
2025-11-22 10:22:03,follower,2025-11
2025-11-22 09:26:46,follower,2025-11
2025-11-22 07:35:58,follower,2025-11
2025-11-22 05:09:46,follower,2025-11
2025-11-22 04:05:09,follower,2025-11
2025-11-22 01:49:11,follower,2025-11
2025-11-22 01:27:11,follower,2025-11
2025-11-22 01:25:21,follower,2025-11
2025-11-22 01:24:47,follower,2025-11
2025-11-22 01:07:15,follower,2025-11
2025-11-22 00:36:20,follower,2025-11
2025-11-22 00:09:21,follower,2025-11
2025-11-21 23:41:00,follower,2025-11
2025-11-21 23:03:24,follower,2025-11
2025-11-21 22:39:38,follower,2025-11
2025-11-21 22:22:41,follower,2025-11
2025-11-21 21:59:53,follower,2025-11
2025-11-21 21:58:22,follower,2025-11
2025-11-21 21:54:30,follower,2025-11
2025-11-21 21:43:22,follower,2025-11
2025-11-21 21:28:02,follower,2025-11
2025-11-21 21:06:36,follower,2025-11
2025-11-21 20:55:15,follower,2025-11
2025-11-21 20:44:12,follower,2025-11
2025-11-21 20:04:30,follower,2025-11
2025-11-21 19:40:52,follower,2025-11
2025-11-21 17:17:50,follower,2025-11
2025-11-21 16:51:56,follower,2025-11
2025-11-21 16:42:57,follower,2025-11
2025-11-21 16:13:31,follower,2025-11
2025-11-21 15:16:04,follower,2025-11
2025-11-21 15:09:33,follower,2025-11
2025-11-21 15:02:38,follower,2025-11
2025-11-21 15:00:00,follower,2025-11
2025-11-21 14:53:56,follower,2025-11
2025-11-21 14:01:53,follower,2025-11
2025-11-21 13:02:54,follower,2025-11
2025-11-21 12:53:24,follower,2025-11
2025-11-21 12:07:24,follower,2025-11
2025-11-21 11:55:38,follower,2025-11
2025-11-21 11:05:08,follower,2025-11
2025-11-21 11:00:32,follower,2025-11
2025-11-21 07:24:54,follower,2025-11
2025-11-21 07:17:05,follower,2025-11
2025-11-21 03:14:08,follower,2025-11
2025-11-21 00:55:10,follower,2025-11
2025-11-20 23:43:54,follower,2025-11
2025-11-20 23:33:35,follower,2025-11
2025-11-20 23:23:53,follower,2025-11
2025-11-20 22:24:29,follower,2025-11
2025-11-20 21:46:46,follower,2025-11
2025-11-20 20:58:57,follower,2025-11
2025-11-20 19:17:02,follower,2025-11
2025-11-20 18:14:30,follower,2025-11
2025-11-20 17:59:58,follower,2025-11
2025-11-20 16:50:14,follower,2025-11
2025-11-20 16:10:36,follower,2025-11
2025-11-20 15:35:34,follower,2025-11
2025-11-20 15:26:17,follower,2025-11
2025-11-20 14:47:41,follower,2025-11
2025-11-20 13:46:39,follower,2025-11
2025-11-20 13:33:37,follower,2025-11
2025-11-20 12:22:00,follower,2025-11
2025-11-20 09:56:14,follower,2025-11
2025-11-20 09:44:08,follower,2025-11
2025-11-20 08:28:37,follower,2025-11
2025-11-20 08:08:04,follower,2025-11
2025-11-20 06:48:41,follower,2025-11
2025-11-20 03:05:22,follower,2025-11
2025-11-20 01:43:38,follower,2025-11
2025-11-19 23:53:34,follower,2025-11
2025-11-19 23:44:30,follower,2025-11
2025-11-19 23:30:33,follower,2025-11
2025-11-19 22:16:02,follower,2025-11
2025-11-19 22:16:01,follower,2025-11
2025-11-19 21:22:03,follower,2025-11
2025-11-19 20:51:24,follower,2025-11
2025-11-19 20:45:25,follower,2025-11
2025-11-19 19:56:52,follower,2025-11
2025-11-19 19:55:26,follower,2025-11
2025-11-19 19:33:37,follower,2025-11
2025-11-19 17:36:58,follower,2025-11
2025-11-19 17:36:05,follower,2025-11
2025-11-19 17:26:30,follower,2025-11
2025-11-19 17:26:28,follower,2025-11
2025-11-19 17:25:44,follower,2025-11
2025-11-19 17:06:22,follower,2025-11
2025-11-19 17:03:17,follower,2025-11
2025-11-19 16:39:27,follower,2025-11
2025-11-19 15:18:44,follower,2025-11
2025-11-19 15:07:32,follower,2025-11
2025-11-19 15:00:16,follower,2025-11
2025-11-19 14:51:12,follower,2025-11
2025-11-19 14:48:17,follower,2025-11
2025-11-19 14:40:58,follower,2025-11
2025-11-19 12:48:16,follower,2025-11
2025-11-19 12:09:31,follower,2025-11
2025-11-19 11:56:56,follower,2025-11
2025-11-19 11:06:14,follower,2025-11
2025-11-19 08:18:13,follower,2025-11
2025-11-19 06:23:49,follower,2025-11
2025-11-19 05:52:54,follower,2025-11
2025-11-19 04:48:47,follower,2025-11
2025-11-19 03:55:03,follower,2025-11
2025-11-19 03:39:44,follower,2025-11
2025-11-19 01:28:35,follower,2025-11
2025-11-19 00:14:38,follower,2025-11
2025-11-19 00:11:56,follower,2025-11
2025-11-18 23:58:10,follower,2025-11
2025-11-18 23:55:31,follower,2025-11
2025-11-18 23:20:46,follower,2025-11
2025-11-18 23:18:29,follower,2025-11
2025-11-18 22:55:39,follower,2025-11
2025-11-18 22:41:07,follower,2025-11
2025-11-18 22:00:50,follower,2025-11
2025-11-18 21:37:43,follower,2025-11
2025-11-18 20:42:30,follower,2025-11
2025-11-18 19:49:13,follower,2025-11
2025-11-18 19:33:52,follower,2025-11
2025-11-18 19:24:04,follower,2025-11
2025-11-18 18:55:18,follower,2025-11
2025-11-18 18:30:59,follower,2025-11
2025-11-18 17:12:01,follower,2025-11
2025-11-18 17:11:40,follower,2025-11
2025-11-18 16:45:12,follower,2025-11
2025-11-18 16:23:07,follower,2025-11
2025-11-18 15:03:44,follower,2025-11
2025-11-18 14:56:10,follower,2025-11
2025-11-18 14:20:06,follower,2025-11
2025-11-18 13:38:24,follower,2025-11
2025-11-18 13:26:09,follower,2025-11
2025-11-18 13:19:08,follower,2025-11
2025-11-18 13:14:13,follower,2025-11
2025-11-18 13:03:34,follower,2025-11
2025-11-18 11:09:11,follower,2025-11
2025-11-18 10:39:33,follower,2025-11
2025-11-18 09:50:48,follower,2025-11
2025-11-18 09:32:47,follower,2025-11
2025-11-18 09:26:07,follower,2025-11
2025-11-18 09:20:42,follower,2025-11
2025-11-18 04:21:12,follower,2025-11
2025-11-18 03:42:46,follower,2025-11
2025-11-18 03:04:33,follower,2025-11
2025-11-18 02:51:28,follower,2025-11
2025-11-18 01:32:17,follower,2025-11
2025-11-18 01:28:18,follower,2025-11
2025-11-18 01:05:22,follower,2025-11
2025-11-18 00:55:32,follower,2025-11
2025-11-18 00:50:15,follower,2025-11
2025-11-18 00:32:57,follower,2025-11
2025-11-18 00:28:35,follower,2025-11
2025-11-18 00:20:20,follower,2025-11
2025-11-17 23:51:55,follower,2025-11
2025-11-17 23:47:54,follower,2025-11
2025-11-17 23:47:44,follower,2025-11
2025-11-17 23:33:48,follower,2025-11
2025-11-17 23:22:29,follower,2025-11
2025-11-17 23:07:22,follower,2025-11
2025-11-17 22:50:34,follower,2025-11
2025-11-17 22:41:47,follower,2025-11
2025-11-17 22:23:18,follower,2025-11
2025-11-17 22:01:09,follower,2025-11
2025-11-17 21:59:08,follower,2025-11
2025-11-17 21:49:56,follower,2025-11
2025-11-17 21:42:46,follower,2025-11
2025-11-17 21:37:46,follower,2025-11
2025-11-17 21:28:52,follower,2025-11
2025-11-17 20:57:51,follower,2025-11
2025-11-17 20:57:04,follower,2025-11
2025-11-17 20:49:54,follower,2025-11
2025-11-17 20:25:56,follower,2025-11
2025-11-17 20:07:40,follower,2025-11
2025-11-17 19:45:30,follower,2025-11
2025-11-17 19:40:58,follower,2025-11
2025-11-17 18:49:11,follower,2025-11
2025-11-17 17:52:49,follower,2025-11
2025-11-17 17:51:48,follower,2025-11
2025-11-17 16:26:02,follower,2025-11
2025-11-17 16:09:59,follower,2025-11
2025-11-17 15:56:56,follower,2025-11
2025-11-17 15:38:39,follower,2025-11
2025-11-17 15:25:21,follower,2025-11
2025-11-17 15:14:08,follower,2025-11
2025-11-17 15:13:30,follower,2025-11
2025-11-17 14:39:30,follower,2025-11
2025-11-17 14:27:22,follower,2025-11
2025-11-17 14:18:15,follower,2025-11
2025-11-17 13:18:55,follower,2025-11
2025-11-17 13:15:19,follower,2025-11
2025-11-17 13:14:51,follower,2025-11
2025-11-17 12:41:59,follower,2025-11
2025-11-17 12:10:05,follower,2025-11
2025-11-17 11:43:48,follower,2025-11
2025-11-17 11:30:46,follower,2025-11
2025-11-17 11:15:53,follower,2025-11
2025-11-17 11:11:00,follower,2025-11
2025-11-17 10:55:36,follower,2025-11
2025-11-17 10:30:02,follower,2025-11
2025-11-17 10:29:38,follower,2025-11
2025-11-17 10:19:44,follower,2025-11
2025-11-17 10:17:43,follower,2025-11
2025-11-17 09:31:28,follower,2025-11
2025-11-17 09:25:13,follower,2025-11
2025-11-17 08:49:58,follower,2025-11
2025-11-17 08:21:11,follower,2025-11
2025-11-17 06:31:00,follower,2025-11
2025-11-17 05:25:10,follower,2025-11
2025-11-17 04:59:36,follower,2025-11
2025-11-17 04:56:46,follower,2025-11
2025-11-17 04:02:07,follower,2025-11
2025-11-17 03:38:17,follower,2025-11
2025-11-17 03:25:27,follower,2025-11
2025-11-17 02:35:20,follower,2025-11
2025-11-17 02:30:14,follower,2025-11
2025-11-17 01:29:16,follower,2025-11
2025-11-17 00:56:32,follower,2025-11
2025-11-17 00:00:13,follower,2025-11
2025-11-16 23:40:13,follower,2025-11
2025-11-16 23:37:06,follower,2025-11
2025-11-16 23:26:50,follower,2025-11
2025-11-16 22:28:32,follower,2025-11
2025-11-16 22:23:00,follower,2025-11
2025-11-16 22:21:11,follower,2025-11
2025-11-16 22:11:05,follower,2025-11
2025-11-16 22:09:49,follower,2025-11
2025-11-16 21:13:07,follower,2025-11
2025-11-16 21:12:35,follower,2025-11
2025-11-16 21:08:35,follower,2025-11
2025-11-16 20:51:39,follower,2025-11
2025-11-16 20:38:14,follower,2025-11
2025-11-16 20:34:49,follower,2025-11
2025-11-16 20:30:30,follower,2025-11
2025-11-16 20:27:06,follower,2025-11
2025-11-16 20:18:42,follower,2025-11
2025-11-16 20:04:44,follower,2025-11
2025-11-16 20:01:54,follower,2025-11
2025-11-16 19:22:09,follower,2025-11
2025-11-16 18:33:04,follower,2025-11
2025-11-16 18:14:29,follower,2025-11
2025-11-16 18:06:32,follower,2025-11
2025-11-16 18:03:21,follower,2025-11
2025-11-16 18:02:32,follower,2025-11
2025-11-16 18:02:24,follower,2025-11
2025-11-16 17:58:31,follower,2025-11
2025-11-16 17:54:02,follower,2025-11
2025-11-16 17:41:41,follower,2025-11
2025-11-16 16:54:10,follower,2025-11
2025-11-16 16:50:45,follower,2025-11
2025-11-16 16:38:37,follower,2025-11
2025-11-16 16:35:21,follower,2025-11
2025-11-16 16:35:15,follower,2025-11
2025-11-16 16:29:08,follower,2025-11
2025-11-16 16:15:22,follower,2025-11
2025-11-16 16:09:01,follower,2025-11
2025-11-16 15:51:51,follower,2025-11
2025-11-16 15:37:15,follower,2025-11
2025-11-16 15:32:47,follower,2025-11
2025-11-16 15:18:46,follower,2025-11
2025-11-16 14:59:32,follower,2025-11
2025-11-16 14:50:42,follower,2025-11
2025-11-16 14:43:19,follower,2025-11
2025-11-16 14:38:11,follower,2025-11
2025-11-16 14:24:00,follower,2025-11
2025-11-16 14:15:17,follower,2025-11
2025-11-16 14:04:10,follower,2025-11
2025-11-16 13:34:19,follower,2025-11
2025-11-16 12:24:14,follower,2025-11
2025-11-16 12:08:51,follower,2025-11
2025-11-16 12:01:29,follower,2025-11
2025-11-16 12:00:20,follower,2025-11
2025-11-16 11:45:37,follower,2025-11
2025-11-16 11:41:30,follower,2025-11
2025-11-16 11:37:14,follower,2025-11
2025-11-16 11:24:51,follower,2025-11
2025-11-16 01:55:16,follower,2025-11
2025-11-16 01:18:38,follower,2025-11
2025-11-16 01:12:03,follower,2025-11
2025-11-16 00:55:33,follower,2025-11
2025-11-16 00:50:15,follower,2025-11
2025-11-16 00:43:30,follower,2025-11
2025-11-16 00:28:15,follower,2025-11
2025-11-15 23:39:57,follower,2025-11
2025-11-15 23:38:59,follower,2025-11
2025-11-15 23:37:24,follower,2025-11
2025-11-15 23:16:54,follower,2025-11
2025-11-15 22:48:21,follower,2025-11
2025-11-15 22:11:19,follower,2025-11
2025-11-15 22:11:09,follower,2025-11
2025-11-15 21:08:34,follower,2025-11
2025-11-15 20:44:42,follower,2025-11
2025-11-15 20:40:23,follower,2025-11
2025-11-15 20:27:21,follower,2025-11
2025-11-15 20:25:53,follower,2025-11
2025-11-15 20:06:56,follower,2025-11
2025-11-15 19:26:27,follower,2025-11
2025-11-15 19:22:57,follower,2025-11
2025-11-15 18:39:23,follower,2025-11
2025-11-15 18:38:08,follower,2025-11
2025-11-15 17:23:38,follower,2025-11
2025-11-15 17:10:01,follower,2025-11
2025-11-15 16:26:07,follower,2025-11
2025-11-15 16:08:56,follower,2025-11
2025-11-15 15:48:50,follower,2025-11
2025-11-15 15:40:10,follower,2025-11
2025-11-15 15:26:03,follower,2025-11
2025-11-15 15:13:58,follower,2025-11
2025-11-15 15:10:55,follower,2025-11
2025-11-15 15:09:27,follower,2025-11
2025-11-15 15:08:05,follower,2025-11
2025-11-15 15:00:56,follower,2025-11
2025-11-15 14:52:42,follower,2025-11
2025-11-15 14:32:36,follower,2025-11
2025-11-15 13:54:29,follower,2025-11
2025-11-15 13:50:04,follower,2025-11
2025-11-15 13:36:41,follower,2025-11
2025-11-15 12:42:55,follower,2025-11
2025-11-15 12:27:49,follower,2025-11
2025-11-15 12:23:56,follower,2025-11
2025-11-15 12:12:00,follower,2025-11
2025-11-15 12:08:44,follower,2025-11
2025-11-15 10:53:11,follower,2025-11
2025-11-15 09:21:04,follower,2025-11
2025-11-15 09:02:57,follower,2025-11
2025-11-15 07:54:27,follower,2025-11
2025-11-15 07:47:16,follower,2025-11
2025-11-15 06:51:39,follower,2025-11
2025-11-15 05:57:02,follower,2025-11
2025-11-15 05:55:18,follower,2025-11
2025-11-15 01:31:37,follower,2025-11
2025-11-15 01:20:52,follower,2025-11
2025-11-15 01:20:31,follower,2025-11
2025-11-15 00:15:24,follower,2025-11
2025-11-14 23:35:23,follower,2025-11
2025-11-14 23:28:09,follower,2025-11
2025-11-14 23:25:29,follower,2025-11
2025-11-14 23:06:28,follower,2025-11
2025-11-14 22:43:26,follower,2025-11
2025-11-14 22:04:36,follower,2025-11
2025-11-14 22:04:21,follower,2025-11
2025-11-14 21:56:56,follower,2025-11
2025-11-14 21:51:10,follower,2025-11
2025-11-14 21:31:06,follower,2025-11
2025-11-14 20:53:29,follower,2025-11
2025-11-14 20:47:54,follower,2025-11
2025-11-14 20:10:30,follower,2025-11
2025-11-14 18:28:54,follower,2025-11
2025-11-14 18:19:54,follower,2025-11
2025-11-14 18:10:00,follower,2025-11
2025-11-14 17:48:25,follower,2025-11
2025-11-14 17:01:40,follower,2025-11
2025-11-14 16:50:28,follower,2025-11
2025-11-14 16:13:28,follower,2025-11
2025-11-14 16:03:37,follower,2025-11
2025-11-14 16:02:31,follower,2025-11
2025-11-14 15:42:23,follower,2025-11
2025-11-14 15:23:05,follower,2025-11
2025-11-14 15:20:10,follower,2025-11
2025-11-14 15:19:58,follower,2025-11
2025-11-14 14:35:40,follower,2025-11
2025-11-14 14:23:03,follower,2025-11
2025-11-14 13:50:21,follower,2025-11
2025-11-14 13:09:44,follower,2025-11
2025-11-14 13:08:29,follower,2025-11
2025-11-14 12:57:54,follower,2025-11
2025-11-14 12:16:57,follower,2025-11
2025-11-14 11:37:39,follower,2025-11
2025-11-14 11:33:43,follower,2025-11
2025-11-14 11:04:10,follower,2025-11
2025-11-14 10:28:46,follower,2025-11
2025-11-14 09:26:40,follower,2025-11
2025-11-14 07:32:45,follower,2025-11
2025-11-14 06:20:23,follower,2025-11
2025-11-14 03:24:02,follower,2025-11
2025-11-14 02:59:25,follower,2025-11
2025-11-14 01:05:44,follower,2025-11
2025-11-13 23:54:02,follower,2025-11
2025-11-13 23:43:13,follower,2025-11
2025-11-13 23:09:16,follower,2025-11
2025-11-13 22:38:58,follower,2025-11
2025-11-13 22:31:21,follower,2025-11
2025-11-13 22:27:14,follower,2025-11
2025-11-13 22:16:39,follower,2025-11
2025-11-13 20:01:29,follower,2025-11
2025-11-13 19:59:46,follower,2025-11
2025-11-13 19:44:42,follower,2025-11
2025-11-13 19:14:12,follower,2025-11
2025-11-13 18:29:22,follower,2025-11
2025-11-13 17:20:17,follower,2025-11
2025-11-13 16:13:45,follower,2025-11
2025-11-13 14:53:55,follower,2025-11
2025-11-13 14:32:39,follower,2025-11
2025-11-13 13:33:03,follower,2025-11
2025-11-13 12:33:31,follower,2025-11
2025-11-13 12:12:04,follower,2025-11
2025-11-13 11:35:02,follower,2025-11
2025-11-13 10:53:58,follower,2025-11
2025-11-13 09:25:54,follower,2025-11
2025-11-13 09:09:25,follower,2025-11
2025-11-13 09:07:29,follower,2025-11
2025-11-13 08:43:24,follower,2025-11
2025-11-13 08:01:11,follower,2025-11
2025-11-13 07:23:16,follower,2025-11
2025-11-13 06:54:24,follower,2025-11
2025-11-13 03:32:42,follower,2025-11
2025-11-13 03:02:39,follower,2025-11
2025-11-13 02:49:37,follower,2025-11
2025-11-13 02:29:58,follower,2025-11
2025-11-13 01:52:22,follower,2025-11
2025-11-13 00:50:00,follower,2025-11
2025-11-13 00:20:17,follower,2025-11
2025-11-13 00:05:18,follower,2025-11
2025-11-13 00:01:35,follower,2025-11
2025-11-12 23:57:00,follower,2025-11
2025-11-12 23:45:48,follower,2025-11
2025-11-12 23:45:38,follower,2025-11
2025-11-12 23:27:08,follower,2025-11
2025-11-12 23:23:40,follower,2025-11
2025-11-12 23:01:25,follower,2025-11
2025-11-12 22:55:59,follower,2025-11
2025-11-12 22:47:40,follower,2025-11
2025-11-12 22:14:07,follower,2025-11
2025-11-12 21:41:55,follower,2025-11
2025-11-12 21:41:31,follower,2025-11
2025-11-12 21:40:47,follower,2025-11
2025-11-12 21:37:00,follower,2025-11
2025-11-12 21:35:36,follower,2025-11
2025-11-12 21:26:44,follower,2025-11
2025-11-12 21:15:36,follower,2025-11
2025-11-12 20:55:03,follower,2025-11
2025-11-12 20:52:58,follower,2025-11
2025-11-12 20:32:21,follower,2025-11
2025-11-12 19:43:47,follower,2025-11
2025-11-12 19:17:32,follower,2025-11
2025-11-12 19:10:52,follower,2025-11
2025-11-12 18:36:42,follower,2025-11
2025-11-12 18:33:48,follower,2025-11
2025-11-12 18:08:55,follower,2025-11
2025-11-12 18:06:02,follower,2025-11
2025-11-12 17:12:31,follower,2025-11
2025-11-12 16:28:48,follower,2025-11
2025-11-12 16:28:02,follower,2025-11
2025-11-12 16:09:03,follower,2025-11
2025-11-12 15:25:33,follower,2025-11
2025-11-12 15:18:08,follower,2025-11
2025-11-12 15:03:11,follower,2025-11
2025-11-12 14:47:50,follower,2025-11
2025-11-12 14:11:28,follower,2025-11
2025-11-12 13:53:26,follower,2025-11
2025-11-12 13:22:01,follower,2025-11
2025-11-12 13:11:43,follower,2025-11
2025-11-12 12:52:30,follower,2025-11
2025-11-12 12:52:23,follower,2025-11
2025-11-12 12:40:40,follower,2025-11
2025-11-12 12:35:39,follower,2025-11
2025-11-12 12:26:43,follower,2025-11
2025-11-12 11:45:30,follower,2025-11
2025-11-12 11:38:11,follower,2025-11
2025-11-12 11:19:28,follower,2025-11
2025-11-12 10:59:46,follower,2025-11
2025-11-12 10:59:00,follower,2025-11
2025-11-12 10:54:29,follower,2025-11
2025-11-12 10:18:12,follower,2025-11
2025-11-12 10:14:24,follower,2025-11
2025-11-12 08:04:57,follower,2025-11
2025-11-12 06:18:24,follower,2025-11
2025-11-12 05:42:07,follower,2025-11
2025-11-12 03:47:35,follower,2025-11
2025-11-12 03:14:11,follower,2025-11
2025-11-12 02:46:06,follower,2025-11
2025-11-12 02:17:24,follower,2025-11
2025-11-12 01:43:03,follower,2025-11
2025-11-12 00:40:29,follower,2025-11
2025-11-12 00:29:33,follower,2025-11
2025-11-11 23:59:23,follower,2025-11
2025-11-11 23:55:42,follower,2025-11
2025-11-11 22:53:41,follower,2025-11
2025-11-11 22:52:47,follower,2025-11
2025-11-11 22:52:31,follower,2025-11
2025-11-11 22:40:41,follower,2025-11
2025-11-11 22:34:20,follower,2025-11
2025-11-11 22:26:23,follower,2025-11
2025-11-11 22:23:55,follower,2025-11
2025-11-11 22:16:14,follower,2025-11
2025-11-11 22:11:38,follower,2025-11
2025-11-11 21:53:48,follower,2025-11
2025-11-11 21:38:41,follower,2025-11
2025-11-11 21:37:34,follower,2025-11
2025-11-11 21:35:46,follower,2025-11
2025-11-11 21:16:12,follower,2025-11
2025-11-11 21:09:06,follower,2025-11
2025-11-11 21:03:15,follower,2025-11
2025-11-11 20:54:00,follower,2025-11
2025-11-11 20:47:46,follower,2025-11
2025-11-11 20:21:15,follower,2025-11
2025-11-11 20:20:50,follower,2025-11
2025-11-11 19:42:20,follower,2025-11
2025-11-11 19:41:15,follower,2025-11
2025-11-11 19:19:47,follower,2025-11
2025-11-11 19:17:55,follower,2025-11
2025-11-11 19:17:43,follower,2025-11
2025-11-11 19:13:02,follower,2025-11
2025-11-11 18:27:24,follower,2025-11
2025-11-11 18:08:14,follower,2025-11
2025-11-11 17:58:14,follower,2025-11
2025-11-11 17:48:51,follower,2025-11
2025-11-11 17:41:09,follower,2025-11
2025-11-11 17:37:07,follower,2025-11
2025-11-11 17:31:38,follower,2025-11
2025-11-11 17:16:26,follower,2025-11
2025-11-11 17:03:20,follower,2025-11
2025-11-11 16:44:30,follower,2025-11
2025-11-11 16:33:39,follower,2025-11
2025-11-11 16:33:04,follower,2025-11
2025-11-11 16:32:50,follower,2025-11
2025-11-11 16:30:45,follower,2025-11
2025-11-11 16:30:30,follower,2025-11
2025-11-11 16:29:25,follower,2025-11
2025-11-11 16:25:12,follower,2025-11
2025-11-11 15:52:15,follower,2025-11
2025-11-11 15:44:36,follower,2025-11
2025-11-11 15:26:50,follower,2025-11
2025-11-11 14:27:39,follower,2025-11
2025-11-11 14:19:40,follower,2025-11
2025-11-11 14:18:32,follower,2025-11
2025-11-11 13:59:16,follower,2025-11
2025-11-11 13:54:20,follower,2025-11
2025-11-11 13:48:28,follower,2025-11
2025-11-11 13:40:32,follower,2025-11
2025-11-11 13:37:21,follower,2025-11
2025-11-11 13:28:16,follower,2025-11
2025-11-11 13:12:16,follower,2025-11
2025-11-11 13:05:13,follower,2025-11
2025-11-11 13:00:53,follower,2025-11
2025-11-11 12:43:16,follower,2025-11
2025-11-11 12:41:29,follower,2025-11
2025-11-11 12:36:42,follower,2025-11
2025-11-11 12:04:08,follower,2025-11
2025-11-11 12:03:01,follower,2025-11
2025-11-11 11:55:42,follower,2025-11
2025-11-11 11:50:38,follower,2025-11
2025-11-11 11:49:33,follower,2025-11
2025-11-11 11:15:52,follower,2025-11
2025-11-11 10:39:15,follower,2025-11
2025-11-11 10:38:37,follower,2025-11
2025-11-11 10:30:41,follower,2025-11
2025-11-11 10:18:04,follower,2025-11
2025-11-11 10:03:58,follower,2025-11
2025-11-11 09:35:46,follower,2025-11
2025-11-11 09:34:34,follower,2025-11
2025-11-11 09:16:33,follower,2025-11
2025-11-11 08:27:58,follower,2025-11
2025-11-11 08:00:16,follower,2025-11
2025-11-11 07:16:31,follower,2025-11
2025-11-11 07:05:40,follower,2025-11
2025-11-11 06:56:50,follower,2025-11
2025-11-11 06:41:56,follower,2025-11
2025-11-11 06:35:35,follower,2025-11
2025-11-11 04:33:00,follower,2025-11
2025-11-11 03:20:58,follower,2025-11
2025-11-11 02:57:07,follower,2025-11
2025-11-11 02:49:53,follower,2025-11
2025-11-11 01:06:15,follower,2025-11
2025-11-11 00:50:20,follower,2025-11
2025-11-11 00:49:25,follower,2025-11
2025-11-11 00:36:35,follower,2025-11
2025-11-11 00:31:41,follower,2025-11
2025-11-11 00:21:25,follower,2025-11
2025-11-11 00:17:20,follower,2025-11
2025-11-11 00:14:23,follower,2025-11
2025-11-11 00:10:34,follower,2025-11
2025-11-10 23:33:46,follower,2025-11
2025-11-10 23:25:06,follower,2025-11
2025-11-10 23:22:09,follower,2025-11
2025-11-10 23:20:29,follower,2025-11
2025-11-10 23:03:53,follower,2025-11
2025-11-10 22:56:16,follower,2025-11
2025-11-10 22:55:12,follower,2025-11
2025-11-10 22:51:39,follower,2025-11
2025-11-10 22:33:54,follower,2025-11
2025-11-10 22:29:09,follower,2025-11
2025-11-10 22:15:55,follower,2025-11
2025-11-10 22:15:12,follower,2025-11
2025-11-10 22:11:36,follower,2025-11
2025-11-10 21:59:01,follower,2025-11
2025-11-10 21:55:31,follower,2025-11
2025-11-10 21:54:17,follower,2025-11
2025-11-10 21:46:25,follower,2025-11
2025-11-10 21:37:33,follower,2025-11
2025-11-10 20:59:28,follower,2025-11
2025-11-10 20:55:44,follower,2025-11
2025-11-10 20:44:53,follower,2025-11
2025-11-10 20:28:21,follower,2025-11
2025-11-10 20:22:56,follower,2025-11
2025-11-10 20:18:34,follower,2025-11
2025-11-10 20:02:31,follower,2025-11
2025-11-10 20:00:18,follower,2025-11
2025-11-10 19:54:05,follower,2025-11
2025-11-10 19:38:46,follower,2025-11
2025-11-10 19:21:18,follower,2025-11
2025-11-10 19:15:13,follower,2025-11
2025-11-10 18:46:37,follower,2025-11
2025-11-10 18:33:16,follower,2025-11
2025-11-10 18:15:30,follower,2025-11
2025-11-10 17:58:44,follower,2025-11
2025-11-10 17:52:56,follower,2025-11
2025-11-10 17:52:05,follower,2025-11
2025-11-10 17:49:23,follower,2025-11
2025-11-10 17:44:28,follower,2025-11
2025-11-10 17:43:36,follower,2025-11
2025-11-10 17:25:12,follower,2025-11
2025-11-10 17:15:50,follower,2025-11
2025-11-10 17:03:00,follower,2025-11
2025-11-10 16:22:39,follower,2025-11
2025-11-10 16:19:42,follower,2025-11
2025-11-10 15:57:04,follower,2025-11
2025-11-10 15:47:19,follower,2025-11
2025-11-10 11:35:23,follower,2025-11
2025-11-10 09:07:02,follower,2025-11
2025-11-10 08:26:39,follower,2025-11
2025-11-10 07:32:20,follower,2025-11
2025-11-10 00:57:46,follower,2025-11
2025-11-09 23:57:10,follower,2025-11
2025-11-09 23:22:24,follower,2025-11
2025-11-09 22:17:37,follower,2025-11
2025-11-09 21:33:10,follower,2025-11
2025-11-09 20:10:38,follower,2025-11
2025-11-09 19:59:24,follower,2025-11
2025-11-09 18:35:05,follower,2025-11
2025-11-09 17:29:39,follower,2025-11
2025-11-09 15:34:21,follower,2025-11
2025-11-09 15:06:35,follower,2025-11
2025-11-09 13:34:20,follower,2025-11
2025-11-09 12:02:59,follower,2025-11
2025-11-09 11:36:45,follower,2025-11
2025-11-09 11:32:18,follower,2025-11
2025-11-09 11:00:42,follower,2025-11
2025-11-09 10:47:04,follower,2025-11
2025-11-09 09:56:10,follower,2025-11
2025-11-09 09:46:02,follower,2025-11
2025-11-09 09:25:02,follower,2025-11
2025-11-09 06:41:53,follower,2025-11
2025-11-09 04:10:55,follower,2025-11
2025-11-09 02:20:51,follower,2025-11
2025-11-09 02:19:23,follower,2025-11
2025-11-09 01:06:49,follower,2025-11
2025-11-09 00:30:41,follower,2025-11
2025-11-08 21:57:02,follower,2025-11
2025-11-08 21:13:22,follower,2025-11
2025-11-08 21:07:13,follower,2025-11
2025-11-08 20:34:16,follower,2025-11
2025-11-08 19:44:14,follower,2025-11
2025-11-08 18:58:04,follower,2025-11
2025-11-08 18:28:59,follower,2025-11
2025-11-08 17:08:56,follower,2025-11
2025-11-08 16:52:04,follower,2025-11
2025-11-08 16:33:37,follower,2025-11
2025-11-08 15:54:26,follower,2025-11
2025-11-08 15:46:58,follower,2025-11
2025-11-08 15:44:00,follower,2025-11
2025-11-08 15:14:26,follower,2025-11
2025-11-08 14:53:02,follower,2025-11
2025-11-08 13:04:46,follower,2025-11
2025-11-08 10:15:19,follower,2025-11
2025-11-08 09:49:27,follower,2025-11
2025-11-08 09:18:52,follower,2025-11
2025-11-08 04:09:55,follower,2025-11
2025-11-08 03:36:52,follower,2025-11
2025-11-08 01:53:59,follower,2025-11
2025-11-08 00:42:31,follower,2025-11
2025-11-08 00:18:54,follower,2025-11
2025-11-08 00:09:30,follower,2025-11
2025-11-08 00:03:32,follower,2025-11
2025-11-07 23:07:12,follower,2025-11
2025-11-07 23:05:44,follower,2025-11
2025-11-07 22:38:34,follower,2025-11
2025-11-07 22:24:38,follower,2025-11
2025-11-07 21:30:49,follower,2025-11
2025-11-07 21:06:51,follower,2025-11
2025-11-07 20:25:12,follower,2025-11
2025-11-07 18:00:29,follower,2025-11
2025-11-07 16:23:32,follower,2025-11
2025-11-07 15:33:44,follower,2025-11
2025-11-07 15:04:35,follower,2025-11
2025-11-07 15:03:54,follower,2025-11
2025-11-07 14:42:43,follower,2025-11
2025-11-07 14:39:53,follower,2025-11
2025-11-07 14:32:37,follower,2025-11
2025-11-07 14:20:07,follower,2025-11
2025-11-07 13:44:58,follower,2025-11
2025-11-07 13:35:25,follower,2025-11
2025-11-07 13:02:29,follower,2025-11
2025-11-07 11:43:27,follower,2025-11
2025-11-07 11:40:27,follower,2025-11
2025-11-07 06:59:59,follower,2025-11
2025-11-07 05:48:56,follower,2025-11
2025-11-07 00:44:45,follower,2025-11
2025-11-07 00:22:32,follower,2025-11
2025-11-06 21:51:14,follower,2025-11
2025-11-06 21:08:48,follower,2025-11
2025-11-06 18:59:16,follower,2025-11
2025-11-06 17:21:43,follower,2025-11
2025-11-06 17:21:03,follower,2025-11
2025-11-06 17:00:37,follower,2025-11
2025-11-06 16:39:53,follower,2025-11
2025-11-06 16:12:08,follower,2025-11
2025-11-06 15:47:35,follower,2025-11
2025-11-06 15:09:40,follower,2025-11
2025-11-06 09:10:05,follower,2025-11
2025-11-06 09:00:36,follower,2025-11
2025-11-06 08:46:40,follower,2025-11
2025-11-06 08:33:45,follower,2025-11
2025-11-06 07:42:17,follower,2025-11
2025-11-06 06:47:52,follower,2025-11
2025-11-06 00:00:22,follower,2025-11
2025-11-05 23:51:19,follower,2025-11
2025-11-05 21:17:26,follower,2025-11
2025-11-05 20:57:01,follower,2025-11
2025-11-05 20:28:50,follower,2025-11
2025-11-05 19:01:25,follower,2025-11
2025-11-05 16:27:52,follower,2025-11
2025-11-05 16:03:08,follower,2025-11
2025-11-05 15:58:22,follower,2025-11
2025-11-05 15:44:31,follower,2025-11
2025-11-05 15:20:53,follower,2025-11
2025-11-05 14:28:44,follower,2025-11
2025-11-05 14:07:21,follower,2025-11
2025-11-05 13:42:22,follower,2025-11
2025-11-05 13:18:50,follower,2025-11
2025-11-05 12:48:40,follower,2025-11
2025-11-05 12:17:41,follower,2025-11
2025-11-05 10:38:05,follower,2025-11
2025-11-05 10:23:29,follower,2025-11
2025-11-05 09:41:56,follower,2025-11
2025-11-05 07:45:17,follower,2025-11
2025-11-05 06:34:49,follower,2025-11
2025-11-04 23:52:21,follower,2025-11
2025-11-04 23:52:18,follower,2025-11
2025-11-04 23:11:47,follower,2025-11
2025-11-04 20:59:32,follower,2025-11
2025-11-04 19:40:43,follower,2025-11
2025-11-04 19:34:24,follower,2025-11
2025-11-04 19:06:51,follower,2025-11
2025-11-04 18:22:32,follower,2025-11
2025-11-04 17:50:55,follower,2025-11
2025-11-04 15:04:03,follower,2025-11
2025-11-04 13:40:44,follower,2025-11
2025-11-04 13:16:43,follower,2025-11
2025-11-04 11:40:52,follower,2025-11
2025-11-04 10:47:59,follower,2025-11
2025-11-04 10:24:55,follower,2025-11
2025-11-04 09:18:34,follower,2025-11
2025-11-04 09:02:03,follower,2025-11
2025-11-04 08:02:17,follower,2025-11
2025-11-04 06:49:50,follower,2025-11
2025-11-04 05:23:17,follower,2025-11
2025-11-04 04:17:14,follower,2025-11
2025-11-04 01:17:30,follower,2025-11
2025-11-03 23:16:33,follower,2025-11
2025-11-03 23:00:28,follower,2025-11
2025-11-03 20:34:20,follower,2025-11
2025-11-03 17:17:28,follower,2025-11
2025-11-03 16:54:27,follower,2025-11
2025-11-03 16:10:38,follower,2025-11
2025-11-03 15:16:19,follower,2025-11
2025-11-03 14:51:30,follower,2025-11
2025-11-03 14:32:23,follower,2025-11
2025-11-03 13:44:58,follower,2025-11
2025-11-03 13:12:46,follower,2025-11
2025-11-03 12:54:39,follower,2025-11
2025-11-03 12:49:11,follower,2025-11
2025-11-03 11:40:37,follower,2025-11
2025-11-03 10:30:31,follower,2025-11
2025-11-03 06:20:07,follower,2025-11
2025-11-03 01:23:29,follower,2025-11
2025-11-02 22:48:13,follower,2025-11
2025-11-02 20:58:38,follower,2025-11
2025-11-02 20:57:27,follower,2025-11
2025-11-02 20:18:46,follower,2025-11
2025-11-02 20:01:44,follower,2025-11
2025-11-02 19:54:54,follower,2025-11
2025-11-02 18:20:37,follower,2025-11
2025-11-02 16:29:16,follower,2025-11
2025-11-02 15:26:30,follower,2025-11
2025-11-02 15:02:37,follower,2025-11
2025-11-02 14:59:36,follower,2025-11
2025-11-02 14:47:47,follower,2025-11
2025-11-02 14:34:41,follower,2025-11
2025-11-02 14:23:12,follower,2025-11
2025-11-02 14:22:59,follower,2025-11
2025-11-02 14:05:18,follower,2025-11
2025-11-02 13:51:40,follower,2025-11
2025-11-02 13:03:42,follower,2025-11
2025-11-02 11:09:30,follower,2025-11
2025-11-02 11:07:35,follower,2025-11
2025-11-02 10:49:25,follower,2025-11
2025-11-02 10:47:42,follower,2025-11
2025-11-02 10:16:59,follower,2025-11
2025-11-02 10:10:58,follower,2025-11
2025-11-02 10:03:05,follower,2025-11
2025-11-02 08:53:47,follower,2025-11
2025-11-02 02:45:29,follower,2025-11
2025-11-02 02:05:45,follower,2025-11
2025-11-02 01:43:26,follower,2025-11
2025-11-02 01:32:55,follower,2025-11
2025-11-02 00:40:57,follower,2025-11
2025-11-02 00:38:27,follower,2025-11
2025-11-02 00:24:42,follower,2025-11
2025-11-02 00:13:44,follower,2025-11
2025-11-01 23:46:08,follower,2025-11
2025-11-01 23:07:43,follower,2025-11
2025-11-01 23:05:09,follower,2025-11
2025-11-01 22:40:37,follower,2025-11
2025-11-01 21:48:42,follower,2025-11
2025-11-01 20:43:00,follower,2025-11
2025-11-01 20:40:47,follower,2025-11
2025-11-01 20:31:10,follower,2025-11
2025-11-01 19:24:56,follower,2025-11
2025-11-01 16:18:42,follower,2025-11
2025-11-01 16:15:21,follower,2025-11
2025-11-01 14:21:53,follower,2025-11
2025-11-01 13:35:42,follower,2025-11
2025-11-01 11:47:45,follower,2025-11
2025-11-01 11:30:04,follower,2025-11
2025-11-01 11:25:26,follower,2025-11
2025-11-01 11:21:19,follower,2025-11
2025-11-01 10:07:47,follower,2025-11
2025-11-01 09:14:49,follower,2025-11
2025-11-01 09:04:13,follower,2025-11
2025-11-01 08:51:20,follower,2025-11
2025-11-01 07:58:40,follower,2025-11
2025-11-01 05:21:54,follower,2025-11
2025-11-01 01:04:29,follower,2025-11
2025-11-01 00:24:13,follower,2025-11
2025-11-01 00:20:34,follower,2025-11
2025-11-01 00:19:49,follower,2025-11
2025-10-31 23:49:25,follower,2025-10
2025-10-31 23:47:09,follower,2025-10
2025-10-31 23:36:38,follower,2025-10
2025-10-31 23:24:15,follower,2025-10
2025-10-31 23:16:52,follower,2025-10
2025-10-31 23:08:35,follower,2025-10
2025-10-31 22:50:26,follower,2025-10
2025-10-31 22:33:09,follower,2025-10
2025-10-31 22:32:55,follower,2025-10
2025-10-31 22:15:45,follower,2025-10
2025-10-31 21:43:54,follower,2025-10
2025-10-31 21:14:24,follower,2025-10
2025-10-31 21:09:53,follower,2025-10
2025-10-31 21:00:26,follower,2025-10
2025-10-31 20:35:12,follower,2025-10
2025-10-31 20:29:28,follower,2025-10
2025-10-31 19:39:18,follower,2025-10
2025-10-31 19:25:34,follower,2025-10
2025-10-31 19:13:08,follower,2025-10
2025-10-31 17:29:21,follower,2025-10
2025-10-31 16:44:18,follower,2025-10
2025-10-31 16:43:15,follower,2025-10
2025-10-31 16:36:29,follower,2025-10
2025-10-31 16:33:38,follower,2025-10
2025-10-31 16:14:18,follower,2025-10
2025-10-31 16:11:06,follower,2025-10
2025-10-31 14:44:19,follower,2025-10
2025-10-31 14:14:56,follower,2025-10
2025-10-31 14:14:43,follower,2025-10
2025-10-31 12:54:24,follower,2025-10
2025-10-31 12:41:48,follower,2025-10
2025-10-31 12:38:53,follower,2025-10
2025-10-31 12:12:57,follower,2025-10
2025-10-31 12:02:54,follower,2025-10
2025-10-31 11:58:42,follower,2025-10
2025-10-31 11:54:18,follower,2025-10
2025-10-31 11:26:33,follower,2025-10
2025-10-31 11:02:32,follower,2025-10
2025-10-31 10:01:54,follower,2025-10
2025-10-31 09:24:05,follower,2025-10
2025-10-31 09:21:04,follower,2025-10
2025-10-31 08:05:01,follower,2025-10
2025-10-31 07:28:05,follower,2025-10
2025-10-31 06:08:31,follower,2025-10
2025-10-31 03:06:18,follower,2025-10
2025-10-31 03:02:53,follower,2025-10
2025-10-31 02:42:20,follower,2025-10
2025-10-31 02:22:28,follower,2025-10
2025-10-31 01:54:42,follower,2025-10
2025-10-31 01:17:18,follower,2025-10
2025-10-31 00:20:02,follower,2025-10
2025-10-30 23:51:36,follower,2025-10
2025-10-30 23:48:29,follower,2025-10
2025-10-30 23:18:03,follower,2025-10
2025-10-30 23:03:00,follower,2025-10
2025-10-30 22:10:05,follower,2025-10
2025-10-30 21:57:54,follower,2025-10
2025-10-30 21:18:42,follower,2025-10
2025-10-30 21:17:58,follower,2025-10
2025-10-30 20:37:29,follower,2025-10
2025-10-30 19:30:23,follower,2025-10
2025-10-30 19:27:12,follower,2025-10
2025-10-30 17:42:02,follower,2025-10
2025-10-30 17:10:47,follower,2025-10
2025-10-30 16:47:06,follower,2025-10
2025-10-30 15:00:39,follower,2025-10
2025-10-30 14:02:02,follower,2025-10
2025-10-30 13:29:15,follower,2025-10
2025-10-30 13:24:55,follower,2025-10
2025-10-30 13:22:13,follower,2025-10
2025-10-30 13:20:19,follower,2025-10
2025-10-30 13:17:58,follower,2025-10
2025-10-30 13:15:42,follower,2025-10
2025-10-30 12:59:29,follower,2025-10
2025-10-30 12:51:13,follower,2025-10
2025-10-30 12:40:50,follower,2025-10
2025-10-30 12:22:16,follower,2025-10
2025-10-30 11:39:51,follower,2025-10
2025-10-30 11:31:09,follower,2025-10
2025-10-30 11:15:03,follower,2025-10
2025-10-30 09:59:32,follower,2025-10
2025-10-30 09:40:25,follower,2025-10
2025-10-30 09:19:43,follower,2025-10
2025-10-30 08:18:52,follower,2025-10
2025-10-30 07:38:21,follower,2025-10
2025-10-30 06:31:40,follower,2025-10
2025-10-30 01:42:26,follower,2025-10
2025-10-30 00:58:09,follower,2025-10
2025-10-30 00:23:34,follower,2025-10
2025-10-30 00:03:18,follower,2025-10
2025-10-29 23:59:27,follower,2025-10
2025-10-29 23:44:16,follower,2025-10
2025-10-29 22:31:53,follower,2025-10
2025-10-29 21:41:53,follower,2025-10
2025-10-29 21:27:42,follower,2025-10
2025-10-29 21:20:24,follower,2025-10
2025-10-29 19:37:35,follower,2025-10
2025-10-29 17:49:43,follower,2025-10
2025-10-29 17:33:57,follower,2025-10
2025-10-29 17:18:38,follower,2025-10
2025-10-29 15:35:08,follower,2025-10
2025-10-29 13:43:23,follower,2025-10
2025-10-29 13:00:25,follower,2025-10
2025-10-29 12:53:18,follower,2025-10
2025-10-29 10:46:39,follower,2025-10
2025-10-29 10:41:59,follower,2025-10
2025-10-29 10:19:49,follower,2025-10
2025-10-29 10:17:34,follower,2025-10
2025-10-29 09:46:29,follower,2025-10
2025-10-29 08:53:18,follower,2025-10
2025-10-29 08:33:18,follower,2025-10
2025-10-29 07:58:21,follower,2025-10
2025-10-29 02:12:45,follower,2025-10
2025-10-29 02:04:01,follower,2025-10
2025-10-29 01:50:32,follower,2025-10
2025-10-29 01:26:25,follower,2025-10
2025-10-29 01:24:40,follower,2025-10
2025-10-29 00:44:15,follower,2025-10
2025-10-29 00:17:34,follower,2025-10
2025-10-29 00:04:05,follower,2025-10
2025-10-28 23:07:01,follower,2025-10
2025-10-28 23:05:41,follower,2025-10
2025-10-28 22:08:00,follower,2025-10
2025-10-28 21:08:07,follower,2025-10
2025-10-28 20:51:37,follower,2025-10
2025-10-28 20:50:05,follower,2025-10
2025-10-28 20:26:04,follower,2025-10
2025-10-28 19:17:03,follower,2025-10
2025-10-28 18:59:46,follower,2025-10
2025-10-28 18:44:13,follower,2025-10
2025-10-28 18:26:08,follower,2025-10
2025-10-28 17:55:26,follower,2025-10
2025-10-28 17:36:31,follower,2025-10
2025-10-28 16:35:44,follower,2025-10
2025-10-28 16:06:54,follower,2025-10
2025-10-28 15:48:53,follower,2025-10
2025-10-28 15:29:21,follower,2025-10
2025-10-28 15:11:38,follower,2025-10
2025-10-28 14:52:10,follower,2025-10
2025-10-28 13:54:29,follower,2025-10
2025-10-28 13:19:13,follower,2025-10
2025-10-28 11:42:06,follower,2025-10
2025-10-28 10:31:30,follower,2025-10
2025-10-28 08:26:35,follower,2025-10
2025-10-28 07:42:14,follower,2025-10
2025-10-28 07:10:34,follower,2025-10
2025-10-28 05:30:07,follower,2025-10
2025-10-28 03:57:22,follower,2025-10
2025-10-28 03:34:23,follower,2025-10
2025-10-28 01:45:30,follower,2025-10
2025-10-28 01:43:30,follower,2025-10
2025-10-28 01:30:47,follower,2025-10
2025-10-28 01:23:47,follower,2025-10
2025-10-28 00:55:46,follower,2025-10
2025-10-28 00:41:52,follower,2025-10
2025-10-28 00:31:51,follower,2025-10
2025-10-28 00:30:50,follower,2025-10
2025-10-28 00:29:49,follower,2025-10
2025-10-27 23:07:52,follower,2025-10
2025-10-27 22:06:57,follower,2025-10
2025-10-27 21:40:04,follower,2025-10
2025-10-27 21:26:22,follower,2025-10
2025-10-27 21:14:56,follower,2025-10
2025-10-27 20:11:02,follower,2025-10
2025-10-27 20:07:31,follower,2025-10
2025-10-27 19:39:23,follower,2025-10
2025-10-27 19:14:50,follower,2025-10
2025-10-27 18:18:05,follower,2025-10
2025-10-27 17:54:05,follower,2025-10
2025-10-27 17:28:59,follower,2025-10
2025-10-27 16:57:52,follower,2025-10
2025-10-27 16:24:13,follower,2025-10
2025-10-27 16:16:04,follower,2025-10
2025-10-27 16:09:21,follower,2025-10
2025-10-27 15:11:48,follower,2025-10
2025-10-27 15:04:41,follower,2025-10
2025-10-27 14:47:05,follower,2025-10
2025-10-27 14:44:57,follower,2025-10
2025-10-27 13:40:11,follower,2025-10
2025-10-27 13:34:05,follower,2025-10
2025-10-27 13:02:40,follower,2025-10
2025-10-27 12:07:50,follower,2025-10
2025-10-27 12:05:43,follower,2025-10
2025-10-27 10:55:23,follower,2025-10
2025-10-27 10:22:23,follower,2025-10
2025-10-27 09:38:37,follower,2025-10
2025-10-27 06:51:16,follower,2025-10
2025-10-27 06:38:30,follower,2025-10
2025-10-27 05:35:52,follower,2025-10
2025-10-27 02:42:24,follower,2025-10
2025-10-27 02:31:59,follower,2025-10
2025-10-27 01:48:34,follower,2025-10
2025-10-27 01:01:09,follower,2025-10
2025-10-27 00:24:43,follower,2025-10
2025-10-26 23:25:19,follower,2025-10
2025-10-26 22:55:48,follower,2025-10
2025-10-26 22:41:51,follower,2025-10
2025-10-26 21:51:49,follower,2025-10
2025-10-26 21:23:48,follower,2025-10
2025-10-26 20:54:52,follower,2025-10
2025-10-26 19:57:57,follower,2025-10
2025-10-26 19:48:44,follower,2025-10
2025-10-26 19:42:17,follower,2025-10
2025-10-26 19:23:57,follower,2025-10
2025-10-26 17:15:12,follower,2025-10
2025-10-26 17:04:08,follower,2025-10
2025-10-26 16:01:17,follower,2025-10
2025-10-26 15:46:47,follower,2025-10
2025-10-26 15:32:14,follower,2025-10
2025-10-26 14:55:20,follower,2025-10
2025-10-26 14:20:10,follower,2025-10
2025-10-26 14:16:48,follower,2025-10
2025-10-26 14:15:34,follower,2025-10
2025-10-26 13:29:13,follower,2025-10
2025-10-26 13:18:45,follower,2025-10
2025-10-26 13:04:50,follower,2025-10
2025-10-26 12:47:17,follower,2025-10
2025-10-26 12:15:24,follower,2025-10
2025-10-26 11:49:00,follower,2025-10
2025-10-26 11:48:15,follower,2025-10
2025-10-26 11:45:56,follower,2025-10
2025-10-26 11:26:38,follower,2025-10
2025-10-26 10:31:10,follower,2025-10
2025-10-26 10:06:56,follower,2025-10
2025-10-26 09:17:32,follower,2025-10
2025-10-26 08:49:47,follower,2025-10
2025-10-26 08:45:41,follower,2025-10
2025-10-26 08:44:54,follower,2025-10
2025-10-26 08:42:29,follower,2025-10
2025-10-26 08:33:59,follower,2025-10
2025-10-26 08:33:47,follower,2025-10
2025-10-26 08:10:43,follower,2025-10
2025-10-26 07:51:41,follower,2025-10
2025-10-26 07:25:34,follower,2025-10
2025-10-26 07:19:06,follower,2025-10
2025-10-26 06:35:34,follower,2025-10
2025-10-26 06:01:54,follower,2025-10
2025-10-26 02:46:19,follower,2025-10
2025-10-26 02:09:51,follower,2025-10
2025-10-26 02:00:08,follower,2025-10
2025-10-26 01:52:23,follower,2025-10
2025-10-26 01:21:19,follower,2025-10
2025-10-26 00:59:50,follower,2025-10
2025-10-25 23:17:15,follower,2025-10
2025-10-25 23:12:50,follower,2025-10
2025-10-25 23:05:20,follower,2025-10
2025-10-25 22:46:50,follower,2025-10
2025-10-25 22:34:44,follower,2025-10
2025-10-25 21:55:22,follower,2025-10
2025-10-25 21:38:23,follower,2025-10
2025-10-25 21:01:52,follower,2025-10
2025-10-25 20:52:22,follower,2025-10
2025-10-25 20:46:59,follower,2025-10
2025-10-25 20:36:29,follower,2025-10
2025-10-25 20:32:49,follower,2025-10
2025-10-25 20:30:46,follower,2025-10
2025-10-25 19:37:01,follower,2025-10
2025-10-25 19:18:06,follower,2025-10
2025-10-25 18:37:39,follower,2025-10
2025-10-25 18:34:40,follower,2025-10
2025-10-25 18:23:19,follower,2025-10
2025-10-25 18:12:31,follower,2025-10
2025-10-25 17:46:10,follower,2025-10
2025-10-25 17:30:20,follower,2025-10
2025-10-25 17:23:40,follower,2025-10
2025-10-25 17:19:58,follower,2025-10
2025-10-25 16:32:33,follower,2025-10
2025-10-25 16:29:20,follower,2025-10
2025-10-25 16:28:27,follower,2025-10
2025-10-25 16:10:31,follower,2025-10
2025-10-25 15:55:48,follower,2025-10
2025-10-25 15:48:43,follower,2025-10
2025-10-25 15:13:28,follower,2025-10
2025-10-25 14:48:43,follower,2025-10
2025-10-25 14:30:36,follower,2025-10
2025-10-25 14:12:01,follower,2025-10
2025-10-25 13:49:05,follower,2025-10
2025-10-25 13:43:13,follower,2025-10
2025-10-25 13:20:34,follower,2025-10
2025-10-25 13:00:38,follower,2025-10
2025-10-25 12:54:49,follower,2025-10
2025-10-25 12:45:30,follower,2025-10
2025-10-25 12:45:22,follower,2025-10
2025-10-25 12:35:16,follower,2025-10
2025-10-25 12:10:41,follower,2025-10
2025-10-25 11:56:06,follower,2025-10
2025-10-25 11:52:55,follower,2025-10
2025-10-25 11:47:55,follower,2025-10
2025-10-25 11:46:06,follower,2025-10
2025-10-25 11:41:25,follower,2025-10
2025-10-25 11:17:22,follower,2025-10
2025-10-25 10:56:50,follower,2025-10
2025-10-25 10:43:51,follower,2025-10
2025-10-25 10:35:45,follower,2025-10
2025-10-25 10:27:34,follower,2025-10
2025-10-25 10:11:48,follower,2025-10
2025-10-25 08:38:32,follower,2025-10
2025-10-25 08:32:27,follower,2025-10
2025-10-25 07:53:56,follower,2025-10
2025-10-25 07:09:38,follower,2025-10
2025-10-25 07:05:19,follower,2025-10
2025-10-25 06:56:54,follower,2025-10
2025-10-25 06:54:10,follower,2025-10
2025-10-25 06:37:33,follower,2025-10
2025-10-25 06:32:30,follower,2025-10
2025-10-25 06:13:20,follower,2025-10
2025-10-25 05:17:28,follower,2025-10
2025-10-25 03:39:07,follower,2025-10
2025-10-25 03:29:20,follower,2025-10
2025-10-25 02:49:50,follower,2025-10
2025-10-25 02:43:47,follower,2025-10
2025-10-25 02:25:47,follower,2025-10
2025-10-25 01:46:56,follower,2025-10
2025-10-25 01:36:17,follower,2025-10
2025-10-25 01:17:22,follower,2025-10
2025-10-25 01:16:16,follower,2025-10
2025-10-25 01:00:17,follower,2025-10
2025-10-25 00:45:07,follower,2025-10
2025-10-25 00:41:29,follower,2025-10
2025-10-25 00:24:54,follower,2025-10
2025-10-25 00:13:44,follower,2025-10
2025-10-25 00:10:25,follower,2025-10
2025-10-25 00:05:23,follower,2025-10
2025-10-24 23:53:03,follower,2025-10
2025-10-24 23:45:29,follower,2025-10
2025-10-24 23:41:01,follower,2025-10
2025-10-24 23:28:06,follower,2025-10
2025-10-24 23:18:06,follower,2025-10
2025-10-24 22:51:29,follower,2025-10
2025-10-24 22:44:39,follower,2025-10
2025-10-24 22:41:48,follower,2025-10
2025-10-24 22:34:51,follower,2025-10
2025-10-24 22:05:29,follower,2025-10
2025-10-24 22:04:37,follower,2025-10
2025-10-24 21:49:56,follower,2025-10
2025-10-24 21:45:09,follower,2025-10
2025-10-24 21:42:59,follower,2025-10
2025-10-24 21:42:53,follower,2025-10
2025-10-24 21:37:22,follower,2025-10
2025-10-24 21:32:53,follower,2025-10
2025-10-24 21:22:36,follower,2025-10
2025-10-24 21:03:58,follower,2025-10
2025-10-24 20:44:59,follower,2025-10
2025-10-24 20:14:38,follower,2025-10
2025-10-24 20:03:46,follower,2025-10
2025-10-24 19:48:18,follower,2025-10
2025-10-24 19:25:05,follower,2025-10
2025-10-24 19:19:17,follower,2025-10
2025-10-24 18:59:41,follower,2025-10
2025-10-24 18:38:41,follower,2025-10
2025-10-24 18:36:26,follower,2025-10
2025-10-24 18:13:31,follower,2025-10
2025-10-24 18:03:50,follower,2025-10
2025-10-24 18:01:27,follower,2025-10
2025-10-24 17:59:43,follower,2025-10
2025-10-24 17:56:46,follower,2025-10
2025-10-24 17:50:14,follower,2025-10
2025-10-24 17:43:19,follower,2025-10
2025-10-24 17:42:18,follower,2025-10
2025-10-24 17:40:26,follower,2025-10
2025-10-24 17:32:39,follower,2025-10
2025-10-24 17:11:22,follower,2025-10
2025-10-24 16:55:22,follower,2025-10
2025-10-24 16:52:38,follower,2025-10
2025-10-24 16:51:08,follower,2025-10
2025-10-24 16:40:20,follower,2025-10
2025-10-24 16:37:47,follower,2025-10
2025-10-24 16:33:11,follower,2025-10
2025-10-24 16:26:26,follower,2025-10
2025-10-24 15:52:55,follower,2025-10
2025-10-24 15:42:45,follower,2025-10
2025-10-24 15:42:12,follower,2025-10
2025-10-24 15:40:45,follower,2025-10
2025-10-24 15:18:57,follower,2025-10
2025-10-24 14:20:35,follower,2025-10
2025-10-24 13:24:21,follower,2025-10
2025-10-24 13:04:16,follower,2025-10
2025-10-24 12:55:16,follower,2025-10
2025-10-24 12:41:21,follower,2025-10
2025-10-24 12:12:19,follower,2025-10
2025-10-24 11:48:22,follower,2025-10
2025-10-24 11:37:48,follower,2025-10
2025-10-24 11:27:35,follower,2025-10
2025-10-24 11:23:06,follower,2025-10
2025-10-24 11:09:15,follower,2025-10
2025-10-24 11:04:21,follower,2025-10
2025-10-24 11:04:16,follower,2025-10
2025-10-24 10:48:12,follower,2025-10
2025-10-24 10:42:56,follower,2025-10
2025-10-24 10:07:20,follower,2025-10
2025-10-24 09:57:18,follower,2025-10
2025-10-24 09:55:32,follower,2025-10
2025-10-24 09:43:05,follower,2025-10
2025-10-24 09:39:41,follower,2025-10
2025-10-24 09:13:18,follower,2025-10
2025-10-24 09:12:09,follower,2025-10
2025-10-24 08:30:06,follower,2025-10
2025-10-24 08:17:40,follower,2025-10
2025-10-24 08:09:35,follower,2025-10
2025-10-24 08:09:24,follower,2025-10
2025-10-24 07:59:53,follower,2025-10
2025-10-24 07:59:02,follower,2025-10
2025-10-24 07:15:03,follower,2025-10
2025-10-24 07:12:52,follower,2025-10
2025-10-24 06:50:38,follower,2025-10
2025-10-24 06:49:26,follower,2025-10
2025-10-24 06:23:21,follower,2025-10
2025-10-24 06:07:53,follower,2025-10
2025-10-24 05:14:00,follower,2025-10
2025-10-24 03:55:51,follower,2025-10
2025-10-24 01:29:38,follower,2025-10
2025-10-24 01:05:55,follower,2025-10
2025-10-24 00:43:44,follower,2025-10
2025-10-24 00:14:20,follower,2025-10
2025-10-24 00:02:47,follower,2025-10
2025-10-23 23:55:17,follower,2025-10
2025-10-23 23:51:52,follower,2025-10
2025-10-23 23:35:03,follower,2025-10
2025-10-23 23:20:50,follower,2025-10
2025-10-23 23:18:09,follower,2025-10
2025-10-23 23:13:06,follower,2025-10
2025-10-23 23:10:12,follower,2025-10
2025-10-23 22:54:05,follower,2025-10
2025-10-23 22:08:59,follower,2025-10
2025-10-23 21:58:15,follower,2025-10
2025-10-23 21:51:40,follower,2025-10
2025-10-23 21:50:01,follower,2025-10
2025-10-23 21:39:15,follower,2025-10
2025-10-23 21:20:54,follower,2025-10
2025-10-23 21:19:22,follower,2025-10
2025-10-23 21:10:38,follower,2025-10
2025-10-23 20:38:55,follower,2025-10
2025-10-23 20:23:59,follower,2025-10
2025-10-23 20:06:57,follower,2025-10
2025-10-23 20:00:01,follower,2025-10
2025-10-23 19:59:14,follower,2025-10
2025-10-23 19:55:22,follower,2025-10
2025-10-23 19:55:14,follower,2025-10
2025-10-23 19:52:40,follower,2025-10
2025-10-23 19:47:44,follower,2025-10
2025-10-23 19:46:23,follower,2025-10
2025-10-23 19:40:24,follower,2025-10
2025-10-23 19:30:22,follower,2025-10
2025-10-23 19:27:23,follower,2025-10
2025-10-23 19:22:25,follower,2025-10
2025-10-23 19:20:18,follower,2025-10
2025-10-23 19:08:02,follower,2025-10
2025-10-23 17:53:40,follower,2025-10
2025-10-23 17:46:03,follower,2025-10
2025-10-23 17:40:42,follower,2025-10
2025-10-23 16:47:17,follower,2025-10
2025-10-23 16:24:42,follower,2025-10
2025-10-23 15:39:58,follower,2025-10
2025-10-23 15:18:16,follower,2025-10
2025-10-23 15:17:16,follower,2025-10
2025-10-23 15:07:15,follower,2025-10
2025-10-23 15:03:14,follower,2025-10
2025-10-23 15:02:00,follower,2025-10
2025-10-23 14:58:15,follower,2025-10
2025-10-23 14:26:38,follower,2025-10
2025-10-23 14:19:22,follower,2025-10
2025-10-23 13:12:28,follower,2025-10
2025-10-23 12:44:54,follower,2025-10
2025-10-23 12:36:01,follower,2025-10
2025-10-23 12:26:52,follower,2025-10
2025-10-23 12:09:47,follower,2025-10
2025-10-23 11:49:42,follower,2025-10
2025-10-23 11:21:08,follower,2025-10
2025-10-23 11:16:01,follower,2025-10
2025-10-23 10:46:59,follower,2025-10
2025-10-23 10:38:00,follower,2025-10
2025-10-23 09:23:31,follower,2025-10
2025-10-23 08:44:08,follower,2025-10
2025-10-23 08:43:48,follower,2025-10
2025-10-23 08:09:58,follower,2025-10
2025-10-23 07:56:31,follower,2025-10
2025-10-23 07:25:19,follower,2025-10
2025-10-23 07:10:28,follower,2025-10
2025-10-23 07:01:26,follower,2025-10
2025-10-23 07:00:34,follower,2025-10
2025-10-23 06:28:07,follower,2025-10
2025-10-23 06:22:39,follower,2025-10
2025-10-23 03:42:09,follower,2025-10
2025-10-23 02:08:16,follower,2025-10
2025-10-23 02:06:22,follower,2025-10
2025-10-23 01:41:42,follower,2025-10
2025-10-23 01:09:35,follower,2025-10
2025-10-23 01:06:38,follower,2025-10
2025-10-23 00:29:46,follower,2025-10
2025-10-23 00:18:06,follower,2025-10
2025-10-23 00:13:12,follower,2025-10
2025-10-23 00:03:45,follower,2025-10
2025-10-22 23:58:18,follower,2025-10
2025-10-22 23:56:09,follower,2025-10
2025-10-22 23:47:42,follower,2025-10
2025-10-22 23:43:17,follower,2025-10
2025-10-22 23:36:55,follower,2025-10
2025-10-22 23:21:31,follower,2025-10
2025-10-22 23:11:40,follower,2025-10
2025-10-22 22:25:48,follower,2025-10
2025-10-22 22:22:50,follower,2025-10
2025-10-22 22:18:36,follower,2025-10
2025-10-22 22:18:31,follower,2025-10
2025-10-22 22:17:22,follower,2025-10
2025-10-22 22:12:44,follower,2025-10
2025-10-22 21:54:32,follower,2025-10
2025-10-22 21:47:57,follower,2025-10
2025-10-22 21:45:44,follower,2025-10
2025-10-22 21:33:07,follower,2025-10
2025-10-22 21:29:57,follower,2025-10
2025-10-22 21:23:17,follower,2025-10
2025-10-22 21:22:09,follower,2025-10
2025-10-22 20:55:43,follower,2025-10
2025-10-22 20:35:19,follower,2025-10
2025-10-22 20:32:01,follower,2025-10
2025-10-22 20:22:10,follower,2025-10
2025-10-22 20:13:02,follower,2025-10
2025-10-22 20:08:51,follower,2025-10
2025-10-22 20:08:16,follower,2025-10
2025-10-22 19:49:48,follower,2025-10
2025-10-22 19:32:00,follower,2025-10
2025-10-22 19:18:38,follower,2025-10
2025-10-22 19:05:25,follower,2025-10
2025-10-22 19:01:50,follower,2025-10
2025-10-22 18:59:52,follower,2025-10
2025-10-22 18:49:26,follower,2025-10
2025-10-22 18:03:41,follower,2025-10
2025-10-22 18:01:47,follower,2025-10
2025-10-22 17:39:14,follower,2025-10
2025-10-22 17:30:34,follower,2025-10
2025-10-22 17:19:50,follower,2025-10
2025-10-22 17:10:07,follower,2025-10
2025-10-22 17:07:52,follower,2025-10
2025-10-22 16:55:58,follower,2025-10
2025-10-22 16:53:16,follower,2025-10
2025-10-22 16:03:30,follower,2025-10
2025-10-22 15:55:45,follower,2025-10
2025-10-22 15:48:46,follower,2025-10
2025-10-22 15:36:11,follower,2025-10
2025-10-22 15:27:32,follower,2025-10
2025-10-22 15:20:14,follower,2025-10
2025-10-22 15:19:37,follower,2025-10
2025-10-22 15:02:58,follower,2025-10
2025-10-22 14:57:56,follower,2025-10
2025-10-22 14:57:29,follower,2025-10
2025-10-22 14:33:27,follower,2025-10
2025-10-22 14:30:23,follower,2025-10
2025-10-22 14:24:11,follower,2025-10
2025-10-22 14:23:38,follower,2025-10
2025-10-22 14:01:50,follower,2025-10
2025-10-22 14:00:58,follower,2025-10
2025-10-22 13:59:43,follower,2025-10
2025-10-22 13:40:33,follower,2025-10
2025-10-22 13:13:19,follower,2025-10
2025-10-22 12:46:12,follower,2025-10
2025-10-22 12:46:12,follower,2025-10
2025-10-22 12:46:06,follower,2025-10
2025-10-22 12:43:03,follower,2025-10
2025-10-22 12:41:12,follower,2025-10
2025-10-22 11:17:45,follower,2025-10
2025-10-22 11:08:06,follower,2025-10
2025-10-22 08:57:22,follower,2025-10
2025-10-22 08:42:22,follower,2025-10
2025-10-22 08:39:52,follower,2025-10
2025-10-22 07:10:29,follower,2025-10
2025-10-22 06:31:53,follower,2025-10
2025-10-22 03:02:11,follower,2025-10
2025-10-22 01:12:44,follower,2025-10
2025-10-22 01:12:12,follower,2025-10
2025-10-22 00:52:11,follower,2025-10
2025-10-22 00:24:00,follower,2025-10
2025-10-21 23:58:40,follower,2025-10
2025-10-21 23:52:37,follower,2025-10
2025-10-21 23:51:15,follower,2025-10
2025-10-21 23:33:19,follower,2025-10
2025-10-21 23:26:01,follower,2025-10
2025-10-21 23:08:02,follower,2025-10
2025-10-21 22:49:02,follower,2025-10
2025-10-21 22:41:21,follower,2025-10
2025-10-21 22:36:53,follower,2025-10
2025-10-21 22:29:11,follower,2025-10
2025-10-21 22:17:35,follower,2025-10
2025-10-21 21:35:50,follower,2025-10
2025-10-21 21:15:52,follower,2025-10
2025-10-21 20:31:12,follower,2025-10
2025-10-21 20:14:56,follower,2025-10
2025-10-21 19:47:37,follower,2025-10
2025-10-21 19:00:28,follower,2025-10
2025-10-21 17:47:06,follower,2025-10
2025-10-21 17:36:55,follower,2025-10
2025-10-21 17:36:45,follower,2025-10
2025-10-21 17:29:35,follower,2025-10
2025-10-21 17:21:38,follower,2025-10
2025-10-21 17:15:20,follower,2025-10
2025-10-21 16:56:05,follower,2025-10
2025-10-21 15:21:10,follower,2025-10
2025-10-21 14:58:51,follower,2025-10
2025-10-21 14:47:35,follower,2025-10
2025-10-21 14:41:01,follower,2025-10
2025-10-21 12:07:39,follower,2025-10
2025-10-21 09:22:17,follower,2025-10
2025-10-21 08:45:39,follower,2025-10
2025-10-21 08:22:18,follower,2025-10
2025-10-21 07:51:29,follower,2025-10
2025-10-21 07:01:27,follower,2025-10
2025-10-21 06:58:58,follower,2025-10
2025-10-21 04:37:13,follower,2025-10
2025-10-21 03:56:56,follower,2025-10
2025-10-21 03:33:59,follower,2025-10
2025-10-21 03:33:02,follower,2025-10
2025-10-21 02:31:39,follower,2025-10
2025-10-21 02:28:00,follower,2025-10
2025-10-21 01:55:54,follower,2025-10
2025-10-21 00:57:34,follower,2025-10
2025-10-21 00:41:02,follower,2025-10
2025-10-21 00:29:54,follower,2025-10
2025-10-21 00:28:33,follower,2025-10
2025-10-21 00:18:56,follower,2025-10
2025-10-20 23:41:40,follower,2025-10
2025-10-20 23:35:00,follower,2025-10
2025-10-20 22:57:22,follower,2025-10
2025-10-20 21:52:50,follower,2025-10
2025-10-20 21:27:11,follower,2025-10
2025-10-20 21:11:21,follower,2025-10
2025-10-20 21:06:01,follower,2025-10
2025-10-20 21:04:01,follower,2025-10
2025-10-20 20:16:09,follower,2025-10
2025-10-20 20:03:03,follower,2025-10
2025-10-20 19:30:44,follower,2025-10
2025-10-20 19:04:25,follower,2025-10
2025-10-20 17:24:43,follower,2025-10
2025-10-20 17:01:35,follower,2025-10
2025-10-20 16:59:28,follower,2025-10
2025-10-20 16:45:49,follower,2025-10
2025-10-20 15:45:55,follower,2025-10
2025-10-20 14:57:22,follower,2025-10
2025-10-20 14:41:51,follower,2025-10
2025-10-20 14:24:45,follower,2025-10
2025-10-20 13:39:11,follower,2025-10
2025-10-20 13:15:01,follower,2025-10
2025-10-20 13:08:44,follower,2025-10
2025-10-20 11:22:07,follower,2025-10
2025-10-20 11:16:58,follower,2025-10
2025-10-20 10:07:11,follower,2025-10
2025-10-20 09:00:04,follower,2025-10
2025-10-20 08:39:35,follower,2025-10
2025-10-20 06:46:23,follower,2025-10
2025-10-20 05:00:25,follower,2025-10
2025-10-20 04:47:45,follower,2025-10
2025-10-20 04:27:36,follower,2025-10
2025-10-20 00:56:21,follower,2025-10
2025-10-20 00:38:34,follower,2025-10
2025-10-20 00:28:16,follower,2025-10
2025-10-20 00:09:21,follower,2025-10
2025-10-19 23:59:21,follower,2025-10
2025-10-19 23:54:25,follower,2025-10
2025-10-19 22:11:01,follower,2025-10
2025-10-19 22:05:26,follower,2025-10
2025-10-19 21:34:25,follower,2025-10
2025-10-19 21:23:20,follower,2025-10
2025-10-19 21:13:42,follower,2025-10
2025-10-19 20:47:52,follower,2025-10
2025-10-19 20:26:01,follower,2025-10
2025-10-19 20:16:44,follower,2025-10
2025-10-19 20:07:28,follower,2025-10
2025-10-19 20:06:36,follower,2025-10
2025-10-19 20:01:45,follower,2025-10
2025-10-19 19:24:42,follower,2025-10
2025-10-19 18:51:22,follower,2025-10
2025-10-19 18:37:16,follower,2025-10
2025-10-19 18:05:33,follower,2025-10
2025-10-19 17:59:38,follower,2025-10
2025-10-19 17:10:00,follower,2025-10
2025-10-19 16:57:22,follower,2025-10
2025-10-19 16:55:05,follower,2025-10
2025-10-19 16:14:27,follower,2025-10
2025-10-19 16:02:57,follower,2025-10
2025-10-19 15:37:22,follower,2025-10
2025-10-19 15:36:08,follower,2025-10
2025-10-19 15:27:28,follower,2025-10
2025-10-19 15:19:33,follower,2025-10
2025-10-19 14:35:20,follower,2025-10
2025-10-19 14:25:25,follower,2025-10
2025-10-19 14:06:57,follower,2025-10
2025-10-19 14:06:18,follower,2025-10
2025-10-19 13:55:09,follower,2025-10
2025-10-19 13:50:42,follower,2025-10
2025-10-19 13:24:54,follower,2025-10
2025-10-19 13:20:19,follower,2025-10
2025-10-19 13:12:06,follower,2025-10
2025-10-19 12:47:43,follower,2025-10
2025-10-19 12:44:21,follower,2025-10
2025-10-19 12:38:18,follower,2025-10
2025-10-19 12:17:45,follower,2025-10
2025-10-19 12:04:27,follower,2025-10
2025-10-19 11:49:09,follower,2025-10
2025-10-19 11:25:38,follower,2025-10
2025-10-19 10:07:12,follower,2025-10
2025-10-19 09:55:57,follower,2025-10
2025-10-19 09:03:28,follower,2025-10
2025-10-19 08:53:27,follower,2025-10
2025-10-19 08:40:24,follower,2025-10
2025-10-19 08:04:09,follower,2025-10
2025-10-19 07:15:09,follower,2025-10
2025-10-19 02:26:30,follower,2025-10
2025-10-19 02:02:33,follower,2025-10
2025-10-19 01:53:35,follower,2025-10
2025-10-19 01:49:27,follower,2025-10
2025-10-19 01:16:06,follower,2025-10
2025-10-19 00:54:33,follower,2025-10
2025-10-19 00:38:44,follower,2025-10
2025-10-19 00:21:42,follower,2025-10
2025-10-19 00:17:54,follower,2025-10
2025-10-18 23:49:03,follower,2025-10
2025-10-18 23:47:53,follower,2025-10
2025-10-18 23:45:36,follower,2025-10
2025-10-18 23:44:18,follower,2025-10
2025-10-18 23:18:30,follower,2025-10
2025-10-18 23:13:08,follower,2025-10
2025-10-18 23:01:41,follower,2025-10
2025-10-18 22:51:20,follower,2025-10
2025-10-18 22:44:40,follower,2025-10
2025-10-18 22:34:50,follower,2025-10
2025-10-18 22:16:47,follower,2025-10
2025-10-18 21:26:34,follower,2025-10
2025-10-18 21:06:22,follower,2025-10
2025-10-18 21:03:12,follower,2025-10
2025-10-18 21:01:30,follower,2025-10
2025-10-18 21:01:14,follower,2025-10
2025-10-18 20:58:24,follower,2025-10
2025-10-18 20:52:23,follower,2025-10
2025-10-18 19:56:06,follower,2025-10
2025-10-18 19:08:22,follower,2025-10
2025-10-18 18:50:55,follower,2025-10
2025-10-18 18:24:58,follower,2025-10
2025-10-18 18:07:23,follower,2025-10
2025-10-18 18:02:27,follower,2025-10
2025-10-18 18:02:25,follower,2025-10
2025-10-18 17:58:32,follower,2025-10
2025-10-18 17:41:13,follower,2025-10
2025-10-18 16:34:43,follower,2025-10
2025-10-18 15:47:06,follower,2025-10
2025-10-18 15:42:48,follower,2025-10
2025-10-18 15:14:39,follower,2025-10
2025-10-18 15:03:01,follower,2025-10
2025-10-18 15:02:10,follower,2025-10
2025-10-18 14:49:12,follower,2025-10
2025-10-18 14:36:11,follower,2025-10
2025-10-18 14:25:38,follower,2025-10
2025-10-18 14:22:10,follower,2025-10
2025-10-18 13:45:04,follower,2025-10
2025-10-18 13:42:34,follower,2025-10
2025-10-18 13:13:21,follower,2025-10
2025-10-18 13:11:48,follower,2025-10
2025-10-18 12:42:17,follower,2025-10
2025-10-18 12:39:58,follower,2025-10
2025-10-18 12:06:43,follower,2025-10
2025-10-18 11:09:24,follower,2025-10
2025-10-18 10:47:14,follower,2025-10
2025-10-18 09:20:57,follower,2025-10
2025-10-18 09:07:13,follower,2025-10
2025-10-18 08:49:28,follower,2025-10
2025-10-18 08:34:32,follower,2025-10
2025-10-18 08:19:14,follower,2025-10
2025-10-18 07:59:45,follower,2025-10
2025-10-18 07:31:48,follower,2025-10
2025-10-18 07:16:17,follower,2025-10
2025-10-18 06:47:35,follower,2025-10
2025-10-18 06:46:08,follower,2025-10
2025-10-18 06:32:02,follower,2025-10
2025-10-18 04:12:43,follower,2025-10
2025-10-18 03:28:32,follower,2025-10
2025-10-18 03:16:51,follower,2025-10
2025-10-18 02:44:38,follower,2025-10
2025-10-18 01:35:33,follower,2025-10
2025-10-18 01:31:34,follower,2025-10
2025-10-18 01:23:01,follower,2025-10
2025-10-18 01:19:46,follower,2025-10
2025-10-18 01:01:18,follower,2025-10
2025-10-18 00:10:38,follower,2025-10
2025-10-18 00:09:49,follower,2025-10
2025-10-17 23:52:22,follower,2025-10
2025-10-17 23:09:30,follower,2025-10
2025-10-17 22:59:02,follower,2025-10
2025-10-17 22:36:17,follower,2025-10
2025-10-17 22:32:36,follower,2025-10
2025-10-17 22:27:26,follower,2025-10
2025-10-17 22:12:41,follower,2025-10
2025-10-17 21:47:24,follower,2025-10
2025-10-17 21:46:05,follower,2025-10
2025-10-17 21:39:51,follower,2025-10
2025-10-17 21:38:12,follower,2025-10
2025-10-17 21:23:37,follower,2025-10
2025-10-17 21:23:16,follower,2025-10
2025-10-17 21:08:00,follower,2025-10
2025-10-17 21:02:27,follower,2025-10
2025-10-17 20:28:29,follower,2025-10
2025-10-17 20:03:35,follower,2025-10
2025-10-17 19:55:12,follower,2025-10
2025-10-17 19:51:08,follower,2025-10
2025-10-17 19:34:12,follower,2025-10
2025-10-17 19:13:26,follower,2025-10
2025-10-17 18:24:10,follower,2025-10
2025-10-17 18:14:39,follower,2025-10
2025-10-17 18:14:16,follower,2025-10
2025-10-17 18:12:51,follower,2025-10
2025-10-17 17:57:32,follower,2025-10
2025-10-17 17:55:06,follower,2025-10
2025-10-17 17:23:07,follower,2025-10
2025-10-17 16:47:13,follower,2025-10
2025-10-17 16:41:50,follower,2025-10
2025-10-17 16:35:00,follower,2025-10
2025-10-17 16:29:15,follower,2025-10
2025-10-17 16:10:04,follower,2025-10
2025-10-17 16:00:58,follower,2025-10
2025-10-17 16:00:02,follower,2025-10
2025-10-17 15:56:19,follower,2025-10
2025-10-17 15:47:08,follower,2025-10
2025-10-17 15:42:44,follower,2025-10
2025-10-17 15:33:15,follower,2025-10
2025-10-17 15:32:14,follower,2025-10
2025-10-17 15:31:45,follower,2025-10
2025-10-17 15:27:04,follower,2025-10
2025-10-17 15:17:43,follower,2025-10
2025-10-17 15:04:02,follower,2025-10
2025-10-17 15:00:21,follower,2025-10
2025-10-17 14:57:31,follower,2025-10
2025-10-17 14:43:28,follower,2025-10
2025-10-17 14:33:47,follower,2025-10
2025-10-17 14:29:04,follower,2025-10
2025-10-17 14:15:38,follower,2025-10
2025-10-17 14:08:52,follower,2025-10
2025-10-17 13:53:53,follower,2025-10
2025-10-17 13:37:09,follower,2025-10
2025-10-17 13:32:45,follower,2025-10
2025-10-17 13:31:45,follower,2025-10
2025-10-17 13:26:15,follower,2025-10
2025-10-17 13:04:29,follower,2025-10
2025-10-17 12:55:48,follower,2025-10
2025-10-17 12:55:29,follower,2025-10
2025-10-17 12:52:28,follower,2025-10
2025-10-17 12:51:41,follower,2025-10
2025-10-17 12:36:13,follower,2025-10
2025-10-17 12:30:37,follower,2025-10
2025-10-17 12:07:25,follower,2025-10
2025-10-17 12:02:43,follower,2025-10
2025-10-17 11:52:06,follower,2025-10
2025-10-17 11:51:04,follower,2025-10
2025-10-17 11:45:40,follower,2025-10
2025-10-17 11:33:04,follower,2025-10
2025-10-17 11:30:57,follower,2025-10
2025-10-17 11:26:01,follower,2025-10
2025-10-17 11:21:36,follower,2025-10
2025-10-17 11:02:37,follower,2025-10
2025-10-17 10:59:48,follower,2025-10
2025-10-17 10:19:58,follower,2025-10
2025-10-17 10:13:29,follower,2025-10
2025-10-17 09:32:52,follower,2025-10
2025-10-17 09:25:44,follower,2025-10
2025-10-17 09:24:52,follower,2025-10
2025-10-17 08:46:41,follower,2025-10
2025-10-17 08:15:10,follower,2025-10
2025-10-17 07:18:19,follower,2025-10
2025-10-17 07:15:32,follower,2025-10
2025-10-17 06:52:44,follower,2025-10
2025-10-17 06:25:04,follower,2025-10
2025-10-17 06:00:49,follower,2025-10
2025-10-17 03:31:01,follower,2025-10
2025-10-17 03:16:42,follower,2025-10
2025-10-17 03:14:47,follower,2025-10
2025-10-17 02:54:52,follower,2025-10
2025-10-17 02:35:07,follower,2025-10
2025-10-17 02:02:45,follower,2025-10
2025-10-17 01:42:07,follower,2025-10
2025-10-17 01:40:22,follower,2025-10
2025-10-17 01:39:01,follower,2025-10
2025-10-17 01:38:37,follower,2025-10
2025-10-17 01:11:33,follower,2025-10
2025-10-17 00:28:00,follower,2025-10
2025-10-17 00:25:15,follower,2025-10
2025-10-16 23:32:21,follower,2025-10
2025-10-16 23:20:58,follower,2025-10
2025-10-16 23:10:46,follower,2025-10
2025-10-16 23:02:34,follower,2025-10
2025-10-16 22:10:40,follower,2025-10
2025-10-16 22:08:06,follower,2025-10
2025-10-16 21:49:38,follower,2025-10
2025-10-16 21:29:04,follower,2025-10
2025-10-16 21:01:39,follower,2025-10
2025-10-16 20:55:31,follower,2025-10
2025-10-16 20:53:23,follower,2025-10
2025-10-16 20:46:41,follower,2025-10
2025-10-16 20:16:51,follower,2025-10
2025-10-16 20:16:06,follower,2025-10
2025-10-16 20:06:14,follower,2025-10
2025-10-16 20:01:41,follower,2025-10
2025-10-16 18:56:28,follower,2025-10
2025-10-16 17:44:08,follower,2025-10
2025-10-16 17:29:23,follower,2025-10
2025-10-16 17:27:58,follower,2025-10
2025-10-16 15:37:41,follower,2025-10
2025-10-16 14:31:50,follower,2025-10
2025-10-16 14:21:32,follower,2025-10
2025-10-16 14:01:16,follower,2025-10
2025-10-16 13:58:30,follower,2025-10
2025-10-16 13:09:56,follower,2025-10
2025-10-16 13:08:35,follower,2025-10
2025-10-16 12:36:44,follower,2025-10
2025-10-16 12:34:21,follower,2025-10
2025-10-16 12:26:13,follower,2025-10
2025-10-16 11:56:16,follower,2025-10
2025-10-16 11:49:10,follower,2025-10
2025-10-16 11:37:58,follower,2025-10
2025-10-16 09:24:13,follower,2025-10
2025-10-16 09:06:18,follower,2025-10
2025-10-16 08:15:59,follower,2025-10
2025-10-16 07:15:10,follower,2025-10
2025-10-16 02:07:10,follower,2025-10
2025-10-16 01:44:01,follower,2025-10
2025-10-16 01:39:17,follower,2025-10
2025-10-16 01:14:45,follower,2025-10
2025-10-16 00:19:38,follower,2025-10
2025-10-15 23:50:23,follower,2025-10
2025-10-15 23:00:28,follower,2025-10
2025-10-15 22:55:31,follower,2025-10
2025-10-15 22:54:53,follower,2025-10
2025-10-15 22:45:40,follower,2025-10
2025-10-15 22:41:36,follower,2025-10
2025-10-15 21:57:51,follower,2025-10
2025-10-15 21:38:41,follower,2025-10
2025-10-15 21:14:05,follower,2025-10
2025-10-15 21:01:11,follower,2025-10
2025-10-15 20:48:58,follower,2025-10
2025-10-15 20:37:56,follower,2025-10
2025-10-15 19:25:07,follower,2025-10
2025-10-15 18:36:36,follower,2025-10
2025-10-15 18:23:22,follower,2025-10
2025-10-15 18:18:48,follower,2025-10
2025-10-15 17:42:08,follower,2025-10
2025-10-15 17:37:36,follower,2025-10
2025-10-15 17:09:31,follower,2025-10
2025-10-15 16:31:43,follower,2025-10
2025-10-15 16:29:38,follower,2025-10
2025-10-15 15:43:15,follower,2025-10
2025-10-15 15:40:14,follower,2025-10
2025-10-15 15:29:37,follower,2025-10
2025-10-15 15:21:10,follower,2025-10
2025-10-15 15:09:06,follower,2025-10
2025-10-15 14:48:58,follower,2025-10
2025-10-15 13:33:20,follower,2025-10
2025-10-15 13:22:10,follower,2025-10
2025-10-15 13:16:06,follower,2025-10
2025-10-15 12:37:53,follower,2025-10
2025-10-15 12:36:00,follower,2025-10
2025-10-15 11:25:04,follower,2025-10
2025-10-15 11:15:01,follower,2025-10
2025-10-15 11:04:57,follower,2025-10
2025-10-15 10:51:07,follower,2025-10
2025-10-15 10:28:30,follower,2025-10
2025-10-15 09:06:54,follower,2025-10
2025-10-15 07:42:12,follower,2025-10
2025-10-15 07:31:25,follower,2025-10
2025-10-15 07:01:35,follower,2025-10
2025-10-15 06:48:08,follower,2025-10
2025-10-15 04:59:45,follower,2025-10
2025-10-15 04:34:20,follower,2025-10
2025-10-15 02:24:31,follower,2025-10
2025-10-15 02:06:24,follower,2025-10
2025-10-15 00:06:05,follower,2025-10
2025-10-15 00:00:35,follower,2025-10
2025-10-14 23:45:35,follower,2025-10
2025-10-14 23:31:12,follower,2025-10
2025-10-14 22:57:18,follower,2025-10
2025-10-14 22:51:14,follower,2025-10
2025-10-14 22:43:36,follower,2025-10
2025-10-14 22:26:42,follower,2025-10
2025-10-14 22:22:04,follower,2025-10
2025-10-14 22:07:36,follower,2025-10
2025-10-14 22:04:03,follower,2025-10
2025-10-14 21:58:00,follower,2025-10
2025-10-14 21:37:42,follower,2025-10
2025-10-14 21:11:20,follower,2025-10
2025-10-14 20:47:22,follower,2025-10
2025-10-14 20:44:15,follower,2025-10
2025-10-14 20:37:42,follower,2025-10
2025-10-14 20:18:58,follower,2025-10
2025-10-14 20:09:03,follower,2025-10
2025-10-14 20:03:06,follower,2025-10
2025-10-14 19:46:57,follower,2025-10
2025-10-14 19:28:38,follower,2025-10
2025-10-14 19:18:24,follower,2025-10
2025-10-14 19:00:28,follower,2025-10
2025-10-14 18:55:39,follower,2025-10
2025-10-14 18:53:50,follower,2025-10
2025-10-14 18:13:14,follower,2025-10
2025-10-14 17:55:27,follower,2025-10
2025-10-14 17:48:14,follower,2025-10
2025-10-14 17:15:58,follower,2025-10
2025-10-14 16:30:54,follower,2025-10
2025-10-14 16:22:00,follower,2025-10
2025-10-14 16:09:13,follower,2025-10
2025-10-14 15:50:53,follower,2025-10
2025-10-14 15:40:18,follower,2025-10
2025-10-14 15:03:15,follower,2025-10
2025-10-14 15:02:02,follower,2025-10
2025-10-14 14:44:21,follower,2025-10
2025-10-14 14:42:01,follower,2025-10
2025-10-14 14:35:08,follower,2025-10
2025-10-14 14:14:00,follower,2025-10
2025-10-14 14:05:23,follower,2025-10
2025-10-14 13:57:17,follower,2025-10
2025-10-14 13:44:36,follower,2025-10
2025-10-14 13:35:43,follower,2025-10
2025-10-14 13:28:05,follower,2025-10
2025-10-14 13:04:22,follower,2025-10
2025-10-14 13:02:51,follower,2025-10
2025-10-14 12:34:39,follower,2025-10
2025-10-14 12:31:03,follower,2025-10
2025-10-14 12:07:49,follower,2025-10
2025-10-14 11:52:37,follower,2025-10
2025-10-14 11:30:24,follower,2025-10
2025-10-14 10:53:22,follower,2025-10
2025-10-14 10:42:42,follower,2025-10
2025-10-14 10:29:24,follower,2025-10
2025-10-14 10:24:33,follower,2025-10
2025-10-14 10:11:12,follower,2025-10
2025-10-14 09:33:37,follower,2025-10
2025-10-14 09:04:30,follower,2025-10
2025-10-14 08:51:22,follower,2025-10
2025-10-14 07:43:12,follower,2025-10
2025-10-14 07:01:36,follower,2025-10
2025-10-14 05:43:19,follower,2025-10
2025-10-14 04:30:03,follower,2025-10
2025-10-14 04:15:50,follower,2025-10
2025-10-14 03:43:20,follower,2025-10
2025-10-14 01:36:21,follower,2025-10
2025-10-14 01:24:47,follower,2025-10
2025-10-14 00:55:06,follower,2025-10
2025-10-14 00:22:25,follower,2025-10
2025-10-14 00:09:04,follower,2025-10
2025-10-13 23:58:43,follower,2025-10
2025-10-13 23:45:17,follower,2025-10
2025-10-13 23:00:49,follower,2025-10
2025-10-13 22:51:53,follower,2025-10
2025-10-13 22:48:51,follower,2025-10
2025-10-13 22:44:08,follower,2025-10
2025-10-13 22:29:49,follower,2025-10
2025-10-13 22:21:21,follower,2025-10
2025-10-13 22:15:28,follower,2025-10
2025-10-13 21:54:08,follower,2025-10
2025-10-13 21:45:36,follower,2025-10
2025-10-13 21:07:13,follower,2025-10
2025-10-13 21:05:28,follower,2025-10
2025-10-13 21:04:15,follower,2025-10
2025-10-13 20:58:38,follower,2025-10
2025-10-13 20:53:12,follower,2025-10
2025-10-13 20:46:42,follower,2025-10
2025-10-13 20:46:35,follower,2025-10
2025-10-13 20:45:08,follower,2025-10
2025-10-13 20:29:03,follower,2025-10
2025-10-13 20:26:23,follower,2025-10
2025-10-13 20:24:38,follower,2025-10
2025-10-13 20:21:33,follower,2025-10
2025-10-13 20:03:20,follower,2025-10
2025-10-13 19:42:25,follower,2025-10
2025-10-13 19:32:10,follower,2025-10
2025-10-13 19:19:37,follower,2025-10
2025-10-13 19:15:05,follower,2025-10
2025-10-13 18:51:08,follower,2025-10
2025-10-13 18:47:12,follower,2025-10
2025-10-13 18:15:37,follower,2025-10
2025-10-13 17:55:20,follower,2025-10
2025-10-13 17:41:42,follower,2025-10
2025-10-13 17:36:28,follower,2025-10
2025-10-13 17:27:25,follower,2025-10
2025-10-13 17:07:19,follower,2025-10
2025-10-13 16:27:55,follower,2025-10
2025-10-13 16:05:29,follower,2025-10
2025-10-13 15:07:54,follower,2025-10
2025-10-13 14:56:58,follower,2025-10
2025-10-13 14:25:07,follower,2025-10
2025-10-13 14:10:28,follower,2025-10
2025-10-13 13:58:04,follower,2025-10
2025-10-13 13:30:19,follower,2025-10
2025-10-13 12:38:12,follower,2025-10
2025-10-13 12:11:42,follower,2025-10
2025-10-13 11:59:44,follower,2025-10
2025-10-13 11:55:43,follower,2025-10
2025-10-13 11:47:58,follower,2025-10
2025-10-13 11:34:01,follower,2025-10
2025-10-13 10:52:48,follower,2025-10
2025-10-13 10:47:49,follower,2025-10
2025-10-13 10:36:38,follower,2025-10
2025-10-13 09:20:05,follower,2025-10
2025-10-13 08:42:35,follower,2025-10
2025-10-13 07:48:18,follower,2025-10
2025-10-13 07:47:55,follower,2025-10
2025-10-13 07:33:11,follower,2025-10
2025-10-13 07:30:25,follower,2025-10
2025-10-13 06:36:23,follower,2025-10
2025-10-13 06:07:43,follower,2025-10
2025-10-13 05:27:48,follower,2025-10
2025-10-13 05:18:21,follower,2025-10
2025-10-13 05:09:21,follower,2025-10
2025-10-13 03:22:11,follower,2025-10
2025-10-13 02:18:51,follower,2025-10
2025-10-13 01:49:25,follower,2025-10
2025-10-13 01:39:50,follower,2025-10
2025-10-13 01:18:33,follower,2025-10
2025-10-13 00:44:27,follower,2025-10
2025-10-13 00:39:09,follower,2025-10
2025-10-13 00:24:12,follower,2025-10
2025-10-13 00:08:23,follower,2025-10
2025-10-13 00:05:30,follower,2025-10
2025-10-12 23:18:37,follower,2025-10
2025-10-12 23:12:37,follower,2025-10
2025-10-12 23:09:24,follower,2025-10
2025-10-12 22:35:36,follower,2025-10
2025-10-12 22:33:29,follower,2025-10
2025-10-12 22:23:43,follower,2025-10
2025-10-12 21:37:58,follower,2025-10
2025-10-12 21:06:21,follower,2025-10
2025-10-12 21:04:28,follower,2025-10
2025-10-12 20:55:24,follower,2025-10
2025-10-12 20:45:40,follower,2025-10
2025-10-12 20:44:31,follower,2025-10
2025-10-12 20:39:27,follower,2025-10
2025-10-12 20:32:58,follower,2025-10
2025-10-12 20:14:58,follower,2025-10
2025-10-12 20:01:00,follower,2025-10
2025-10-12 19:44:57,follower,2025-10
2025-10-12 19:27:09,follower,2025-10
2025-10-12 18:38:54,follower,2025-10
2025-10-12 18:27:18,follower,2025-10
2025-10-12 18:25:46,follower,2025-10
2025-10-12 18:20:51,follower,2025-10
2025-10-12 18:02:57,follower,2025-10
2025-10-12 18:02:39,follower,2025-10
2025-10-12 17:56:18,follower,2025-10
2025-10-12 17:34:29,follower,2025-10
2025-10-12 17:31:25,follower,2025-10
2025-10-12 17:25:51,follower,2025-10
2025-10-12 17:07:42,follower,2025-10
2025-10-12 16:41:59,follower,2025-10
2025-10-12 16:41:12,follower,2025-10
2025-10-12 16:03:44,follower,2025-10
2025-10-12 16:03:11,follower,2025-10
2025-10-12 16:01:06,follower,2025-10
2025-10-12 15:45:10,follower,2025-10
2025-10-12 15:27:14,follower,2025-10
2025-10-12 15:27:01,follower,2025-10
2025-10-12 15:24:28,follower,2025-10
2025-10-12 15:19:15,follower,2025-10
2025-10-12 15:07:30,follower,2025-10
2025-10-12 14:53:35,follower,2025-10
2025-10-12 14:37:42,follower,2025-10
2025-10-12 14:37:24,follower,2025-10
2025-10-12 14:21:49,follower,2025-10
2025-10-12 14:20:45,follower,2025-10
2025-10-12 14:05:43,follower,2025-10
2025-10-12 14:00:57,follower,2025-10
2025-10-12 13:04:04,follower,2025-10
2025-10-12 12:38:06,follower,2025-10
2025-10-12 12:15:58,follower,2025-10
2025-10-12 12:08:47,follower,2025-10
2025-10-12 11:42:57,follower,2025-10
2025-10-12 11:38:17,follower,2025-10
2025-10-12 11:22:32,follower,2025-10
2025-10-12 11:03:24,follower,2025-10
2025-10-12 10:51:44,follower,2025-10
2025-10-12 10:16:09,follower,2025-10
2025-10-12 09:53:23,follower,2025-10
2025-10-12 09:33:44,follower,2025-10
2025-10-12 08:24:12,follower,2025-10
2025-10-12 07:41:04,follower,2025-10
2025-10-12 07:00:13,follower,2025-10
2025-10-12 03:19:40,follower,2025-10
2025-10-12 02:32:36,follower,2025-10
2025-10-12 02:23:57,follower,2025-10
2025-10-12 01:36:14,follower,2025-10
2025-10-12 01:34:53,follower,2025-10
2025-10-12 01:23:14,follower,2025-10
2025-10-12 01:04:00,follower,2025-10
2025-10-12 00:57:25,follower,2025-10
2025-10-12 00:53:48,follower,2025-10
2025-10-12 00:51:17,follower,2025-10
2025-10-12 00:42:31,follower,2025-10
2025-10-12 00:20:42,follower,2025-10
2025-10-12 00:18:47,follower,2025-10
2025-10-11 23:50:28,follower,2025-10
2025-10-11 23:29:42,follower,2025-10
2025-10-11 23:09:52,follower,2025-10
2025-10-11 23:03:40,follower,2025-10
2025-10-11 22:59:12,follower,2025-10
2025-10-11 22:56:05,follower,2025-10
2025-10-11 22:53:24,follower,2025-10
2025-10-11 22:41:39,follower,2025-10
2025-10-11 21:56:35,follower,2025-10
2025-10-11 21:49:31,follower,2025-10
2025-10-11 21:35:16,follower,2025-10
2025-10-11 21:24:34,follower,2025-10
2025-10-11 21:07:22,follower,2025-10
2025-10-11 20:43:37,follower,2025-10
2025-10-11 20:38:35,follower,2025-10
2025-10-11 19:23:48,follower,2025-10
2025-10-11 18:08:43,follower,2025-10
2025-10-11 17:58:47,follower,2025-10
2025-10-11 17:55:34,follower,2025-10
2025-10-11 17:51:44,follower,2025-10
2025-10-11 17:50:44,follower,2025-10
2025-10-11 17:33:56,follower,2025-10
2025-10-11 17:18:54,follower,2025-10
2025-10-11 17:09:15,follower,2025-10
2025-10-11 16:24:04,follower,2025-10
2025-10-11 16:18:00,follower,2025-10
2025-10-11 16:08:58,follower,2025-10
2025-10-11 16:06:17,follower,2025-10
2025-10-11 16:00:51,follower,2025-10
2025-10-11 15:52:02,follower,2025-10
2025-10-11 15:27:58,follower,2025-10
2025-10-11 14:27:01,follower,2025-10
2025-10-11 14:09:47,follower,2025-10
2025-10-11 13:56:31,follower,2025-10
2025-10-11 13:15:22,follower,2025-10
2025-10-11 13:14:00,follower,2025-10
2025-10-11 13:00:55,follower,2025-10
2025-10-11 12:53:50,follower,2025-10
2025-10-11 12:53:33,follower,2025-10
2025-10-11 12:53:13,follower,2025-10
2025-10-11 12:42:38,follower,2025-10
2025-10-11 12:14:19,follower,2025-10
2025-10-11 12:12:51,follower,2025-10
2025-10-11 12:08:51,follower,2025-10
2025-10-11 12:08:03,follower,2025-10
2025-10-11 11:58:33,follower,2025-10
2025-10-11 11:45:32,follower,2025-10
2025-10-11 11:38:44,follower,2025-10
2025-10-11 11:04:25,follower,2025-10
2025-10-11 10:51:09,follower,2025-10
2025-10-11 10:44:34,follower,2025-10
2025-10-11 10:22:41,follower,2025-10
2025-10-11 10:09:44,follower,2025-10
2025-10-11 09:45:13,follower,2025-10
2025-10-11 08:40:16,follower,2025-10
2025-10-11 08:35:50,follower,2025-10
2025-10-11 08:35:19,follower,2025-10
2025-10-11 08:17:57,follower,2025-10
2025-10-11 08:13:33,follower,2025-10
2025-10-11 07:09:46,follower,2025-10
2025-10-11 06:58:54,follower,2025-10
2025-10-11 06:39:41,follower,2025-10
2025-10-11 04:42:32,follower,2025-10
2025-10-11 04:25:09,follower,2025-10
2025-10-11 03:29:43,follower,2025-10
2025-10-11 02:12:37,follower,2025-10
2025-10-11 02:07:59,follower,2025-10
2025-10-11 01:58:48,follower,2025-10
2025-10-11 01:51:48,follower,2025-10
2025-10-11 00:57:54,follower,2025-10
2025-10-11 00:54:44,follower,2025-10
2025-10-11 00:48:44,follower,2025-10
2025-10-11 00:42:56,follower,2025-10
2025-10-11 00:05:31,follower,2025-10
2025-10-11 00:04:10,follower,2025-10
2025-10-10 23:55:50,follower,2025-10
2025-10-10 23:41:22,follower,2025-10
2025-10-10 23:38:03,follower,2025-10
2025-10-10 23:14:30,follower,2025-10
2025-10-10 23:08:15,follower,2025-10
2025-10-10 22:38:37,follower,2025-10
2025-10-10 22:04:15,follower,2025-10
2025-10-10 21:33:49,follower,2025-10
2025-10-10 21:28:37,follower,2025-10
2025-10-10 19:46:03,follower,2025-10
2025-10-10 19:29:06,follower,2025-10
2025-10-10 17:51:53,follower,2025-10
2025-10-10 17:50:08,follower,2025-10
2025-10-10 16:52:03,follower,2025-10
2025-10-10 16:51:25,follower,2025-10
2025-10-10 16:41:26,follower,2025-10
2025-10-10 16:33:51,follower,2025-10
2025-10-10 16:30:02,follower,2025-10
2025-10-10 15:51:20,follower,2025-10
2025-10-10 15:31:52,follower,2025-10
2025-10-10 15:19:51,follower,2025-10
2025-10-10 15:19:15,follower,2025-10
2025-10-10 14:32:23,follower,2025-10
2025-10-10 13:56:04,follower,2025-10
2025-10-10 13:41:42,follower,2025-10
2025-10-10 12:50:31,follower,2025-10
2025-10-10 12:34:54,follower,2025-10
2025-10-10 12:28:58,follower,2025-10
2025-10-10 11:57:00,follower,2025-10
2025-10-10 11:54:07,follower,2025-10
2025-10-10 11:34:16,follower,2025-10
2025-10-10 11:16:17,follower,2025-10
2025-10-10 10:21:08,follower,2025-10
2025-10-10 09:59:50,follower,2025-10
2025-10-10 09:57:05,follower,2025-10
2025-10-10 09:50:28,follower,2025-10
2025-10-10 06:56:53,follower,2025-10
2025-10-10 05:25:51,follower,2025-10
2025-10-10 05:00:57,follower,2025-10
2025-10-10 02:51:31,follower,2025-10
2025-10-10 02:20:51,follower,2025-10
2025-10-10 01:15:29,follower,2025-10
2025-10-10 01:11:54,follower,2025-10
2025-10-09 22:58:31,follower,2025-10
2025-10-09 22:50:53,follower,2025-10
2025-10-09 22:46:20,follower,2025-10
2025-10-09 22:37:50,follower,2025-10
2025-10-09 22:24:08,follower,2025-10
2025-10-09 22:13:39,follower,2025-10
2025-10-09 21:34:43,follower,2025-10
2025-10-09 21:22:46,follower,2025-10
2025-10-09 21:17:53,follower,2025-10
2025-10-09 21:01:07,follower,2025-10
2025-10-09 20:55:45,follower,2025-10
2025-10-09 20:51:08,follower,2025-10
2025-10-09 20:32:30,follower,2025-10
2025-10-09 19:42:12,follower,2025-10
2025-10-09 19:36:01,follower,2025-10
2025-10-09 19:33:36,follower,2025-10
2025-10-09 18:35:33,follower,2025-10
2025-10-09 17:34:52,follower,2025-10
2025-10-09 17:33:47,follower,2025-10
2025-10-09 15:37:17,follower,2025-10
2025-10-09 15:20:35,follower,2025-10
2025-10-09 15:11:35,follower,2025-10
2025-10-09 15:04:18,follower,2025-10
2025-10-09 15:00:38,follower,2025-10
2025-10-09 14:56:03,follower,2025-10
2025-10-09 14:33:43,follower,2025-10
2025-10-09 13:48:06,follower,2025-10
2025-10-09 13:25:00,follower,2025-10
2025-10-09 12:22:47,follower,2025-10
2025-10-09 10:59:23,follower,2025-10
2025-10-09 10:58:07,follower,2025-10
2025-10-09 10:39:47,follower,2025-10
2025-10-09 10:01:56,follower,2025-10
2025-10-09 09:26:55,follower,2025-10
2025-10-09 09:01:01,follower,2025-10
2025-10-09 07:53:47,follower,2025-10
2025-10-09 07:45:38,follower,2025-10
2025-10-09 06:45:08,follower,2025-10
2025-10-09 06:11:56,follower,2025-10
2025-10-09 04:30:10,follower,2025-10
2025-10-09 02:52:35,follower,2025-10
2025-10-09 02:31:21,follower,2025-10
2025-10-09 02:17:31,follower,2025-10
2025-10-09 01:21:34,follower,2025-10
2025-10-09 00:57:01,follower,2025-10
2025-10-09 00:46:24,follower,2025-10
2025-10-09 00:39:55,follower,2025-10
2025-10-09 00:24:13,follower,2025-10
2025-10-09 00:15:22,follower,2025-10
2025-10-09 00:09:23,follower,2025-10
2025-10-08 22:35:37,follower,2025-10
2025-10-08 22:07:59,follower,2025-10
2025-10-08 21:42:19,follower,2025-10
2025-10-08 21:35:35,follower,2025-10
2025-10-08 21:33:02,follower,2025-10
2025-10-08 21:07:39,follower,2025-10
2025-10-08 20:53:47,follower,2025-10
2025-10-08 20:50:22,follower,2025-10
2025-10-08 20:39:34,follower,2025-10
2025-10-08 20:34:05,follower,2025-10
2025-10-08 20:12:48,follower,2025-10
2025-10-08 20:04:29,follower,2025-10
2025-10-08 19:49:22,follower,2025-10
2025-10-08 19:13:48,follower,2025-10
2025-10-08 18:49:36,follower,2025-10
2025-10-08 18:40:03,follower,2025-10
2025-10-08 18:25:19,follower,2025-10
2025-10-08 17:57:30,follower,2025-10
2025-10-08 16:55:31,follower,2025-10
2025-10-08 15:42:54,follower,2025-10
2025-10-08 15:38:36,follower,2025-10
2025-10-08 15:16:50,follower,2025-10
2025-10-08 14:20:17,follower,2025-10
2025-10-08 13:38:34,follower,2025-10
2025-10-08 13:36:17,follower,2025-10
2025-10-08 12:51:16,follower,2025-10
2025-10-08 12:07:39,follower,2025-10
2025-10-08 11:28:22,follower,2025-10
2025-10-08 11:08:30,follower,2025-10
2025-10-08 08:19:33,follower,2025-10
2025-10-08 07:21:39,follower,2025-10
2025-10-08 06:55:58,follower,2025-10
2025-10-08 06:29:31,follower,2025-10
2025-10-08 05:23:15,follower,2025-10
2025-10-08 04:54:30,follower,2025-10
2025-10-08 03:10:57,follower,2025-10
2025-10-08 02:37:27,follower,2025-10
2025-10-08 01:48:57,follower,2025-10
2025-10-08 01:35:08,follower,2025-10
2025-10-08 01:19:14,follower,2025-10
2025-10-08 00:46:51,follower,2025-10
2025-10-08 00:04:26,follower,2025-10
2025-10-07 23:35:34,follower,2025-10
2025-10-07 23:10:30,follower,2025-10
2025-10-07 22:37:28,follower,2025-10
2025-10-07 22:26:18,follower,2025-10
2025-10-07 21:58:29,follower,2025-10
2025-10-07 21:51:25,follower,2025-10
2025-10-07 21:44:33,follower,2025-10
2025-10-07 21:39:58,follower,2025-10
2025-10-07 21:22:06,follower,2025-10
2025-10-07 21:14:12,follower,2025-10
2025-10-07 20:36:28,follower,2025-10
2025-10-07 19:47:23,follower,2025-10
2025-10-07 18:59:01,follower,2025-10
2025-10-07 18:53:25,follower,2025-10
2025-10-07 18:09:30,follower,2025-10
2025-10-07 17:55:00,follower,2025-10
2025-10-07 17:54:32,follower,2025-10
2025-10-07 17:31:51,follower,2025-10
2025-10-07 17:26:26,follower,2025-10
2025-10-07 17:19:02,follower,2025-10
2025-10-07 16:34:08,follower,2025-10
2025-10-07 16:32:41,follower,2025-10
2025-10-07 15:32:30,follower,2025-10
2025-10-07 14:31:01,follower,2025-10
2025-10-07 14:15:49,follower,2025-10
2025-10-07 13:48:13,follower,2025-10
2025-10-07 13:22:07,follower,2025-10
2025-10-07 12:54:44,follower,2025-10
2025-10-07 12:42:01,follower,2025-10
2025-10-07 12:21:30,follower,2025-10
2025-10-07 11:48:40,follower,2025-10
2025-10-07 11:07:49,follower,2025-10
2025-10-07 10:16:50,follower,2025-10
2025-10-07 10:08:04,follower,2025-10
2025-10-07 08:35:10,follower,2025-10
2025-10-07 08:13:51,follower,2025-10
2025-10-07 03:05:57,follower,2025-10
2025-10-07 02:49:20,follower,2025-10
2025-10-07 01:01:01,follower,2025-10
2025-10-07 00:55:52,follower,2025-10
2025-10-07 00:20:16,follower,2025-10
2025-10-07 00:04:41,follower,2025-10
2025-10-07 00:02:13,follower,2025-10
2025-10-06 23:49:08,follower,2025-10
2025-10-06 23:32:06,follower,2025-10
2025-10-06 23:10:43,follower,2025-10
2025-10-06 23:03:01,follower,2025-10
2025-10-06 23:00:32,follower,2025-10
2025-10-06 22:47:55,follower,2025-10
2025-10-06 22:45:06,follower,2025-10
2025-10-06 22:27:50,follower,2025-10
2025-10-06 21:53:36,follower,2025-10
2025-10-06 21:50:03,follower,2025-10
2025-10-06 21:44:22,follower,2025-10
2025-10-06 21:14:13,follower,2025-10
2025-10-06 21:13:38,follower,2025-10
2025-10-06 21:06:00,follower,2025-10
2025-10-06 20:27:33,follower,2025-10
2025-10-06 20:20:13,follower,2025-10
2025-10-06 20:18:18,follower,2025-10
2025-10-06 20:14:18,follower,2025-10
2025-10-06 18:56:03,follower,2025-10
2025-10-06 18:31:39,follower,2025-10
2025-10-06 18:30:57,follower,2025-10
2025-10-06 18:17:23,follower,2025-10
2025-10-06 18:14:35,follower,2025-10
2025-10-06 18:08:08,follower,2025-10
2025-10-06 18:07:59,follower,2025-10
2025-10-06 18:05:39,follower,2025-10
2025-10-06 18:01:50,follower,2025-10
2025-10-06 17:57:20,follower,2025-10
2025-10-06 17:19:00,follower,2025-10
2025-10-06 17:06:02,follower,2025-10
2025-10-06 16:42:42,follower,2025-10
2025-10-06 16:18:34,follower,2025-10
2025-10-06 16:07:21,follower,2025-10
2025-10-06 16:01:58,follower,2025-10
2025-10-06 15:37:00,follower,2025-10
2025-10-06 15:28:07,follower,2025-10
2025-10-06 15:18:00,follower,2025-10
2025-10-06 15:15:40,follower,2025-10
2025-10-06 14:54:57,follower,2025-10
2025-10-06 14:50:12,follower,2025-10
2025-10-06 14:28:34,follower,2025-10
2025-10-06 14:07:00,follower,2025-10
2025-10-06 13:30:54,follower,2025-10
2025-10-06 13:14:48,follower,2025-10
2025-10-06 13:12:12,follower,2025-10
2025-10-06 13:09:04,follower,2025-10
2025-10-06 12:47:29,follower,2025-10
2025-10-06 12:33:16,follower,2025-10
2025-10-06 12:24:21,follower,2025-10
2025-10-06 12:13:17,follower,2025-10
2025-10-06 11:49:59,follower,2025-10
2025-10-06 10:51:29,follower,2025-10
2025-10-06 10:49:19,follower,2025-10
2025-10-06 10:41:52,follower,2025-10
2025-10-06 10:26:47,follower,2025-10
2025-10-06 09:54:55,follower,2025-10
2025-10-06 08:44:15,follower,2025-10
2025-10-06 08:13:38,follower,2025-10
2025-10-06 07:55:08,follower,2025-10
2025-10-06 05:55:22,follower,2025-10
2025-10-06 05:08:31,follower,2025-10
2025-10-06 03:19:41,follower,2025-10
2025-10-06 02:40:27,follower,2025-10
2025-10-06 02:10:36,follower,2025-10
2025-10-06 01:44:53,follower,2025-10
2025-10-06 00:26:07,follower,2025-10
2025-10-06 00:21:17,follower,2025-10
2025-10-06 00:20:49,follower,2025-10
2025-10-06 00:19:24,follower,2025-10
2025-10-05 23:52:51,follower,2025-10
2025-10-05 23:52:24,follower,2025-10
2025-10-05 23:31:18,follower,2025-10
2025-10-05 22:42:44,follower,2025-10
2025-10-05 22:16:23,follower,2025-10
2025-10-05 22:02:59,follower,2025-10
2025-10-05 21:44:09,follower,2025-10
2025-10-05 20:42:53,follower,2025-10
2025-10-05 20:32:36,follower,2025-10
2025-10-05 20:05:05,follower,2025-10
2025-10-05 20:00:14,follower,2025-10
2025-10-05 19:56:04,follower,2025-10
2025-10-05 19:50:31,follower,2025-10
2025-10-05 19:30:23,follower,2025-10
2025-10-05 19:09:55,follower,2025-10
2025-10-05 18:14:12,follower,2025-10
2025-10-05 17:19:38,follower,2025-10
2025-10-05 16:56:43,follower,2025-10
2025-10-05 16:52:29,follower,2025-10
2025-10-05 16:36:06,follower,2025-10
2025-10-05 16:04:05,follower,2025-10
2025-10-05 15:59:37,follower,2025-10
2025-10-05 15:58:17,follower,2025-10
2025-10-05 15:55:44,follower,2025-10
2025-10-05 15:48:52,follower,2025-10
2025-10-05 15:39:55,follower,2025-10
2025-10-05 15:27:35,follower,2025-10
2025-10-05 15:14:39,follower,2025-10
2025-10-05 15:13:52,follower,2025-10
2025-10-05 15:08:53,follower,2025-10
2025-10-05 15:08:12,follower,2025-10
2025-10-05 14:54:45,follower,2025-10
2025-10-05 14:37:50,follower,2025-10
2025-10-05 14:27:49,follower,2025-10
2025-10-05 14:17:22,follower,2025-10
2025-10-05 14:14:59,follower,2025-10
2025-10-05 14:10:37,follower,2025-10
2025-10-05 14:06:30,follower,2025-10
2025-10-05 13:59:58,follower,2025-10
2025-10-05 13:54:35,follower,2025-10
2025-10-05 13:51:41,follower,2025-10
2025-10-05 13:37:33,follower,2025-10
2025-10-05 13:33:31,follower,2025-10
2025-10-05 13:10:17,follower,2025-10
2025-10-05 12:56:25,follower,2025-10
2025-10-05 12:56:01,follower,2025-10
2025-10-05 12:47:45,follower,2025-10
2025-10-05 12:29:48,follower,2025-10
2025-10-05 12:28:27,follower,2025-10
2025-10-05 12:18:46,follower,2025-10
2025-10-05 11:54:17,follower,2025-10
2025-10-05 11:43:34,follower,2025-10
2025-10-05 11:29:49,follower,2025-10
2025-10-05 11:29:32,follower,2025-10
2025-10-05 10:42:19,follower,2025-10
2025-10-05 10:41:49,follower,2025-10
2025-10-05 10:19:19,follower,2025-10
2025-10-05 10:04:55,follower,2025-10
2025-10-05 09:42:39,follower,2025-10
2025-10-05 09:06:28,follower,2025-10
2025-10-05 07:28:05,follower,2025-10
2025-10-05 07:13:18,follower,2025-10
2025-10-05 06:17:47,follower,2025-10
2025-10-05 06:03:45,follower,2025-10
2025-10-05 05:41:24,follower,2025-10
2025-10-05 04:56:30,follower,2025-10
2025-10-05 04:44:02,follower,2025-10
2025-10-05 04:24:59,follower,2025-10
2025-10-05 04:02:20,follower,2025-10
2025-10-05 03:44:55,follower,2025-10
2025-10-05 03:24:54,follower,2025-10
2025-10-05 02:33:32,follower,2025-10
2025-10-05 02:27:06,follower,2025-10
2025-10-05 02:19:26,follower,2025-10
2025-10-05 01:34:10,follower,2025-10
2025-10-05 01:28:30,follower,2025-10
2025-10-05 01:25:45,follower,2025-10
2025-10-05 01:05:31,follower,2025-10
2025-10-05 01:05:26,follower,2025-10
2025-10-05 01:04:56,follower,2025-10
2025-10-05 00:43:17,follower,2025-10
2025-10-05 00:29:52,follower,2025-10
2025-10-05 00:26:30,follower,2025-10
2025-10-04 23:53:51,follower,2025-10
2025-10-04 23:50:15,follower,2025-10
2025-10-04 23:38:57,follower,2025-10
2025-10-04 23:33:35,follower,2025-10
2025-10-04 23:30:48,follower,2025-10
2025-10-04 23:14:05,follower,2025-10
2025-10-04 23:01:45,follower,2025-10
2025-10-04 22:24:34,follower,2025-10
2025-10-04 22:23:54,follower,2025-10
2025-10-04 22:23:22,follower,2025-10
2025-10-04 21:40:36,follower,2025-10
2025-10-04 21:22:22,follower,2025-10
2025-10-04 21:17:54,follower,2025-10
2025-10-04 21:05:09,follower,2025-10
2025-10-04 21:04:16,follower,2025-10
2025-10-04 20:50:49,follower,2025-10
2025-10-04 20:48:39,follower,2025-10
2025-10-04 20:45:15,follower,2025-10
2025-10-04 20:41:53,follower,2025-10
2025-10-04 20:34:36,follower,2025-10
2025-10-04 20:29:11,follower,2025-10
2025-10-04 20:27:52,follower,2025-10
2025-10-04 19:58:45,follower,2025-10
2025-10-04 19:45:16,follower,2025-10
2025-10-04 19:29:20,follower,2025-10
2025-10-04 19:23:37,follower,2025-10
2025-10-04 18:26:14,follower,2025-10
2025-10-04 17:39:05,follower,2025-10
2025-10-04 17:31:54,follower,2025-10
2025-10-04 16:06:01,follower,2025-10
2025-10-04 15:44:55,follower,2025-10
2025-10-04 15:42:58,follower,2025-10
2025-10-04 14:52:23,follower,2025-10
2025-10-04 14:36:36,follower,2025-10
2025-10-04 13:57:51,follower,2025-10
2025-10-04 13:23:44,follower,2025-10
2025-10-04 12:34:27,follower,2025-10
2025-10-04 12:07:17,follower,2025-10
2025-10-04 11:51:34,follower,2025-10
2025-10-04 11:41:48,follower,2025-10
2025-10-04 11:40:14,follower,2025-10
2025-10-04 11:38:30,follower,2025-10
2025-10-04 10:56:04,follower,2025-10
2025-10-04 10:43:42,follower,2025-10
2025-10-04 09:46:29,follower,2025-10
2025-10-04 09:45:36,follower,2025-10
2025-10-04 08:55:52,follower,2025-10
2025-10-04 07:22:01,follower,2025-10
2025-10-04 06:59:10,follower,2025-10
2025-10-04 06:51:37,follower,2025-10
2025-10-04 06:09:53,follower,2025-10
2025-10-04 04:39:12,follower,2025-10
2025-10-04 03:07:51,follower,2025-10
2025-10-04 01:48:00,follower,2025-10
2025-10-04 01:09:08,follower,2025-10
2025-10-04 00:54:58,follower,2025-10
2025-10-04 00:36:33,follower,2025-10
2025-10-04 00:31:47,follower,2025-10
2025-10-04 00:30:46,follower,2025-10
2025-10-03 23:06:09,follower,2025-10
2025-10-03 22:44:03,follower,2025-10
2025-10-03 22:39:44,follower,2025-10
2025-10-03 22:22:44,follower,2025-10
2025-10-03 21:39:31,follower,2025-10
2025-10-03 21:29:54,follower,2025-10
2025-10-03 21:25:18,follower,2025-10
2025-10-03 21:14:43,follower,2025-10
2025-10-03 21:02:25,follower,2025-10
2025-10-03 20:53:06,follower,2025-10
2025-10-03 20:49:35,follower,2025-10
2025-10-03 20:44:06,follower,2025-10
2025-10-03 20:03:36,follower,2025-10
2025-10-03 19:55:44,follower,2025-10
2025-10-03 19:55:15,follower,2025-10
2025-10-03 19:32:58,follower,2025-10
2025-10-03 19:23:50,follower,2025-10
2025-10-03 17:50:33,follower,2025-10
2025-10-03 16:46:01,follower,2025-10
2025-10-03 16:20:20,follower,2025-10
2025-10-03 16:17:05,follower,2025-10
2025-10-03 16:03:28,follower,2025-10
2025-10-03 15:43:50,follower,2025-10
2025-10-03 15:31:44,follower,2025-10
2025-10-03 15:31:18,follower,2025-10
2025-10-03 15:23:11,follower,2025-10
2025-10-03 14:02:09,follower,2025-10
2025-10-03 13:48:18,follower,2025-10
2025-10-03 13:29:49,follower,2025-10
2025-10-03 13:10:41,follower,2025-10
2025-10-03 13:10:25,follower,2025-10
2025-10-03 12:59:09,follower,2025-10
2025-10-03 12:49:37,follower,2025-10
2025-10-03 12:48:06,follower,2025-10
2025-10-03 12:47:46,follower,2025-10
2025-10-03 12:15:37,follower,2025-10
2025-10-03 11:42:27,follower,2025-10
2025-10-03 11:31:19,follower,2025-10
2025-10-03 11:28:23,follower,2025-10
2025-10-03 11:19:58,follower,2025-10
2025-10-03 10:29:30,follower,2025-10
2025-10-03 10:02:49,follower,2025-10
2025-10-03 08:19:17,follower,2025-10
2025-10-03 06:30:47,follower,2025-10
2025-10-03 06:24:43,follower,2025-10
2025-10-03 05:52:23,follower,2025-10
2025-10-03 05:46:10,follower,2025-10
2025-10-03 05:34:27,follower,2025-10
2025-10-03 01:53:46,follower,2025-10
2025-10-03 01:41:15,follower,2025-10
2025-10-03 01:41:07,follower,2025-10
2025-10-03 01:12:38,follower,2025-10
2025-10-03 00:03:33,follower,2025-10
2025-10-02 23:59:56,follower,2025-10
2025-10-02 23:50:55,follower,2025-10
2025-10-02 23:42:14,follower,2025-10
2025-10-02 23:37:54,follower,2025-10
2025-10-02 23:21:07,follower,2025-10
2025-10-02 23:13:42,follower,2025-10
2025-10-02 22:42:28,follower,2025-10
2025-10-02 22:40:05,follower,2025-10
2025-10-02 22:38:13,follower,2025-10
2025-10-02 22:20:09,follower,2025-10
2025-10-02 21:21:12,follower,2025-10
2025-10-02 20:59:25,follower,2025-10
2025-10-02 20:21:33,follower,2025-10
2025-10-02 19:57:19,follower,2025-10
2025-10-02 19:36:58,follower,2025-10
2025-10-02 19:35:56,follower,2025-10
2025-10-02 19:30:30,follower,2025-10
2025-10-02 19:05:40,follower,2025-10
2025-10-02 19:05:07,follower,2025-10
2025-10-02 18:56:56,follower,2025-10
2025-10-02 18:05:32,follower,2025-10
2025-10-02 18:02:09,follower,2025-10
2025-10-02 17:28:26,follower,2025-10
2025-10-02 17:23:09,follower,2025-10
2025-10-02 17:00:55,follower,2025-10
2025-10-02 17:00:46,follower,2025-10
2025-10-02 16:48:55,follower,2025-10
2025-10-02 16:40:42,follower,2025-10
2025-10-02 16:28:40,follower,2025-10
2025-10-02 16:22:22,follower,2025-10
2025-10-02 16:15:00,follower,2025-10
2025-10-02 15:54:00,follower,2025-10
2025-10-02 15:21:57,follower,2025-10
2025-10-02 15:18:06,follower,2025-10
2025-10-02 15:12:05,follower,2025-10
2025-10-02 14:06:10,follower,2025-10
2025-10-02 13:55:09,follower,2025-10
2025-10-02 13:47:58,follower,2025-10
2025-10-02 13:25:00,follower,2025-10
2025-10-02 13:23:28,follower,2025-10
2025-10-02 13:22:42,follower,2025-10
2025-10-02 13:08:19,follower,2025-10
2025-10-02 12:44:39,follower,2025-10
2025-10-02 12:40:35,follower,2025-10
2025-10-02 11:59:33,follower,2025-10
2025-10-02 11:38:17,follower,2025-10
2025-10-02 11:38:06,follower,2025-10
2025-10-02 10:21:58,follower,2025-10
2025-10-02 10:15:08,follower,2025-10
2025-10-02 09:51:18,follower,2025-10
2025-10-02 08:27:03,follower,2025-10
2025-10-02 08:26:46,follower,2025-10
2025-10-02 07:48:19,follower,2025-10
2025-10-02 07:10:49,follower,2025-10
2025-10-02 07:07:21,follower,2025-10
2025-10-02 04:39:34,follower,2025-10
2025-10-02 03:08:22,follower,2025-10
2025-10-02 03:00:34,follower,2025-10
2025-10-02 02:56:56,follower,2025-10
2025-10-02 02:38:03,follower,2025-10
2025-10-02 02:36:39,follower,2025-10
2025-10-02 02:21:06,follower,2025-10
2025-10-02 01:46:43,follower,2025-10
2025-10-02 01:20:47,follower,2025-10
2025-10-02 00:51:07,follower,2025-10
2025-10-02 00:49:51,follower,2025-10
2025-10-02 00:42:13,follower,2025-10
2025-10-01 23:55:12,follower,2025-10
2025-10-01 23:54:32,follower,2025-10
2025-10-01 23:53:48,follower,2025-10
2025-10-01 23:26:29,follower,2025-10
2025-10-01 22:34:36,follower,2025-10
2025-10-01 22:34:20,follower,2025-10
2025-10-01 22:23:47,follower,2025-10
2025-10-01 22:19:15,follower,2025-10
2025-10-01 22:01:34,follower,2025-10
2025-10-01 21:51:28,follower,2025-10
2025-10-01 21:40:53,follower,2025-10
2025-10-01 21:39:51,follower,2025-10
2025-10-01 21:05:45,follower,2025-10
2025-10-01 21:01:10,follower,2025-10
2025-10-01 20:15:02,follower,2025-10
2025-10-01 20:07:58,follower,2025-10
2025-10-01 19:54:32,follower,2025-10
2025-10-01 19:37:07,follower,2025-10
2025-10-01 18:30:32,follower,2025-10
2025-10-01 18:25:49,follower,2025-10
2025-10-01 18:23:03,follower,2025-10
2025-10-01 18:09:14,follower,2025-10
2025-10-01 18:04:47,follower,2025-10
2025-10-01 17:56:21,follower,2025-10
2025-10-01 17:35:44,follower,2025-10
2025-10-01 16:53:11,follower,2025-10
2025-10-01 16:43:38,follower,2025-10
2025-10-01 16:23:19,follower,2025-10
2025-10-01 16:23:18,follower,2025-10
2025-10-01 16:16:04,follower,2025-10
2025-10-01 16:08:44,follower,2025-10
2025-10-01 16:08:18,follower,2025-10
2025-10-01 16:02:31,follower,2025-10
2025-10-01 16:00:37,follower,2025-10
2025-10-01 15:32:56,follower,2025-10
2025-10-01 15:25:24,follower,2025-10
2025-10-01 15:14:56,follower,2025-10
2025-10-01 15:04:51,follower,2025-10
2025-10-01 14:58:51,follower,2025-10
2025-10-01 14:40:00,follower,2025-10
2025-10-01 14:37:54,follower,2025-10
2025-10-01 14:35:03,follower,2025-10
2025-10-01 14:10:39,follower,2025-10
2025-10-01 14:06:00,follower,2025-10
2025-10-01 13:48:45,follower,2025-10
2025-10-01 13:35:03,follower,2025-10
2025-10-01 13:21:35,follower,2025-10
2025-10-01 13:18:39,follower,2025-10
2025-10-01 13:03:14,follower,2025-10
2025-10-01 12:57:21,follower,2025-10
2025-10-01 12:50:29,follower,2025-10
2025-10-01 12:39:11,follower,2025-10
2025-10-01 12:02:59,follower,2025-10
2025-10-01 11:23:45,follower,2025-10
2025-10-01 11:14:09,follower,2025-10
2025-10-01 11:12:09,follower,2025-10
2025-10-01 11:01:01,follower,2025-10
2025-10-01 10:42:32,follower,2025-10
2025-10-01 10:27:43,follower,2025-10
2025-10-01 10:11:05,follower,2025-10
2025-10-01 08:19:39,follower,2025-10
2025-10-01 07:34:36,follower,2025-10
2025-10-01 07:34:35,follower,2025-10
2025-10-01 06:45:35,follower,2025-10
2025-10-01 05:49:35,follower,2025-10
2025-10-01 04:28:58,follower,2025-10
2025-10-01 02:43:00,follower,2025-10
2025-10-01 01:38:26,follower,2025-10
2025-10-01 01:34:59,follower,2025-10
2025-10-01 01:09:55,follower,2025-10
2025-10-01 01:09:29,follower,2025-10
2025-10-01 01:03:24,follower,2025-10
2025-10-01 00:35:14,follower,2025-10
2025-10-01 00:34:22,follower,2025-10
2025-10-01 00:32:59,follower,2025-10
2025-10-01 00:21:34,follower,2025-10
2025-09-30 23:49:39,follower,2025-09
2025-09-30 23:25:03,follower,2025-09
2025-09-30 23:08:59,follower,2025-09
2025-09-30 23:04:29,follower,2025-09
2025-09-30 22:45:55,follower,2025-09
2025-09-30 22:32:18,follower,2025-09
2025-09-30 22:10:09,follower,2025-09
2025-09-30 21:59:27,follower,2025-09
2025-09-30 21:52:36,follower,2025-09
2025-09-30 21:44:53,follower,2025-09
2025-09-30 21:35:39,follower,2025-09
2025-09-30 21:31:29,follower,2025-09
2025-09-30 21:31:10,follower,2025-09
2025-09-30 21:30:42,follower,2025-09
2025-09-30 21:29:52,follower,2025-09
2025-09-30 20:47:44,follower,2025-09
2025-09-30 20:46:55,follower,2025-09
2025-09-30 20:40:10,follower,2025-09
2025-09-30 20:38:40,follower,2025-09
2025-09-30 20:38:30,follower,2025-09
2025-09-30 20:26:25,follower,2025-09
2025-09-30 19:59:25,follower,2025-09
2025-09-30 19:44:39,follower,2025-09
2025-09-30 19:43:20,follower,2025-09
2025-09-30 19:34:34,follower,2025-09
2025-09-30 19:32:00,follower,2025-09
2025-09-30 19:07:35,follower,2025-09
2025-09-30 18:59:48,follower,2025-09
2025-09-30 18:56:32,follower,2025-09
2025-09-30 18:36:07,follower,2025-09
2025-09-30 18:21:23,follower,2025-09
2025-09-30 18:09:19,follower,2025-09
2025-09-30 18:04:37,follower,2025-09
2025-09-30 17:55:53,follower,2025-09
2025-09-30 17:11:37,follower,2025-09
2025-09-30 17:10:28,follower,2025-09
2025-09-30 17:08:00,follower,2025-09
2025-09-30 16:58:49,follower,2025-09
2025-09-30 16:39:59,follower,2025-09
2025-09-30 16:37:57,follower,2025-09
2025-09-30 16:21:47,follower,2025-09
2025-09-30 16:09:30,follower,2025-09
2025-09-30 16:08:37,follower,2025-09
2025-09-30 15:56:49,follower,2025-09
2025-09-30 15:56:46,follower,2025-09
2025-09-30 15:55:21,follower,2025-09
2025-09-30 15:52:55,follower,2025-09
2025-09-30 15:48:42,follower,2025-09
2025-09-30 15:48:05,follower,2025-09
2025-09-30 15:32:25,follower,2025-09
2025-09-30 15:29:49,follower,2025-09
2025-09-30 15:18:06,follower,2025-09
2025-09-30 15:11:50,follower,2025-09
2025-09-30 15:06:15,follower,2025-09
2025-09-30 15:05:07,follower,2025-09
2025-09-30 15:03:38,follower,2025-09
2025-09-30 14:54:11,follower,2025-09
2025-09-30 14:31:49,follower,2025-09
2025-09-30 14:24:07,follower,2025-09
2025-09-30 14:22:09,follower,2025-09
2025-09-30 14:18:05,follower,2025-09
2025-09-30 14:16:02,follower,2025-09
2025-09-30 14:13:20,follower,2025-09
2025-09-30 13:59:16,follower,2025-09
2025-09-30 13:24:29,follower,2025-09
2025-09-30 13:16:50,follower,2025-09
2025-09-30 13:11:32,follower,2025-09
2025-09-30 13:09:37,follower,2025-09
2025-09-30 13:09:26,follower,2025-09
2025-09-30 13:07:45,follower,2025-09
2025-09-30 13:02:34,follower,2025-09
2025-09-30 12:37:24,follower,2025-09
2025-09-30 12:35:31,follower,2025-09
2025-09-30 12:08:18,follower,2025-09
2025-09-30 12:07:04,follower,2025-09
2025-09-30 11:42:46,follower,2025-09
2025-09-30 11:39:48,follower,2025-09
2025-09-30 11:35:43,follower,2025-09
2025-09-30 11:27:25,follower,2025-09
2025-09-30 11:09:57,follower,2025-09
2025-09-30 11:09:40,follower,2025-09
2025-09-30 11:08:41,follower,2025-09
2025-09-30 11:00:08,follower,2025-09
2025-09-30 10:32:48,follower,2025-09
2025-09-30 10:32:33,follower,2025-09
2025-09-30 10:29:32,follower,2025-09
2025-09-30 10:28:09,follower,2025-09
2025-09-30 10:06:13,follower,2025-09
2025-09-30 10:03:57,follower,2025-09
2025-09-30 09:50:25,follower,2025-09
2025-09-30 09:36:47,follower,2025-09
2025-09-30 09:34:42,follower,2025-09
2025-09-30 09:29:45,follower,2025-09
2025-09-30 09:23:33,follower,2025-09
2025-09-30 09:19:51,follower,2025-09
2025-09-30 08:58:36,follower,2025-09
2025-09-30 08:36:28,follower,2025-09
2025-09-30 08:27:32,follower,2025-09
2025-09-30 08:13:59,follower,2025-09
2025-09-30 07:42:46,follower,2025-09
2025-09-30 06:52:23,follower,2025-09
2025-09-30 05:52:37,follower,2025-09
2025-09-30 04:32:42,follower,2025-09
2025-09-30 04:16:37,follower,2025-09
2025-09-30 03:58:15,follower,2025-09
2025-09-30 03:07:55,follower,2025-09
2025-09-30 02:44:58,follower,2025-09
2025-09-30 02:36:29,follower,2025-09
2025-09-30 02:30:15,follower,2025-09
2025-09-30 01:48:56,follower,2025-09
2025-09-30 01:46:23,follower,2025-09
2025-09-30 01:14:21,follower,2025-09
2025-09-30 01:13:27,follower,2025-09
2025-09-30 01:01:21,follower,2025-09
2025-09-30 00:41:05,follower,2025-09
2025-09-30 00:38:24,follower,2025-09
2025-09-30 00:31:36,follower,2025-09
2025-09-30 00:13:12,follower,2025-09
2025-09-30 00:12:34,follower,2025-09
2025-09-30 00:11:41,follower,2025-09
2025-09-30 00:05:32,follower,2025-09
2025-09-30 00:05:25,follower,2025-09
2025-09-29 23:58:07,follower,2025-09
2025-09-29 23:50:16,follower,2025-09
2025-09-29 23:46:16,follower,2025-09
2025-09-29 23:38:05,follower,2025-09
2025-09-29 23:34:27,follower,2025-09
2025-09-29 23:33:10,follower,2025-09
2025-09-29 23:26:46,follower,2025-09
2025-09-29 23:17:41,follower,2025-09
2025-09-29 23:00:58,follower,2025-09
2025-09-29 22:51:23,follower,2025-09
2025-09-29 22:19:18,follower,2025-09
2025-09-29 22:15:04,follower,2025-09
2025-09-29 22:14:31,follower,2025-09
2025-09-29 21:53:42,follower,2025-09
2025-09-29 21:42:40,follower,2025-09
2025-09-29 21:28:40,follower,2025-09
2025-09-29 21:11:29,follower,2025-09
2025-09-29 20:53:51,follower,2025-09
2025-09-29 20:21:12,follower,2025-09
2025-09-29 20:09:10,follower,2025-09
2025-09-29 19:45:34,follower,2025-09
2025-09-29 19:39:51,follower,2025-09
2025-09-29 19:34:39,follower,2025-09
2025-09-29 19:19:45,follower,2025-09
2025-09-29 19:01:13,follower,2025-09
2025-09-29 18:32:06,follower,2025-09
2025-09-29 18:27:48,follower,2025-09
2025-09-29 18:26:56,follower,2025-09
2025-09-29 18:24:26,follower,2025-09
2025-09-29 18:01:36,follower,2025-09
2025-09-29 17:26:29,follower,2025-09
2025-09-29 17:22:17,follower,2025-09
2025-09-29 16:49:26,follower,2025-09
2025-09-29 16:38:21,follower,2025-09
2025-09-29 16:17:01,follower,2025-09
2025-09-29 16:08:28,follower,2025-09
2025-09-29 16:02:19,follower,2025-09
2025-09-29 16:00:57,follower,2025-09
2025-09-29 15:59:58,follower,2025-09
2025-09-29 15:56:38,follower,2025-09
2025-09-29 15:52:17,follower,2025-09
2025-09-29 15:51:12,follower,2025-09
2025-09-29 15:42:35,follower,2025-09
2025-09-29 15:41:59,follower,2025-09
2025-09-29 15:19:36,follower,2025-09
2025-09-29 15:01:51,follower,2025-09
2025-09-29 15:00:20,follower,2025-09
2025-09-29 14:41:05,follower,2025-09
2025-09-29 14:18:48,follower,2025-09
2025-09-29 14:13:13,follower,2025-09
2025-09-29 13:59:16,follower,2025-09
2025-09-29 13:47:35,follower,2025-09
2025-09-29 13:25:44,follower,2025-09
2025-09-29 13:23:18,follower,2025-09
2025-09-29 13:22:53,follower,2025-09
2025-09-29 13:18:29,follower,2025-09
2025-09-29 13:11:35,follower,2025-09
2025-09-29 13:09:12,follower,2025-09
2025-09-29 13:06:31,follower,2025-09
2025-09-29 13:05:30,follower,2025-09
2025-09-29 12:55:59,follower,2025-09
2025-09-29 12:55:24,follower,2025-09
2025-09-29 12:53:53,follower,2025-09
2025-09-29 12:53:36,follower,2025-09
2025-09-29 12:53:34,follower,2025-09
2025-09-29 12:41:33,follower,2025-09
2025-09-29 12:41:18,follower,2025-09
2025-09-29 12:10:45,follower,2025-09
2025-09-29 12:05:19,follower,2025-09
2025-09-29 11:57:02,follower,2025-09
2025-09-29 11:48:05,follower,2025-09
2025-09-29 11:39:19,follower,2025-09
2025-09-29 11:15:48,follower,2025-09
2025-09-29 10:17:25,follower,2025-09
2025-09-29 09:53:27,follower,2025-09
2025-09-29 09:44:52,follower,2025-09
2025-09-29 09:11:58,follower,2025-09
2025-09-29 09:10:43,follower,2025-09
2025-09-29 09:00:34,follower,2025-09
2025-09-29 08:57:08,follower,2025-09
2025-09-29 08:15:07,follower,2025-09
2025-09-29 08:07:18,follower,2025-09
2025-09-29 07:40:01,follower,2025-09
2025-09-29 07:35:28,follower,2025-09
2025-09-29 07:21:54,follower,2025-09
2025-09-29 06:41:52,follower,2025-09
2025-09-29 06:06:16,follower,2025-09
2025-09-29 04:47:27,follower,2025-09
2025-09-29 03:48:10,follower,2025-09
2025-09-29 03:22:36,follower,2025-09
2025-09-29 02:19:04,follower,2025-09
2025-09-29 02:17:44,follower,2025-09
2025-09-29 02:03:54,follower,2025-09
2025-09-29 01:58:53,follower,2025-09
2025-09-29 01:56:28,follower,2025-09
2025-09-29 01:49:54,follower,2025-09
2025-09-29 01:46:24,follower,2025-09
2025-09-29 01:26:32,follower,2025-09
2025-09-29 01:20:51,follower,2025-09
2025-09-29 00:56:40,follower,2025-09
2025-09-29 00:48:15,follower,2025-09
2025-09-29 00:13:26,follower,2025-09
2025-09-28 23:52:19,follower,2025-09
2025-09-28 23:39:44,follower,2025-09
2025-09-28 23:30:15,follower,2025-09
2025-09-28 23:16:05,follower,2025-09
2025-09-28 23:15:32,follower,2025-09
2025-09-28 23:01:59,follower,2025-09
2025-09-28 22:59:33,follower,2025-09
2025-09-28 22:39:01,follower,2025-09
2025-09-28 22:37:27,follower,2025-09
2025-09-28 22:34:41,follower,2025-09
2025-09-28 22:29:31,follower,2025-09
2025-09-28 22:27:03,follower,2025-09
2025-09-28 22:26:55,follower,2025-09
2025-09-28 22:22:37,follower,2025-09
2025-09-28 22:08:48,follower,2025-09
2025-09-28 21:51:04,follower,2025-09
2025-09-28 21:47:56,follower,2025-09
2025-09-28 21:34:56,follower,2025-09
2025-09-28 21:32:49,follower,2025-09
2025-09-28 21:30:55,follower,2025-09
2025-09-28 21:26:33,follower,2025-09
2025-09-28 21:21:57,follower,2025-09
2025-09-28 21:15:43,follower,2025-09
2025-09-28 21:12:42,follower,2025-09
2025-09-28 21:12:17,follower,2025-09
2025-09-28 21:09:22,follower,2025-09
2025-09-28 20:42:52,follower,2025-09
2025-09-28 20:34:34,follower,2025-09
2025-09-28 20:27:51,follower,2025-09
2025-09-28 20:24:57,follower,2025-09
2025-09-28 19:58:41,follower,2025-09
2025-09-28 19:54:44,follower,2025-09
2025-09-28 19:50:21,follower,2025-09
2025-09-28 19:44:12,follower,2025-09
2025-09-28 19:39:09,follower,2025-09
2025-09-28 19:28:33,follower,2025-09
2025-09-28 19:22:27,follower,2025-09
2025-09-28 19:00:35,follower,2025-09
2025-09-28 18:57:20,follower,2025-09
2025-09-28 18:27:52,follower,2025-09
2025-09-28 18:26:40,follower,2025-09
2025-09-28 18:04:57,follower,2025-09
2025-09-28 17:59:11,follower,2025-09
2025-09-28 17:52:36,follower,2025-09
2025-09-28 17:49:50,follower,2025-09
2025-09-28 17:35:41,follower,2025-09
2025-09-28 17:35:25,follower,2025-09
2025-09-28 17:30:42,follower,2025-09
2025-09-28 17:29:55,follower,2025-09
2025-09-28 17:28:12,follower,2025-09
2025-09-28 16:56:29,follower,2025-09
2025-09-28 16:53:55,follower,2025-09
2025-09-28 16:42:35,follower,2025-09
2025-09-28 16:40:18,follower,2025-09
2025-09-28 16:34:22,follower,2025-09
2025-09-28 16:20:52,follower,2025-09
2025-09-28 16:18:27,follower,2025-09
2025-09-28 16:05:34,follower,2025-09
2025-09-28 15:58:19,follower,2025-09
2025-09-28 15:48:48,follower,2025-09
2025-09-28 15:48:17,follower,2025-09
2025-09-28 15:46:37,follower,2025-09
2025-09-28 15:45:32,follower,2025-09
2025-09-28 15:29:06,follower,2025-09
2025-09-28 15:20:42,follower,2025-09
2025-09-28 15:14:48,follower,2025-09
2025-09-28 15:08:15,follower,2025-09
2025-09-28 15:02:12,follower,2025-09
2025-09-28 14:57:09,follower,2025-09
2025-09-28 14:37:14,follower,2025-09
2025-09-28 14:36:22,follower,2025-09
2025-09-28 14:33:21,follower,2025-09
2025-09-28 14:14:54,follower,2025-09
2025-09-28 14:09:22,follower,2025-09
2025-09-28 13:58:38,follower,2025-09
2025-09-28 13:55:00,follower,2025-09
2025-09-28 13:53:28,follower,2025-09
2025-09-28 13:47:36,follower,2025-09
2025-09-28 13:42:51,follower,2025-09
2025-09-28 13:41:25,follower,2025-09
2025-09-28 13:41:05,follower,2025-09
2025-09-28 13:35:58,follower,2025-09
2025-09-28 13:35:01,follower,2025-09
2025-09-28 13:34:19,follower,2025-09
2025-09-28 13:27:57,follower,2025-09
2025-09-28 13:26:53,follower,2025-09
2025-09-28 13:22:21,follower,2025-09
2025-09-28 13:14:35,follower,2025-09
2025-09-28 13:09:33,follower,2025-09
2025-09-28 13:02:32,follower,2025-09
2025-09-28 13:01:53,follower,2025-09
2025-09-28 12:50:48,follower,2025-09
2025-09-28 12:45:28,follower,2025-09
2025-09-28 12:43:19,follower,2025-09
2025-09-28 12:33:29,follower,2025-09
2025-09-28 12:12:16,follower,2025-09
2025-09-28 11:55:11,follower,2025-09
2025-09-28 11:46:25,follower,2025-09
2025-09-28 11:44:20,follower,2025-09
2025-09-28 11:41:04,follower,2025-09
2025-09-28 11:36:21,follower,2025-09
2025-09-28 11:15:48,follower,2025-09
2025-09-28 11:12:36,follower,2025-09
2025-09-28 11:09:09,follower,2025-09
2025-09-28 11:08:29,follower,2025-09
2025-09-28 11:04:07,follower,2025-09
2025-09-28 11:03:14,follower,2025-09
2025-09-28 10:48:57,follower,2025-09
2025-09-28 10:47:57,follower,2025-09
2025-09-28 10:44:21,follower,2025-09
2025-09-28 10:41:46,follower,2025-09
2025-09-28 10:37:19,follower,2025-09
2025-09-28 10:26:39,follower,2025-09
2025-09-28 10:22:46,follower,2025-09
2025-09-28 10:20:06,follower,2025-09
2025-09-28 10:17:26,follower,2025-09
2025-09-28 10:09:18,follower,2025-09
2025-09-28 10:05:13,follower,2025-09
2025-09-28 10:03:39,follower,2025-09
2025-09-28 10:03:31,follower,2025-09
2025-09-28 09:57:33,follower,2025-09
2025-09-28 09:55:00,follower,2025-09
2025-09-28 09:48:57,follower,2025-09
2025-09-28 09:36:38,follower,2025-09
2025-09-28 09:11:59,follower,2025-09
2025-09-28 08:59:49,follower,2025-09
2025-09-28 08:41:42,follower,2025-09
2025-09-28 08:39:46,follower,2025-09
2025-09-28 08:26:26,follower,2025-09
2025-09-28 08:13:18,follower,2025-09
2025-09-28 08:07:35,follower,2025-09
2025-09-28 08:02:32,follower,2025-09
2025-09-28 07:59:31,follower,2025-09
2025-09-28 07:28:51,follower,2025-09
2025-09-28 07:02:46,follower,2025-09
2025-09-28 06:41:24,follower,2025-09
2025-09-28 06:38:52,follower,2025-09
2025-09-28 06:36:12,follower,2025-09
2025-09-28 06:33:22,follower,2025-09
2025-09-28 06:24:33,follower,2025-09
2025-09-28 06:14:35,follower,2025-09
2025-09-28 05:24:33,follower,2025-09
2025-09-28 05:18:35,follower,2025-09
2025-09-28 05:11:56,follower,2025-09
2025-09-28 03:41:44,follower,2025-09
2025-09-28 03:23:53,follower,2025-09
2025-09-28 03:04:57,follower,2025-09
2025-09-28 02:50:19,follower,2025-09
2025-09-28 02:45:01,follower,2025-09
2025-09-28 02:34:15,follower,2025-09
2025-09-28 02:03:35,follower,2025-09
2025-09-28 01:54:06,follower,2025-09
2025-09-28 01:51:52,follower,2025-09
2025-09-28 01:45:17,follower,2025-09
2025-09-28 01:34:47,follower,2025-09
2025-09-28 01:33:17,follower,2025-09
2025-09-28 01:30:25,follower,2025-09
2025-09-28 01:28:58,follower,2025-09
2025-09-28 01:09:09,follower,2025-09
2025-09-28 01:04:27,follower,2025-09
2025-09-28 01:00:18,follower,2025-09
2025-09-28 00:55:33,follower,2025-09
2025-09-28 00:48:46,follower,2025-09
2025-09-28 00:46:24,follower,2025-09
2025-09-28 00:46:10,follower,2025-09
2025-09-28 00:45:22,follower,2025-09
2025-09-28 00:38:45,follower,2025-09
2025-09-28 00:33:34,follower,2025-09
2025-09-28 00:25:23,follower,2025-09
2025-09-28 00:20:37,follower,2025-09
2025-09-28 00:14:12,follower,2025-09
2025-09-28 00:12:06,follower,2025-09
2025-09-28 00:11:44,follower,2025-09
2025-09-28 00:07:39,follower,2025-09
2025-09-27 23:54:04,follower,2025-09
2025-09-27 23:50:25,follower,2025-09
2025-09-27 23:47:57,follower,2025-09
2025-09-27 23:43:40,follower,2025-09
2025-09-27 23:41:10,follower,2025-09
2025-09-27 23:34:39,follower,2025-09
2025-09-27 23:29:55,follower,2025-09
2025-09-27 23:29:36,follower,2025-09
2025-09-27 23:27:32,follower,2025-09
2025-09-27 23:26:52,follower,2025-09
2025-09-27 23:21:12,follower,2025-09
2025-09-27 23:11:48,follower,2025-09
2025-09-27 23:11:07,follower,2025-09
2025-09-27 23:11:02,follower,2025-09
2025-09-27 23:09:54,follower,2025-09
2025-09-27 23:06:17,follower,2025-09
2025-09-27 22:55:40,follower,2025-09
2025-09-27 22:53:14,follower,2025-09
2025-09-27 22:48:44,follower,2025-09
2025-09-27 22:46:59,follower,2025-09
2025-09-27 22:45:17,follower,2025-09
2025-09-27 22:44:15,follower,2025-09
2025-09-27 22:41:26,follower,2025-09
2025-09-27 22:41:17,follower,2025-09
2025-09-27 22:39:20,follower,2025-09
2025-09-27 22:37:12,follower,2025-09
2025-09-27 22:35:32,follower,2025-09
2025-09-27 22:31:17,follower,2025-09
2025-09-27 22:27:08,follower,2025-09
2025-09-27 22:26:17,follower,2025-09
2025-09-27 22:23:39,follower,2025-09
2025-09-27 22:22:44,follower,2025-09
2025-09-27 22:22:28,follower,2025-09
2025-09-27 22:19:01,follower,2025-09
2025-09-27 22:17:06,follower,2025-09
2025-09-27 22:15:38,follower,2025-09
2025-09-27 22:11:27,follower,2025-09
2025-09-27 22:09:40,follower,2025-09
2025-09-27 22:03:14,follower,2025-09
2025-09-27 21:55:31,follower,2025-09
2025-09-27 21:54:02,follower,2025-09
2025-09-27 21:52:40,follower,2025-09
2025-09-27 21:48:14,follower,2025-09
2025-09-27 21:46:38,follower,2025-09
2025-09-27 21:35:46,follower,2025-09
2025-09-27 21:34:32,follower,2025-09
2025-09-27 21:29:50,follower,2025-09
2025-09-27 21:26:27,follower,2025-09
2025-09-27 21:25:06,follower,2025-09
2025-09-27 21:20:59,follower,2025-09
2025-09-27 21:06:59,follower,2025-09
2025-09-27 21:01:54,follower,2025-09
2025-09-27 20:59:32,follower,2025-09
2025-09-27 20:58:23,follower,2025-09
2025-09-27 20:57:49,follower,2025-09
2025-09-27 20:54:12,follower,2025-09
2025-09-27 20:45:48,follower,2025-09
2025-09-27 20:34:17,follower,2025-09
2025-09-27 20:27:26,follower,2025-09
2025-09-27 20:18:57,follower,2025-09
2025-09-27 20:14:29,follower,2025-09
2025-09-27 20:13:42,follower,2025-09
2025-09-27 20:07:59,follower,2025-09
2025-09-27 19:52:55,follower,2025-09
2025-09-27 19:34:16,follower,2025-09
2025-09-27 19:24:23,follower,2025-09
2025-09-27 19:24:00,follower,2025-09
2025-09-27 19:21:33,follower,2025-09
2025-09-27 19:08:25,follower,2025-09
2025-09-27 18:51:29,follower,2025-09
2025-09-27 18:27:34,follower,2025-09
2025-09-27 18:22:59,follower,2025-09
2025-09-27 18:18:49,follower,2025-09
2025-09-27 18:18:32,follower,2025-09
2025-09-27 17:54:39,follower,2025-09
2025-09-27 17:51:32,follower,2025-09
2025-09-27 17:50:36,follower,2025-09
2025-09-27 17:41:26,follower,2025-09
2025-09-27 17:28:46,follower,2025-09
2025-09-27 17:27:24,follower,2025-09
2025-09-27 17:24:05,follower,2025-09
2025-09-27 17:22:58,follower,2025-09
2025-09-27 17:04:51,follower,2025-09
2025-09-27 17:00:59,follower,2025-09
2025-09-27 16:59:49,follower,2025-09
2025-09-27 16:57:06,follower,2025-09
2025-09-27 16:53:42,follower,2025-09
2025-09-27 16:52:30,follower,2025-09
2025-09-27 16:32:24,follower,2025-09
2025-09-27 16:07:10,follower,2025-09
2025-09-27 16:02:44,follower,2025-09
2025-09-27 15:53:34,follower,2025-09
2025-09-27 15:50:20,follower,2025-09
2025-09-27 15:32:23,follower,2025-09
2025-09-27 14:58:20,follower,2025-09
2025-09-27 14:54:53,follower,2025-09
2025-09-27 14:51:52,follower,2025-09
2025-09-27 14:48:51,follower,2025-09
2025-09-27 14:25:03,follower,2025-09
2025-09-27 13:55:27,follower,2025-09
2025-09-27 13:40:34,follower,2025-09
2025-09-27 13:35:47,follower,2025-09
2025-09-27 13:16:10,follower,2025-09
2025-09-27 12:52:34,follower,2025-09
2025-09-27 12:20:44,follower,2025-09
2025-09-27 12:08:34,follower,2025-09
2025-09-27 11:46:41,follower,2025-09
2025-09-27 11:17:34,follower,2025-09
2025-09-27 11:08:18,follower,2025-09
2025-09-27 10:48:18,follower,2025-09
2025-09-27 10:42:33,follower,2025-09
2025-09-27 10:40:48,follower,2025-09
2025-09-27 10:38:35,follower,2025-09
2025-09-27 10:19:06,follower,2025-09
2025-09-27 10:13:02,follower,2025-09
2025-09-27 10:05:46,follower,2025-09
2025-09-27 09:40:22,follower,2025-09
2025-09-27 09:27:04,follower,2025-09
2025-09-27 08:45:46,follower,2025-09
2025-09-27 08:24:30,follower,2025-09
2025-09-27 08:22:47,follower,2025-09
2025-09-27 08:21:02,follower,2025-09
2025-09-27 08:19:42,follower,2025-09
2025-09-27 08:00:58,follower,2025-09
2025-09-27 07:50:16,follower,2025-09
2025-09-27 07:38:45,follower,2025-09
2025-09-27 07:05:38,follower,2025-09
2025-09-27 06:49:00,follower,2025-09
2025-09-27 06:24:03,follower,2025-09
2025-09-27 06:08:35,follower,2025-09
2025-09-27 05:55:25,follower,2025-09
2025-09-27 05:24:33,follower,2025-09
2025-09-27 05:15:35,follower,2025-09
2025-09-27 03:41:12,follower,2025-09
2025-09-27 03:23:36,follower,2025-09
2025-09-27 03:11:07,follower,2025-09
2025-09-27 03:02:43,follower,2025-09
2025-09-27 02:52:39,follower,2025-09
2025-09-27 02:41:53,follower,2025-09
2025-09-27 02:27:21,follower,2025-09
2025-09-27 02:21:53,follower,2025-09
2025-09-27 01:55:21,follower,2025-09
2025-09-27 01:53:38,follower,2025-09
2025-09-27 01:49:10,follower,2025-09
2025-09-27 01:47:05,follower,2025-09
2025-09-27 01:46:18,follower,2025-09
2025-09-27 01:06:38,follower,2025-09
2025-09-27 00:39:14,follower,2025-09
2025-09-27 00:34:55,follower,2025-09
2025-09-27 00:31:56,follower,2025-09
2025-09-27 00:29:27,follower,2025-09
2025-09-27 00:12:33,follower,2025-09
2025-09-27 00:05:27,follower,2025-09
2025-09-26 23:48:41,follower,2025-09
2025-09-26 23:28:08,follower,2025-09
2025-09-26 23:26:46,follower,2025-09
2025-09-26 23:23:56,follower,2025-09
2025-09-26 23:17:36,follower,2025-09
2025-09-26 23:02:13,follower,2025-09
2025-09-26 22:36:23,follower,2025-09
2025-09-26 22:33:57,follower,2025-09
2025-09-26 22:31:55,follower,2025-09
2025-09-26 22:19:04,follower,2025-09
2025-09-26 21:59:08,follower,2025-09
2025-09-26 21:39:52,follower,2025-09
2025-09-26 21:39:31,follower,2025-09
2025-09-26 21:25:50,follower,2025-09
2025-09-26 20:23:30,follower,2025-09
2025-09-26 19:59:02,follower,2025-09
2025-09-26 19:58:34,follower,2025-09
2025-09-26 19:49:48,follower,2025-09
2025-09-26 19:45:45,follower,2025-09
2025-09-26 19:42:46,follower,2025-09
2025-09-26 18:32:23,follower,2025-09
2025-09-26 18:27:00,follower,2025-09
2025-09-26 17:49:36,follower,2025-09
2025-09-26 17:40:11,follower,2025-09
2025-09-26 17:39:54,follower,2025-09
2025-09-26 17:23:49,follower,2025-09
2025-09-26 17:23:05,follower,2025-09
2025-09-26 16:47:19,follower,2025-09
2025-09-26 16:35:38,follower,2025-09
2025-09-26 16:10:02,follower,2025-09
2025-09-26 14:58:14,follower,2025-09
2025-09-26 13:25:12,follower,2025-09
2025-09-26 13:04:30,follower,2025-09
2025-09-26 13:04:06,follower,2025-09
2025-09-26 12:45:42,follower,2025-09
2025-09-26 12:13:41,follower,2025-09
2025-09-26 11:05:24,follower,2025-09
2025-09-26 11:03:23,follower,2025-09
2025-09-26 11:00:57,follower,2025-09
2025-09-26 10:37:06,follower,2025-09
2025-09-26 10:30:30,follower,2025-09
2025-09-26 10:15:26,follower,2025-09
2025-09-26 10:02:28,follower,2025-09
2025-09-26 09:31:37,follower,2025-09
2025-09-26 09:24:11,follower,2025-09
2025-09-26 08:54:49,follower,2025-09
2025-09-26 08:09:39,follower,2025-09
2025-09-26 06:59:56,follower,2025-09
2025-09-26 03:50:04,follower,2025-09
2025-09-26 01:57:55,follower,2025-09
2025-09-26 01:40:42,follower,2025-09
2025-09-26 01:18:47,follower,2025-09
2025-09-26 01:01:08,follower,2025-09
2025-09-26 00:37:44,follower,2025-09
2025-09-26 00:30:15,follower,2025-09
2025-09-26 00:27:09,follower,2025-09
2025-09-26 00:04:50,follower,2025-09
2025-09-26 00:03:51,follower,2025-09
2025-09-26 00:03:23,follower,2025-09
2025-09-26 00:02:15,follower,2025-09
2025-09-25 23:35:32,follower,2025-09
2025-09-25 23:26:17,follower,2025-09
2025-09-25 22:54:44,follower,2025-09
2025-09-25 22:38:20,follower,2025-09
2025-09-25 22:34:07,follower,2025-09
2025-09-25 22:28:25,follower,2025-09
2025-09-25 22:15:06,follower,2025-09
2025-09-25 21:52:52,follower,2025-09
2025-09-25 21:40:30,follower,2025-09
2025-09-25 20:32:12,follower,2025-09
2025-09-25 20:19:37,follower,2025-09
2025-09-25 20:19:06,follower,2025-09
2025-09-25 20:09:53,follower,2025-09
2025-09-25 19:49:44,follower,2025-09
2025-09-25 19:16:33,follower,2025-09
2025-09-25 17:52:35,follower,2025-09
2025-09-25 17:35:33,follower,2025-09
2025-09-25 16:49:23,follower,2025-09
2025-09-25 16:40:02,follower,2025-09
2025-09-25 16:28:51,follower,2025-09
2025-09-25 15:46:42,follower,2025-09
2025-09-25 15:45:45,follower,2025-09
2025-09-25 15:13:04,follower,2025-09
2025-09-25 15:00:21,follower,2025-09
2025-09-25 15:00:17,follower,2025-09
2025-09-25 14:32:58,follower,2025-09
2025-09-25 14:07:22,follower,2025-09
2025-09-25 14:05:43,follower,2025-09
2025-09-25 13:52:51,follower,2025-09
2025-09-25 13:51:02,follower,2025-09
2025-09-25 13:24:14,follower,2025-09
2025-09-25 12:59:06,follower,2025-09
2025-09-25 12:30:47,follower,2025-09
2025-09-25 12:10:16,follower,2025-09
2025-09-25 11:50:46,follower,2025-09
2025-09-25 11:49:26,follower,2025-09
2025-09-25 11:37:38,follower,2025-09
2025-09-25 11:31:04,follower,2025-09
2025-09-25 11:05:55,follower,2025-09
2025-09-25 10:38:33,follower,2025-09
2025-09-25 10:33:35,follower,2025-09
2025-09-25 10:21:53,follower,2025-09
2025-09-25 10:17:45,follower,2025-09
2025-09-25 10:08:58,follower,2025-09
2025-09-25 10:06:03,follower,2025-09
2025-09-25 09:42:18,follower,2025-09
2025-09-25 09:36:00,follower,2025-09
2025-09-25 09:15:08,follower,2025-09
2025-09-25 09:02:21,follower,2025-09
2025-09-25 08:35:47,follower,2025-09
2025-09-25 08:19:58,follower,2025-09
2025-09-25 08:11:31,follower,2025-09
2025-09-25 07:58:34,follower,2025-09
2025-09-25 07:05:32,follower,2025-09
2025-09-25 06:20:44,follower,2025-09
2025-09-25 05:16:04,follower,2025-09
2025-09-25 03:04:43,follower,2025-09
2025-09-25 02:55:32,follower,2025-09
2025-09-25 02:26:11,follower,2025-09
2025-09-25 01:50:20,follower,2025-09
2025-09-25 01:28:48,follower,2025-09
2025-09-25 01:26:37,follower,2025-09
2025-09-25 00:53:43,follower,2025-09
2025-09-25 00:48:32,follower,2025-09
2025-09-25 00:36:58,follower,2025-09
2025-09-25 00:35:27,follower,2025-09
2025-09-25 00:35:18,follower,2025-09
2025-09-25 00:10:53,follower,2025-09
2025-09-25 00:09:32,follower,2025-09
2025-09-24 23:55:34,follower,2025-09
2025-09-24 22:38:33,follower,2025-09
2025-09-24 22:25:49,follower,2025-09
2025-09-24 21:39:26,follower,2025-09
2025-09-24 21:36:09,follower,2025-09
2025-09-24 21:29:52,follower,2025-09
2025-09-24 20:51:10,follower,2025-09
2025-09-24 20:30:00,follower,2025-09
2025-09-24 20:20:22,follower,2025-09
2025-09-24 20:13:07,follower,2025-09
2025-09-24 19:30:02,follower,2025-09
2025-09-24 19:23:42,follower,2025-09
2025-09-24 19:22:53,follower,2025-09
2025-09-24 18:46:18,follower,2025-09
2025-09-24 18:18:52,follower,2025-09
2025-09-24 17:42:18,follower,2025-09
2025-09-24 17:37:53,follower,2025-09
2025-09-24 16:20:42,follower,2025-09
2025-09-24 15:59:32,follower,2025-09
2025-09-24 15:37:34,follower,2025-09
2025-09-24 15:27:52,follower,2025-09
2025-09-24 15:03:08,follower,2025-09
2025-09-24 15:02:50,follower,2025-09
2025-09-24 15:00:37,follower,2025-09
2025-09-24 14:51:59,follower,2025-09
2025-09-24 14:44:15,follower,2025-09
2025-09-24 14:43:36,follower,2025-09
2025-09-24 14:23:28,follower,2025-09
2025-09-24 14:21:15,follower,2025-09
2025-09-24 14:15:45,follower,2025-09
2025-09-24 13:49:19,follower,2025-09
2025-09-24 13:30:19,follower,2025-09
2025-09-24 13:14:15,follower,2025-09
2025-09-24 13:10:00,follower,2025-09
2025-09-24 12:40:26,follower,2025-09
2025-09-24 11:39:54,follower,2025-09
2025-09-24 11:38:03,follower,2025-09
2025-09-24 11:37:06,follower,2025-09
2025-09-24 11:20:11,follower,2025-09
2025-09-24 10:39:36,follower,2025-09
2025-09-24 09:48:43,follower,2025-09
2025-09-24 09:36:46,follower,2025-09
2025-09-24 09:35:25,follower,2025-09
2025-09-24 09:19:27,follower,2025-09
2025-09-24 09:04:33,follower,2025-09
2025-09-24 08:05:50,follower,2025-09
2025-09-24 07:44:09,follower,2025-09
2025-09-24 07:35:14,follower,2025-09
2025-09-24 04:59:34,follower,2025-09
2025-09-24 03:20:34,follower,2025-09
2025-09-24 02:38:13,follower,2025-09
2025-09-24 02:32:00,follower,2025-09
2025-09-24 01:55:28,follower,2025-09
2025-09-24 01:07:30,follower,2025-09
2025-09-24 00:40:08,follower,2025-09
2025-09-24 00:13:23,follower,2025-09
2025-09-24 00:13:11,follower,2025-09
2025-09-24 00:00:40,follower,2025-09
2025-09-23 23:54:57,follower,2025-09
2025-09-23 23:32:01,follower,2025-09
2025-09-23 23:30:03,follower,2025-09
2025-09-23 23:25:17,follower,2025-09
2025-09-23 23:18:19,follower,2025-09
2025-09-23 22:46:29,follower,2025-09
2025-09-23 22:32:16,follower,2025-09
2025-09-23 22:29:54,follower,2025-09
2025-09-23 22:25:23,follower,2025-09
2025-09-23 22:21:45,follower,2025-09
2025-09-23 22:20:10,follower,2025-09
2025-09-23 22:18:51,follower,2025-09
2025-09-23 22:06:44,follower,2025-09
2025-09-23 22:06:22,follower,2025-09
2025-09-23 21:51:42,follower,2025-09
2025-09-23 21:48:42,follower,2025-09
2025-09-23 21:32:22,follower,2025-09
2025-09-23 21:13:20,follower,2025-09
2025-09-23 21:01:17,follower,2025-09
2025-09-23 20:57:47,follower,2025-09
2025-09-23 20:56:05,follower,2025-09
2025-09-23 20:48:43,follower,2025-09
2025-09-23 20:47:28,follower,2025-09
2025-09-23 20:20:53,follower,2025-09
2025-09-23 20:20:49,follower,2025-09
2025-09-23 20:04:56,follower,2025-09
2025-09-23 19:45:32,follower,2025-09
2025-09-23 19:23:07,follower,2025-09
2025-09-23 19:19:40,follower,2025-09
2025-09-23 18:08:36,follower,2025-09
2025-09-23 17:48:44,follower,2025-09
2025-09-23 17:48:29,follower,2025-09
2025-09-23 17:41:02,follower,2025-09
2025-09-23 17:37:55,follower,2025-09
2025-09-23 17:13:06,follower,2025-09
2025-09-23 16:57:34,follower,2025-09
2025-09-23 16:40:05,follower,2025-09
2025-09-23 16:18:42,follower,2025-09
2025-09-23 15:38:35,follower,2025-09
2025-09-23 15:35:53,follower,2025-09
2025-09-23 15:30:10,follower,2025-09
2025-09-23 14:06:42,follower,2025-09
2025-09-23 14:04:02,follower,2025-09
2025-09-23 13:45:25,follower,2025-09
2025-09-23 13:27:54,follower,2025-09
2025-09-23 13:21:38,follower,2025-09
2025-09-23 12:49:15,follower,2025-09
2025-09-23 11:42:27,follower,2025-09
2025-09-23 11:28:07,follower,2025-09
2025-09-23 11:07:34,follower,2025-09
2025-09-23 10:29:10,follower,2025-09
2025-09-23 10:24:22,follower,2025-09
2025-09-23 10:09:50,follower,2025-09
2025-09-23 10:06:06,follower,2025-09
2025-09-23 10:02:17,follower,2025-09
2025-09-23 09:51:42,follower,2025-09
2025-09-23 09:35:38,follower,2025-09
2025-09-23 09:34:02,follower,2025-09
2025-09-23 09:16:11,follower,2025-09
2025-09-23 08:38:13,follower,2025-09
2025-09-23 08:18:36,follower,2025-09
2025-09-23 08:09:17,follower,2025-09
2025-09-23 07:40:29,follower,2025-09
2025-09-23 06:35:46,follower,2025-09
2025-09-23 06:22:58,follower,2025-09
2025-09-23 05:15:27,follower,2025-09
2025-09-23 04:03:56,follower,2025-09
2025-09-23 03:11:29,follower,2025-09
2025-09-23 03:08:24,follower,2025-09
2025-09-23 02:31:46,follower,2025-09
2025-09-23 01:48:34,follower,2025-09
2025-09-23 01:38:02,follower,2025-09
2025-09-23 00:09:35,follower,2025-09
2025-09-22 23:35:15,follower,2025-09
2025-09-22 23:34:56,follower,2025-09
2025-09-22 23:23:04,follower,2025-09
2025-09-22 22:37:37,follower,2025-09
2025-09-22 22:35:23,follower,2025-09
2025-09-22 22:18:38,follower,2025-09
2025-09-22 22:00:38,follower,2025-09
2025-09-22 21:35:31,follower,2025-09
2025-09-22 21:28:09,follower,2025-09
2025-09-22 21:12:01,follower,2025-09
2025-09-22 20:24:18,follower,2025-09
2025-09-22 19:36:28,follower,2025-09
2025-09-22 19:33:56,follower,2025-09
2025-09-22 19:09:28,follower,2025-09
2025-09-22 18:48:23,follower,2025-09
2025-09-22 18:23:24,follower,2025-09
2025-09-22 18:18:27,follower,2025-09
2025-09-22 17:38:05,follower,2025-09
2025-09-22 17:34:29,follower,2025-09
2025-09-22 17:21:19,follower,2025-09
2025-09-22 15:56:44,follower,2025-09
2025-09-22 15:49:47,follower,2025-09
2025-09-22 15:45:59,follower,2025-09
2025-09-22 15:16:21,follower,2025-09
2025-09-22 14:45:11,follower,2025-09
2025-09-22 14:41:04,follower,2025-09
2025-09-22 14:27:11,follower,2025-09
2025-09-22 14:09:11,follower,2025-09
2025-09-22 14:06:07,follower,2025-09
2025-09-22 13:59:09,follower,2025-09
2025-09-22 13:20:23,follower,2025-09
2025-09-22 12:45:00,follower,2025-09
2025-09-22 11:52:53,follower,2025-09
2025-09-22 11:39:09,follower,2025-09
2025-09-22 10:46:41,follower,2025-09
2025-09-22 09:41:14,follower,2025-09
2025-09-22 09:37:47,follower,2025-09
2025-09-22 08:51:22,follower,2025-09
2025-09-22 08:17:39,follower,2025-09
2025-09-22 06:51:34,follower,2025-09
2025-09-22 06:30:19,follower,2025-09
2025-09-22 06:23:31,follower,2025-09
2025-09-22 03:42:25,follower,2025-09
2025-09-22 02:53:22,follower,2025-09
2025-09-22 02:00:09,follower,2025-09
2025-09-22 01:59:53,follower,2025-09
2025-09-22 01:52:40,follower,2025-09
2025-09-22 01:49:42,follower,2025-09
2025-09-22 01:40:51,follower,2025-09
2025-09-22 01:28:31,follower,2025-09
2025-09-22 00:57:09,follower,2025-09
2025-09-22 00:40:16,follower,2025-09
2025-09-22 00:21:23,follower,2025-09
2025-09-21 23:59:53,follower,2025-09
2025-09-21 23:55:45,follower,2025-09
2025-09-21 23:30:02,follower,2025-09
2025-09-21 23:29:45,follower,2025-09
2025-09-21 23:03:46,follower,2025-09
2025-09-21 22:57:09,follower,2025-09
2025-09-21 22:48:52,follower,2025-09
2025-09-21 22:27:02,follower,2025-09
2025-09-21 22:24:15,follower,2025-09
2025-09-21 22:17:47,follower,2025-09
2025-09-21 22:08:47,follower,2025-09
2025-09-21 22:03:11,follower,2025-09
2025-09-21 21:54:28,follower,2025-09
2025-09-21 21:39:49,follower,2025-09
2025-09-21 21:39:04,follower,2025-09
2025-09-21 21:33:24,follower,2025-09
2025-09-21 21:27:55,follower,2025-09
2025-09-21 20:57:27,follower,2025-09
2025-09-21 20:07:17,follower,2025-09
2025-09-21 20:02:06,follower,2025-09
2025-09-21 17:06:59,follower,2025-09
2025-09-21 16:54:29,follower,2025-09
2025-09-21 16:43:12,follower,2025-09
2025-09-21 16:31:39,follower,2025-09
2025-09-21 15:00:51,follower,2025-09
2025-09-21 14:42:25,follower,2025-09
2025-09-21 14:29:07,follower,2025-09
2025-09-21 14:28:09,follower,2025-09
2025-09-21 14:13:57,follower,2025-09
2025-09-21 14:08:26,follower,2025-09
2025-09-21 14:05:32,follower,2025-09
2025-09-21 13:55:34,follower,2025-09
2025-09-21 13:48:35,follower,2025-09
2025-09-21 13:41:23,follower,2025-09
2025-09-21 13:28:55,follower,2025-09
2025-09-21 12:55:19,follower,2025-09
2025-09-21 12:09:51,follower,2025-09
2025-09-21 12:06:23,follower,2025-09
2025-09-21 11:58:35,follower,2025-09
2025-09-21 11:57:03,follower,2025-09
2025-09-21 11:47:33,follower,2025-09
2025-09-21 11:33:06,follower,2025-09
2025-09-21 11:13:04,follower,2025-09
2025-09-21 10:59:53,follower,2025-09
2025-09-21 10:50:38,follower,2025-09
2025-09-21 10:24:45,follower,2025-09
2025-09-21 10:08:34,follower,2025-09
2025-09-21 10:08:02,follower,2025-09
2025-09-21 09:55:23,follower,2025-09
2025-09-21 09:48:08,follower,2025-09
2025-09-21 09:41:38,follower,2025-09
2025-09-21 09:37:18,follower,2025-09
2025-09-21 09:16:45,follower,2025-09
2025-09-21 08:47:42,follower,2025-09
2025-09-21 07:33:15,follower,2025-09
2025-09-21 06:53:21,follower,2025-09
2025-09-21 06:00:04,follower,2025-09
2025-09-21 04:36:52,follower,2025-09
2025-09-21 03:46:54,follower,2025-09
2025-09-21 03:11:07,follower,2025-09
2025-09-21 02:39:15,follower,2025-09
2025-09-21 01:41:48,follower,2025-09
2025-09-21 01:35:48,follower,2025-09
2025-09-21 01:32:26,follower,2025-09
2025-09-21 00:29:16,follower,2025-09
2025-09-21 00:12:26,follower,2025-09
2025-09-21 00:10:53,follower,2025-09
2025-09-20 23:59:03,follower,2025-09
2025-09-20 23:53:19,follower,2025-09
2025-09-20 23:50:33,follower,2025-09
2025-09-20 23:42:41,follower,2025-09
2025-09-20 23:39:20,follower,2025-09
2025-09-20 23:24:39,follower,2025-09
2025-09-20 23:16:01,follower,2025-09
2025-09-20 23:12:04,follower,2025-09
2025-09-20 23:04:16,follower,2025-09
2025-09-20 23:03:45,follower,2025-09
2025-09-20 22:56:25,follower,2025-09
2025-09-20 22:52:58,follower,2025-09
2025-09-20 22:50:45,follower,2025-09
2025-09-20 22:44:26,follower,2025-09
2025-09-20 22:43:16,follower,2025-09
2025-09-20 22:39:07,follower,2025-09
2025-09-20 22:11:05,follower,2025-09
2025-09-20 21:48:15,follower,2025-09
2025-09-20 20:52:36,follower,2025-09
2025-09-20 20:45:43,follower,2025-09
2025-09-20 20:38:42,follower,2025-09
2025-09-20 20:29:07,follower,2025-09
2025-09-20 20:22:35,follower,2025-09
2025-09-20 20:22:03,follower,2025-09
2025-09-20 20:19:51,follower,2025-09
2025-09-20 19:59:02,follower,2025-09
2025-09-20 19:56:37,follower,2025-09
2025-09-20 19:54:32,follower,2025-09
2025-09-20 19:40:40,follower,2025-09
2025-09-20 19:37:03,follower,2025-09
2025-09-20 19:35:27,follower,2025-09
2025-09-20 19:17:38,follower,2025-09
2025-09-20 18:57:54,follower,2025-09
2025-09-20 18:40:40,follower,2025-09
2025-09-20 18:24:58,follower,2025-09
2025-09-20 18:07:52,follower,2025-09
2025-09-20 18:00:30,follower,2025-09
2025-09-20 16:20:39,follower,2025-09
2025-09-20 16:19:08,follower,2025-09
2025-09-20 16:09:20,follower,2025-09
2025-09-20 15:53:23,follower,2025-09
2025-09-20 15:33:01,follower,2025-09
2025-09-20 15:32:11,follower,2025-09
2025-09-20 15:26:01,follower,2025-09
2025-09-20 15:20:23,follower,2025-09
2025-09-20 15:18:56,follower,2025-09
2025-09-20 15:00:21,follower,2025-09
2025-09-20 14:58:59,follower,2025-09
2025-09-20 14:52:55,follower,2025-09
2025-09-20 14:29:57,follower,2025-09
2025-09-20 14:27:46,follower,2025-09
2025-09-20 14:11:15,follower,2025-09
2025-09-20 13:59:53,follower,2025-09
2025-09-20 13:47:33,follower,2025-09
2025-09-20 13:27:19,follower,2025-09
2025-09-20 13:07:14,follower,2025-09
2025-09-20 12:47:40,follower,2025-09
2025-09-20 12:40:22,follower,2025-09
2025-09-20 12:23:59,follower,2025-09
2025-09-20 12:00:32,follower,2025-09
2025-09-20 11:51:12,follower,2025-09
2025-09-20 11:36:29,follower,2025-09
2025-09-20 11:31:44,follower,2025-09
2025-09-20 11:28:16,follower,2025-09
2025-09-20 11:20:06,follower,2025-09
2025-09-20 11:10:40,follower,2025-09
2025-09-20 10:41:15,follower,2025-09
2025-09-20 10:34:06,follower,2025-09
2025-09-20 10:26:01,follower,2025-09
2025-09-20 10:18:12,follower,2025-09
2025-09-20 09:52:32,follower,2025-09
2025-09-20 09:20:05,follower,2025-09
2025-09-20 09:19:05,follower,2025-09
2025-09-20 09:18:48,follower,2025-09
2025-09-20 09:05:31,follower,2025-09
2025-09-20 09:00:34,follower,2025-09
2025-09-20 08:55:59,follower,2025-09
2025-09-20 08:48:59,follower,2025-09
2025-09-20 08:45:41,follower,2025-09
2025-09-20 08:18:55,follower,2025-09
2025-09-20 08:11:42,follower,2025-09
2025-09-20 07:40:13,follower,2025-09
2025-09-20 07:37:02,follower,2025-09
2025-09-20 07:35:22,follower,2025-09
2025-09-20 06:48:44,follower,2025-09
2025-09-20 06:44:32,follower,2025-09
2025-09-20 05:48:20,follower,2025-09
2025-09-20 04:45:40,follower,2025-09
2025-09-20 03:35:51,follower,2025-09
2025-09-20 02:53:20,follower,2025-09
2025-09-20 02:35:19,follower,2025-09
2025-09-20 02:33:21,follower,2025-09
2025-09-20 02:25:18,follower,2025-09
2025-09-20 02:19:07,follower,2025-09
2025-09-20 02:12:11,follower,2025-09
2025-09-20 02:06:19,follower,2025-09
2025-09-20 02:05:20,follower,2025-09
2025-09-20 02:03:59,follower,2025-09
2025-09-20 01:50:44,follower,2025-09
2025-09-20 01:43:47,follower,2025-09
2025-09-20 01:40:54,follower,2025-09
2025-09-20 01:30:04,follower,2025-09
2025-09-20 01:25:16,follower,2025-09
2025-09-20 01:06:55,follower,2025-09
2025-09-20 00:49:13,follower,2025-09
2025-09-20 00:47:04,follower,2025-09
2025-09-20 00:43:07,follower,2025-09
2025-09-20 00:40:20,follower,2025-09
2025-09-20 00:31:14,follower,2025-09
2025-09-20 00:28:14,follower,2025-09
2025-09-20 00:27:25,follower,2025-09
2025-09-20 00:22:09,follower,2025-09
2025-09-20 00:11:24,follower,2025-09
2025-09-20 00:00:05,follower,2025-09
2025-09-19 23:55:26,follower,2025-09
2025-09-19 23:54:20,follower,2025-09
2025-09-19 23:45:06,follower,2025-09
2025-09-19 23:38:24,follower,2025-09
2025-09-19 23:31:54,follower,2025-09
2025-09-19 23:27:54,follower,2025-09
2025-09-19 23:26:13,follower,2025-09
2025-09-19 23:23:35,follower,2025-09
2025-09-19 23:23:32,follower,2025-09
2025-09-19 23:16:38,follower,2025-09
2025-09-19 23:13:43,follower,2025-09
2025-09-19 23:09:44,follower,2025-09
2025-09-19 22:55:46,follower,2025-09
2025-09-19 22:40:29,follower,2025-09
2025-09-19 22:37:52,follower,2025-09
2025-09-19 22:35:12,follower,2025-09
2025-09-19 22:30:48,follower,2025-09
2025-09-19 22:24:53,follower,2025-09
2025-09-19 22:16:44,follower,2025-09
2025-09-19 22:15:49,follower,2025-09
2025-09-19 22:10:57,follower,2025-09
2025-09-19 22:07:18,follower,2025-09
2025-09-19 22:06:08,follower,2025-09
2025-09-19 22:05:16,follower,2025-09
2025-09-19 22:04:51,follower,2025-09
2025-09-19 21:59:12,follower,2025-09
2025-09-19 21:55:06,follower,2025-09
2025-09-19 21:41:27,follower,2025-09
2025-09-19 21:31:48,follower,2025-09
2025-09-19 21:31:45,follower,2025-09
2025-09-19 21:20:05,follower,2025-09
2025-09-19 21:12:35,follower,2025-09
2025-09-19 20:56:53,follower,2025-09
2025-09-19 20:52:23,follower,2025-09
2025-09-19 20:44:55,follower,2025-09
2025-09-19 20:41:53,follower,2025-09
2025-09-19 20:41:45,follower,2025-09
2025-09-19 19:59:46,follower,2025-09
2025-09-19 19:57:10,follower,2025-09
2025-09-19 19:53:56,follower,2025-09
2025-09-19 19:28:25,follower,2025-09
2025-09-19 19:15:04,follower,2025-09
2025-09-19 18:59:35,follower,2025-09
2025-09-19 18:40:20,follower,2025-09
2025-09-19 17:54:12,follower,2025-09
2025-09-19 17:36:21,follower,2025-09
2025-09-19 17:30:26,follower,2025-09
2025-09-19 17:28:49,follower,2025-09
2025-09-19 17:17:16,follower,2025-09
2025-09-19 16:14:44,follower,2025-09
2025-09-19 16:10:48,follower,2025-09
2025-09-19 16:03:46,follower,2025-09
2025-09-19 15:58:43,follower,2025-09
2025-09-19 15:41:27,follower,2025-09
2025-09-19 15:38:49,follower,2025-09
2025-09-19 15:35:41,follower,2025-09
2025-09-19 15:29:23,follower,2025-09
2025-09-19 15:17:30,follower,2025-09
2025-09-19 15:17:28,follower,2025-09
2025-09-19 15:06:01,follower,2025-09
2025-09-19 13:59:06,follower,2025-09
2025-09-19 13:53:01,follower,2025-09
2025-09-19 13:44:33,follower,2025-09
2025-09-19 13:25:28,follower,2025-09
2025-09-19 13:02:08,follower,2025-09
2025-09-19 12:55:38,follower,2025-09
2025-09-19 11:43:43,follower,2025-09
2025-09-19 11:16:15,follower,2025-09
2025-09-19 10:26:47,follower,2025-09
2025-09-19 10:18:42,follower,2025-09
2025-09-19 09:45:24,follower,2025-09
2025-09-19 07:58:53,follower,2025-09
2025-09-19 06:52:06,follower,2025-09
2025-09-19 06:10:50,follower,2025-09
2025-09-19 05:03:08,follower,2025-09
2025-09-19 03:53:32,follower,2025-09
2025-09-19 03:16:33,follower,2025-09
2025-09-19 02:28:48,follower,2025-09
2025-09-19 02:28:20,follower,2025-09
2025-09-19 02:13:35,follower,2025-09
2025-09-19 01:45:14,follower,2025-09
2025-09-19 00:49:29,follower,2025-09
2025-09-19 00:23:14,follower,2025-09
2025-09-19 00:19:10,follower,2025-09
2025-09-19 00:19:09,follower,2025-09
2025-09-18 23:52:23,follower,2025-09
2025-09-18 23:52:10,follower,2025-09
2025-09-18 23:37:52,follower,2025-09
2025-09-18 23:23:10,follower,2025-09
2025-09-18 22:58:44,follower,2025-09
2025-09-18 22:41:15,follower,2025-09
2025-09-18 22:40:58,follower,2025-09
2025-09-18 22:33:10,follower,2025-09
2025-09-18 22:05:17,follower,2025-09
2025-09-18 21:52:57,follower,2025-09
2025-09-18 21:39:31,follower,2025-09
2025-09-18 21:02:35,follower,2025-09
2025-09-18 20:53:21,follower,2025-09
2025-09-18 20:39:39,follower,2025-09
2025-09-18 20:32:48,follower,2025-09
2025-09-18 20:22:40,follower,2025-09
2025-09-18 20:17:33,follower,2025-09
2025-09-18 20:09:35,follower,2025-09
2025-09-18 17:50:33,follower,2025-09
2025-09-18 17:22:19,follower,2025-09
2025-09-18 17:20:17,follower,2025-09
2025-09-18 16:41:26,follower,2025-09
2025-09-18 16:06:40,follower,2025-09
2025-09-18 16:01:53,follower,2025-09
2025-09-18 15:57:06,follower,2025-09
2025-09-18 15:48:50,follower,2025-09
2025-09-18 15:40:17,follower,2025-09
2025-09-18 15:32:41,follower,2025-09
2025-09-18 15:12:22,follower,2025-09
2025-09-18 15:10:59,follower,2025-09
2025-09-18 14:33:50,follower,2025-09
2025-09-18 13:38:26,follower,2025-09
2025-09-18 13:19:13,follower,2025-09
2025-09-18 13:10:42,follower,2025-09
2025-09-18 10:58:36,follower,2025-09
2025-09-18 10:00:38,follower,2025-09
2025-09-18 09:51:40,follower,2025-09
2025-09-18 09:44:45,follower,2025-09
2025-09-18 09:42:57,follower,2025-09
2025-09-18 09:25:03,follower,2025-09
2025-09-18 08:51:11,follower,2025-09
2025-09-18 07:51:16,follower,2025-09
2025-09-18 06:36:22,follower,2025-09
2025-09-18 05:40:50,follower,2025-09
2025-09-18 05:19:57,follower,2025-09
2025-09-18 04:03:06,follower,2025-09
2025-09-18 03:40:58,follower,2025-09
2025-09-18 03:03:15,follower,2025-09
2025-09-18 02:43:45,follower,2025-09
2025-09-18 02:32:29,follower,2025-09
2025-09-18 01:50:06,follower,2025-09
2025-09-18 01:33:20,follower,2025-09
2025-09-17 23:51:09,follower,2025-09
2025-09-17 23:29:51,follower,2025-09
2025-09-17 22:58:07,follower,2025-09
2025-09-17 22:40:46,follower,2025-09
2025-09-17 22:38:43,follower,2025-09
2025-09-17 22:10:21,follower,2025-09
2025-09-17 21:49:20,follower,2025-09
2025-09-17 20:32:40,follower,2025-09
2025-09-17 19:49:59,follower,2025-09
2025-09-17 19:26:43,follower,2025-09
2025-09-17 17:54:47,follower,2025-09
2025-09-17 17:33:26,follower,2025-09
2025-09-17 17:16:28,follower,2025-09
2025-09-17 16:47:21,follower,2025-09
2025-09-17 16:45:39,follower,2025-09
2025-09-17 15:43:22,follower,2025-09
2025-09-17 14:57:42,follower,2025-09
2025-09-17 14:50:06,follower,2025-09
2025-09-17 14:20:52,follower,2025-09
2025-09-17 13:42:38,follower,2025-09
2025-09-17 12:36:36,follower,2025-09
2025-09-17 12:25:45,follower,2025-09
2025-09-17 11:39:36,follower,2025-09
2025-09-17 11:39:11,follower,2025-09
2025-09-17 10:33:58,follower,2025-09
2025-09-17 09:53:27,follower,2025-09
2025-09-17 09:14:51,follower,2025-09
2025-09-17 06:59:42,follower,2025-09
2025-09-17 04:54:09,follower,2025-09
2025-09-17 03:53:08,follower,2025-09
2025-09-17 03:35:18,follower,2025-09
2025-09-17 03:03:32,follower,2025-09
2025-09-17 02:18:56,follower,2025-09
2025-09-17 01:18:34,follower,2025-09
2025-09-17 01:04:47,follower,2025-09
2025-09-17 00:02:16,follower,2025-09
2025-09-16 21:53:48,follower,2025-09
2025-09-16 21:31:44,follower,2025-09
2025-09-16 20:40:05,follower,2025-09
2025-09-16 20:25:02,follower,2025-09
2025-09-16 19:31:41,follower,2025-09
2025-09-16 18:27:34,follower,2025-09
2025-09-16 17:25:22,follower,2025-09
2025-09-16 16:58:59,follower,2025-09
2025-09-16 16:43:37,follower,2025-09
2025-09-16 16:27:28,follower,2025-09
2025-09-16 15:53:21,follower,2025-09
2025-09-16 15:46:40,follower,2025-09
2025-09-16 15:45:44,follower,2025-09
2025-09-16 15:39:47,follower,2025-09
2025-09-16 15:36:09,follower,2025-09
2025-09-16 15:33:08,follower,2025-09
2025-09-16 14:48:57,follower,2025-09
2025-09-16 14:47:00,follower,2025-09
2025-09-16 14:31:03,follower,2025-09
2025-09-16 14:21:31,follower,2025-09
2025-09-16 14:09:08,follower,2025-09
2025-09-16 14:05:39,follower,2025-09
2025-09-16 13:46:25,follower,2025-09
2025-09-16 13:22:09,follower,2025-09
2025-09-16 13:05:28,follower,2025-09
2025-09-16 12:05:20,follower,2025-09
2025-09-16 11:44:43,follower,2025-09
2025-09-16 11:21:56,follower,2025-09
2025-09-16 11:10:12,follower,2025-09
2025-09-16 11:08:26,follower,2025-09
2025-09-16 10:39:09,follower,2025-09
2025-09-16 09:12:04,follower,2025-09
2025-09-16 07:58:47,follower,2025-09
2025-09-16 07:20:55,follower,2025-09
2025-09-16 06:36:55,follower,2025-09
2025-09-16 04:35:45,follower,2025-09
2025-09-16 03:12:09,follower,2025-09
2025-09-16 02:50:57,follower,2025-09
2025-09-16 02:02:06,follower,2025-09
2025-09-16 01:38:50,follower,2025-09
2025-09-16 01:29:02,follower,2025-09
2025-09-16 01:22:29,follower,2025-09
2025-09-16 01:21:27,follower,2025-09
2025-09-16 01:10:57,follower,2025-09
2025-09-16 00:38:28,follower,2025-09
2025-09-15 23:31:25,follower,2025-09
2025-09-15 23:13:10,follower,2025-09
2025-09-15 21:55:06,follower,2025-09
2025-09-15 21:29:38,follower,2025-09
2025-09-15 21:01:46,follower,2025-09
2025-09-15 20:51:19,follower,2025-09
2025-09-15 19:58:00,follower,2025-09
2025-09-15 19:31:37,follower,2025-09
2025-09-15 19:19:11,follower,2025-09
2025-09-15 19:07:27,follower,2025-09
2025-09-15 18:47:35,follower,2025-09
2025-09-15 18:20:49,follower,2025-09
2025-09-15 18:16:59,follower,2025-09
2025-09-15 18:09:40,follower,2025-09
2025-09-15 17:57:35,follower,2025-09
2025-09-15 17:55:10,follower,2025-09
2025-09-15 16:32:30,follower,2025-09
2025-09-15 16:21:26,follower,2025-09
2025-09-15 16:20:22,follower,2025-09
2025-09-15 16:16:50,follower,2025-09
2025-09-15 15:56:41,follower,2025-09
2025-09-15 15:25:36,follower,2025-09
2025-09-15 15:23:45,follower,2025-09
2025-09-15 15:20:14,follower,2025-09
2025-09-15 14:45:08,follower,2025-09
2025-09-15 13:21:57,follower,2025-09
2025-09-15 13:11:07,follower,2025-09
2025-09-15 13:06:02,follower,2025-09
2025-09-15 12:46:11,follower,2025-09
2025-09-15 12:30:47,follower,2025-09
2025-09-15 12:12:38,follower,2025-09
2025-09-15 12:09:44,follower,2025-09
2025-09-15 10:29:33,follower,2025-09
2025-09-15 10:20:50,follower,2025-09
2025-09-15 09:59:54,follower,2025-09
2025-09-15 09:44:01,follower,2025-09
2025-09-15 09:30:40,follower,2025-09
2025-09-15 09:29:13,follower,2025-09
2025-09-15 08:55:58,follower,2025-09
2025-09-15 08:12:48,follower,2025-09
2025-09-15 07:31:10,follower,2025-09
2025-09-15 06:38:53,follower,2025-09
2025-09-15 03:40:56,follower,2025-09
2025-09-15 03:14:41,follower,2025-09
2025-09-15 02:38:51,follower,2025-09
2025-09-15 02:06:24,follower,2025-09
2025-09-15 01:41:16,follower,2025-09
2025-09-15 00:29:41,follower,2025-09
2025-09-15 00:15:40,follower,2025-09
2025-09-14 23:43:22,follower,2025-09
2025-09-14 23:42:54,follower,2025-09
2025-09-14 23:40:38,follower,2025-09
2025-09-14 23:28:55,follower,2025-09
2025-09-14 23:14:05,follower,2025-09
2025-09-14 22:55:39,follower,2025-09
2025-09-14 22:52:29,follower,2025-09
2025-09-14 22:46:50,follower,2025-09
2025-09-14 22:19:20,follower,2025-09
2025-09-14 22:09:36,follower,2025-09
2025-09-14 22:05:55,follower,2025-09
2025-09-14 22:02:32,follower,2025-09
2025-09-14 21:51:39,follower,2025-09
2025-09-14 21:38:01,follower,2025-09
2025-09-14 21:26:34,follower,2025-09
2025-09-14 21:24:57,follower,2025-09
2025-09-14 21:19:33,follower,2025-09
2025-09-14 21:17:12,follower,2025-09
2025-09-14 21:16:32,follower,2025-09
2025-09-14 21:10:54,follower,2025-09
2025-09-14 21:04:48,follower,2025-09
2025-09-14 20:57:00,follower,2025-09
2025-09-14 20:53:56,follower,2025-09
2025-09-14 20:51:25,follower,2025-09
2025-09-14 20:50:37,follower,2025-09
2025-09-14 20:48:45,follower,2025-09
2025-09-14 20:41:53,follower,2025-09
2025-09-14 20:36:11,follower,2025-09
2025-09-14 20:23:27,follower,2025-09
2025-09-14 20:20:20,follower,2025-09
2025-09-14 20:17:25,follower,2025-09
2025-09-14 19:54:37,follower,2025-09
2025-09-14 19:46:37,follower,2025-09
2025-09-14 19:31:53,follower,2025-09
2025-09-14 19:07:26,follower,2025-09
2025-09-14 19:01:42,follower,2025-09
2025-09-14 19:01:10,follower,2025-09
2025-09-14 19:00:28,follower,2025-09
2025-09-14 18:53:58,follower,2025-09
2025-09-14 18:44:56,follower,2025-09
2025-09-14 18:37:03,follower,2025-09
2025-09-14 18:34:24,follower,2025-09
2025-09-14 18:31:40,follower,2025-09
2025-09-14 18:25:54,follower,2025-09
2025-09-14 18:11:07,follower,2025-09
2025-09-14 18:09:47,follower,2025-09
2025-09-14 17:52:22,follower,2025-09
2025-09-14 17:51:02,follower,2025-09
2025-09-14 17:46:26,follower,2025-09
2025-09-14 17:41:07,follower,2025-09
2025-09-14 17:27:09,follower,2025-09
2025-09-14 17:01:24,follower,2025-09
2025-09-14 17:00:28,follower,2025-09
2025-09-14 16:58:41,follower,2025-09
2025-09-14 16:50:07,follower,2025-09
2025-09-14 16:17:45,follower,2025-09
2025-09-14 16:12:43,follower,2025-09
2025-09-14 16:09:18,follower,2025-09
2025-09-14 15:56:17,follower,2025-09
2025-09-14 15:50:27,follower,2025-09
2025-09-14 15:46:21,follower,2025-09
2025-09-14 15:30:04,follower,2025-09
2025-09-14 15:19:14,follower,2025-09
2025-09-14 15:14:24,follower,2025-09
2025-09-14 15:09:51,follower,2025-09
2025-09-14 15:08:16,follower,2025-09
2025-09-14 14:39:50,follower,2025-09
2025-09-14 14:33:17,follower,2025-09
2025-09-14 14:24:00,follower,2025-09
2025-09-14 14:23:59,follower,2025-09
2025-09-14 14:14:35,follower,2025-09
2025-09-14 14:13:13,follower,2025-09
2025-09-14 14:12:48,follower,2025-09
2025-09-14 14:07:46,follower,2025-09
2025-09-14 14:07:04,follower,2025-09
2025-09-14 14:03:43,follower,2025-09
2025-09-14 13:55:27,follower,2025-09
2025-09-14 13:22:19,follower,2025-09
2025-09-14 13:19:36,follower,2025-09
2025-09-14 13:13:48,follower,2025-09
2025-09-14 13:10:04,follower,2025-09
2025-09-14 12:57:52,follower,2025-09
2025-09-14 12:55:14,follower,2025-09
2025-09-14 12:47:49,follower,2025-09
2025-09-14 12:44:18,follower,2025-09
2025-09-14 12:26:05,follower,2025-09
2025-09-14 12:10:16,follower,2025-09
2025-09-14 11:59:57,follower,2025-09
2025-09-14 11:48:40,follower,2025-09
2025-09-14 11:42:18,follower,2025-09
2025-09-14 11:38:22,follower,2025-09
2025-09-14 11:36:39,follower,2025-09
2025-09-14 11:03:28,follower,2025-09
2025-09-14 10:47:03,follower,2025-09
2025-09-14 10:46:46,follower,2025-09
2025-09-14 10:45:25,follower,2025-09
2025-09-14 10:43:27,follower,2025-09
2025-09-14 10:35:28,follower,2025-09
2025-09-14 10:34:10,follower,2025-09
2025-09-14 10:31:43,follower,2025-09
2025-09-14 10:08:36,follower,2025-09
2025-09-14 09:38:04,follower,2025-09
2025-09-14 09:13:48,follower,2025-09
2025-09-14 09:11:57,follower,2025-09
2025-09-14 08:48:15,follower,2025-09
2025-09-14 08:16:50,follower,2025-09
2025-09-14 07:53:54,follower,2025-09
2025-09-14 07:31:22,follower,2025-09
2025-09-14 07:13:30,follower,2025-09
2025-09-14 06:56:20,follower,2025-09
2025-09-14 06:47:38,follower,2025-09
2025-09-14 06:36:57,follower,2025-09
2025-09-14 05:53:43,follower,2025-09
2025-09-14 05:41:40,follower,2025-09
2025-09-14 04:57:12,follower,2025-09
2025-09-14 03:49:51,follower,2025-09
2025-09-14 03:24:59,follower,2025-09
2025-09-14 02:57:09,follower,2025-09
2025-09-14 02:48:25,follower,2025-09
2025-09-14 02:32:03,follower,2025-09
2025-09-14 02:20:24,follower,2025-09
2025-09-14 01:59:19,follower,2025-09
2025-09-14 01:41:41,follower,2025-09
2025-09-14 01:38:45,follower,2025-09
2025-09-14 01:36:51,follower,2025-09
2025-09-14 01:31:44,follower,2025-09
2025-09-14 01:21:35,follower,2025-09
2025-09-14 00:43:04,follower,2025-09
2025-09-14 00:37:11,follower,2025-09
2025-09-14 00:33:50,follower,2025-09
2025-09-14 00:07:24,follower,2025-09
2025-09-13 23:48:02,follower,2025-09
2025-09-13 23:44:37,follower,2025-09
2025-09-13 23:31:00,follower,2025-09
2025-09-13 23:29:23,follower,2025-09
2025-09-13 23:22:21,follower,2025-09
2025-09-13 23:02:30,follower,2025-09
2025-09-13 22:56:44,follower,2025-09
2025-09-13 22:54:00,follower,2025-09
2025-09-13 22:47:16,follower,2025-09
2025-09-13 22:46:53,follower,2025-09
2025-09-13 22:36:19,follower,2025-09
2025-09-13 22:31:50,follower,2025-09
2025-09-13 22:31:22,follower,2025-09
2025-09-13 22:28:29,follower,2025-09
2025-09-13 21:41:42,follower,2025-09
2025-09-13 21:37:26,follower,2025-09
2025-09-13 21:21:49,follower,2025-09
2025-09-13 21:21:22,follower,2025-09
2025-09-13 21:10:11,follower,2025-09
2025-09-13 21:09:12,follower,2025-09
2025-09-13 21:04:32,follower,2025-09
2025-09-13 20:53:21,follower,2025-09
2025-09-13 20:53:12,follower,2025-09
2025-09-13 20:46:17,follower,2025-09
2025-09-13 20:43:17,follower,2025-09
2025-09-13 20:21:26,follower,2025-09
2025-09-13 20:17:53,follower,2025-09
2025-09-13 20:10:26,follower,2025-09
2025-09-13 19:56:18,follower,2025-09
2025-09-13 19:45:19,follower,2025-09
2025-09-13 19:26:20,follower,2025-09
2025-09-13 19:10:58,follower,2025-09
2025-09-13 19:05:35,follower,2025-09
2025-09-13 18:44:54,follower,2025-09
2025-09-13 18:40:26,follower,2025-09
2025-09-13 18:27:48,follower,2025-09
2025-09-13 18:16:14,follower,2025-09
2025-09-13 18:04:39,follower,2025-09
2025-09-13 17:58:10,follower,2025-09
2025-09-13 17:34:54,follower,2025-09
2025-09-13 17:16:55,follower,2025-09
2025-09-13 17:09:00,follower,2025-09
2025-09-13 16:51:41,follower,2025-09
2025-09-13 16:36:42,follower,2025-09
2025-09-13 16:35:11,follower,2025-09
2025-09-13 16:23:23,follower,2025-09
2025-09-13 16:18:04,follower,2025-09
2025-09-13 16:11:02,follower,2025-09
2025-09-13 15:44:50,follower,2025-09
2025-09-13 15:38:03,follower,2025-09
2025-09-13 15:19:01,follower,2025-09
2025-09-13 15:16:14,follower,2025-09
2025-09-13 15:11:56,follower,2025-09
2025-09-13 15:11:44,follower,2025-09
2025-09-13 15:10:59,follower,2025-09
2025-09-13 15:03:07,follower,2025-09
2025-09-13 14:58:59,follower,2025-09
2025-09-13 14:43:31,follower,2025-09
2025-09-13 14:35:48,follower,2025-09
2025-09-13 14:24:06,follower,2025-09
2025-09-13 14:16:23,follower,2025-09
2025-09-13 14:16:13,follower,2025-09
2025-09-13 14:13:33,follower,2025-09
2025-09-13 14:01:23,follower,2025-09
2025-09-13 13:53:49,follower,2025-09
2025-09-13 13:46:57,follower,2025-09
2025-09-13 13:46:12,follower,2025-09
2025-09-13 13:31:38,follower,2025-09
2025-09-13 13:25:47,follower,2025-09
2025-09-13 13:05:43,follower,2025-09
2025-09-13 13:01:49,follower,2025-09
2025-09-13 12:56:23,follower,2025-09
2025-09-13 12:38:24,follower,2025-09
2025-09-13 12:35:55,follower,2025-09
2025-09-13 12:35:12,follower,2025-09
2025-09-13 12:25:45,follower,2025-09
2025-09-13 12:12:14,follower,2025-09
2025-09-13 12:11:50,follower,2025-09
2025-09-13 11:42:19,follower,2025-09
2025-09-13 11:36:43,follower,2025-09
2025-09-13 11:31:31,follower,2025-09
2025-09-13 11:28:04,follower,2025-09
2025-09-13 11:21:17,follower,2025-09
2025-09-13 10:50:32,follower,2025-09
2025-09-13 10:22:21,follower,2025-09
2025-09-13 10:19:56,follower,2025-09
2025-09-13 10:04:37,follower,2025-09
2025-09-13 09:53:08,follower,2025-09
2025-09-13 09:46:53,follower,2025-09
2025-09-13 09:45:37,follower,2025-09
2025-09-13 09:38:37,follower,2025-09
2025-09-13 08:49:33,follower,2025-09
2025-09-13 08:44:53,follower,2025-09
2025-09-13 08:12:22,follower,2025-09
2025-09-13 07:47:49,follower,2025-09
2025-09-13 07:29:27,follower,2025-09
2025-09-13 06:51:21,follower,2025-09
2025-09-13 06:38:13,follower,2025-09
2025-09-13 06:32:17,follower,2025-09
2025-09-13 06:25:32,follower,2025-09
2025-09-13 05:36:13,follower,2025-09
2025-09-13 03:44:26,follower,2025-09
2025-09-13 02:56:36,follower,2025-09
2025-09-13 02:48:12,follower,2025-09
2025-09-13 01:38:25,follower,2025-09
2025-09-13 00:38:41,follower,2025-09
2025-09-13 00:02:20,follower,2025-09
2025-09-12 23:50:15,follower,2025-09
2025-09-12 23:33:45,follower,2025-09
2025-09-12 23:24:41,follower,2025-09
2025-09-12 23:11:26,follower,2025-09
2025-09-12 22:52:35,follower,2025-09
2025-09-12 22:49:38,follower,2025-09
2025-09-12 22:49:14,follower,2025-09
2025-09-12 22:48:04,follower,2025-09
2025-09-12 22:47:29,follower,2025-09
2025-09-12 22:41:44,follower,2025-09
2025-09-12 22:35:48,follower,2025-09
2025-09-12 22:00:53,follower,2025-09
2025-09-12 21:53:52,follower,2025-09
2025-09-12 21:27:49,follower,2025-09
2025-09-12 21:25:14,follower,2025-09
2025-09-12 20:59:56,follower,2025-09
2025-09-12 20:48:38,follower,2025-09
2025-09-12 20:29:38,follower,2025-09
2025-09-12 18:34:41,follower,2025-09
2025-09-12 17:56:24,follower,2025-09
2025-09-12 17:50:33,follower,2025-09
2025-09-12 17:49:50,follower,2025-09
2025-09-12 17:43:21,follower,2025-09
2025-09-12 17:33:41,follower,2025-09
2025-09-12 16:25:28,follower,2025-09
2025-09-12 16:23:03,follower,2025-09
2025-09-12 15:10:56,follower,2025-09
2025-09-12 15:07:56,follower,2025-09
2025-09-12 13:08:04,follower,2025-09
2025-09-12 12:51:17,follower,2025-09
2025-09-12 12:35:51,follower,2025-09
2025-09-12 12:30:31,follower,2025-09
2025-09-12 10:51:21,follower,2025-09
2025-09-12 10:23:00,follower,2025-09
2025-09-12 10:20:01,follower,2025-09
2025-09-12 08:22:25,follower,2025-09
2025-09-12 07:45:37,follower,2025-09
2025-09-12 04:14:59,follower,2025-09
2025-09-12 02:58:01,follower,2025-09
2025-09-12 02:54:34,follower,2025-09
2025-09-12 01:41:22,follower,2025-09
2025-09-12 01:35:26,follower,2025-09
2025-09-12 01:22:30,follower,2025-09
2025-09-12 00:41:43,follower,2025-09
2025-09-12 00:34:45,follower,2025-09
2025-09-12 00:22:23,follower,2025-09
2025-09-12 00:17:38,follower,2025-09
2025-09-12 00:12:23,follower,2025-09
2025-09-12 00:08:43,follower,2025-09
2025-09-11 23:42:11,follower,2025-09
2025-09-11 23:18:32,follower,2025-09
2025-09-11 22:57:47,follower,2025-09
2025-09-11 22:55:38,follower,2025-09
2025-09-11 22:37:24,follower,2025-09
2025-09-11 22:12:18,follower,2025-09
2025-09-11 22:06:55,follower,2025-09
2025-09-11 21:43:02,follower,2025-09
2025-09-11 21:39:46,follower,2025-09
2025-09-11 20:58:00,follower,2025-09
2025-09-11 20:56:02,follower,2025-09
2025-09-11 20:37:46,follower,2025-09
2025-09-11 19:02:36,follower,2025-09
2025-09-11 19:00:53,follower,2025-09
2025-09-11 18:47:56,follower,2025-09
2025-09-11 17:20:50,follower,2025-09
2025-09-11 17:07:14,follower,2025-09
2025-09-11 16:58:16,follower,2025-09
2025-09-11 16:11:52,follower,2025-09
2025-09-11 16:01:24,follower,2025-09
2025-09-11 15:57:53,follower,2025-09
2025-09-11 15:56:33,follower,2025-09
2025-09-11 15:47:58,follower,2025-09
2025-09-11 15:19:19,follower,2025-09
2025-09-11 14:08:01,follower,2025-09
2025-09-11 14:01:15,follower,2025-09
2025-09-11 14:00:10,follower,2025-09
2025-09-11 13:51:49,follower,2025-09
2025-09-11 13:45:27,follower,2025-09
2025-09-11 13:43:26,follower,2025-09
2025-09-11 13:35:46,follower,2025-09
2025-09-11 13:30:21,follower,2025-09
2025-09-11 13:28:08,follower,2025-09
2025-09-11 13:26:10,follower,2025-09
2025-09-11 13:16:35,follower,2025-09
2025-09-11 13:06:36,follower,2025-09
2025-09-11 13:01:55,follower,2025-09
2025-09-11 12:57:17,follower,2025-09
2025-09-11 12:54:09,follower,2025-09
2025-09-11 12:49:27,follower,2025-09
2025-09-11 12:15:12,follower,2025-09
2025-09-11 12:11:04,follower,2025-09
2025-09-11 11:14:27,follower,2025-09
2025-09-11 11:09:46,follower,2025-09
2025-09-11 10:47:09,follower,2025-09
2025-09-11 10:37:46,follower,2025-09
2025-09-11 10:21:27,follower,2025-09
2025-09-11 09:49:49,follower,2025-09
2025-09-11 09:44:57,follower,2025-09
2025-09-11 09:14:01,follower,2025-09
2025-09-11 07:30:33,follower,2025-09
2025-09-11 07:12:39,follower,2025-09
2025-09-11 06:53:53,follower,2025-09
2025-09-11 05:48:02,follower,2025-09
2025-09-11 03:14:59,follower,2025-09
2025-09-11 02:43:29,follower,2025-09
2025-09-11 02:31:34,follower,2025-09
2025-09-11 02:31:07,follower,2025-09
2025-09-11 02:27:03,follower,2025-09
2025-09-11 02:20:37,follower,2025-09
2025-09-11 01:48:27,follower,2025-09
2025-09-11 01:22:15,follower,2025-09
2025-09-11 00:56:51,follower,2025-09
2025-09-11 00:38:07,follower,2025-09
2025-09-11 00:35:19,follower,2025-09
2025-09-11 00:31:39,follower,2025-09
2025-09-11 00:17:59,follower,2025-09
2025-09-11 00:09:59,follower,2025-09
2025-09-10 23:54:53,follower,2025-09
2025-09-10 23:54:42,follower,2025-09
2025-09-10 23:50:23,follower,2025-09
2025-09-10 23:39:02,follower,2025-09
2025-09-10 23:34:32,follower,2025-09
2025-09-10 23:32:06,follower,2025-09
2025-09-10 23:16:59,follower,2025-09
2025-09-10 23:01:29,follower,2025-09
2025-09-10 22:58:41,follower,2025-09
2025-09-10 22:41:04,follower,2025-09
2025-09-10 22:33:07,follower,2025-09
2025-09-10 22:28:57,follower,2025-09
2025-09-10 22:27:57,follower,2025-09
2025-09-10 22:18:17,follower,2025-09
2025-09-10 21:59:10,follower,2025-09
2025-09-10 21:55:15,follower,2025-09
2025-09-10 21:44:34,follower,2025-09
2025-09-10 21:08:55,follower,2025-09
2025-09-10 21:06:45,follower,2025-09
2025-09-10 21:06:03,follower,2025-09
2025-09-10 20:58:39,follower,2025-09
2025-09-10 20:58:30,follower,2025-09
2025-09-10 20:50:14,follower,2025-09
2025-09-10 20:39:52,follower,2025-09
2025-09-10 19:49:43,follower,2025-09
2025-09-10 19:34:28,follower,2025-09
2025-09-10 19:18:56,follower,2025-09
2025-09-10 19:12:09,follower,2025-09
2025-09-10 19:04:55,follower,2025-09
2025-09-10 18:57:34,follower,2025-09
2025-09-10 18:51:58,follower,2025-09
2025-09-10 18:36:02,follower,2025-09
2025-09-10 18:26:07,follower,2025-09
2025-09-10 18:23:40,follower,2025-09
2025-09-10 18:20:29,follower,2025-09
2025-09-10 18:08:47,follower,2025-09
2025-09-10 18:04:26,follower,2025-09
2025-09-10 17:53:42,follower,2025-09
2025-09-10 17:48:40,follower,2025-09
2025-09-10 17:44:07,follower,2025-09
2025-09-10 17:42:48,follower,2025-09
2025-09-10 16:45:19,follower,2025-09
2025-09-10 16:42:56,follower,2025-09
2025-09-10 16:38:53,follower,2025-09
2025-09-10 16:34:29,follower,2025-09
2025-09-10 16:15:24,follower,2025-09
2025-09-10 16:12:00,follower,2025-09
2025-09-10 15:45:59,follower,2025-09
2025-09-10 15:40:49,follower,2025-09
2025-09-10 15:15:23,follower,2025-09
2025-09-10 15:15:01,follower,2025-09
2025-09-10 14:47:12,follower,2025-09
2025-09-10 14:37:32,follower,2025-09
2025-09-10 14:26:39,follower,2025-09
2025-09-10 14:25:33,follower,2025-09
2025-09-10 13:44:08,follower,2025-09
2025-09-10 13:23:02,follower,2025-09
2025-09-10 13:20:35,follower,2025-09
2025-09-10 13:19:46,follower,2025-09
2025-09-10 13:08:46,follower,2025-09
2025-09-10 13:01:42,follower,2025-09
2025-09-10 13:01:30,follower,2025-09
2025-09-10 12:20:50,follower,2025-09
2025-09-10 12:17:24,follower,2025-09
2025-09-10 12:14:23,follower,2025-09
2025-09-10 11:17:29,follower,2025-09
2025-09-10 11:04:24,follower,2025-09
2025-09-10 11:00:13,follower,2025-09
2025-09-10 10:45:01,follower,2025-09
2025-09-10 10:42:24,follower,2025-09
2025-09-10 10:30:56,follower,2025-09
2025-09-10 10:23:54,follower,2025-09
2025-09-10 10:23:30,follower,2025-09
2025-09-10 10:21:20,follower,2025-09
2025-09-10 10:18:04,follower,2025-09
2025-09-10 10:05:44,follower,2025-09
2025-09-10 09:47:59,follower,2025-09
2025-09-10 09:42:30,follower,2025-09
2025-09-10 09:40:26,follower,2025-09
2025-09-10 09:31:50,follower,2025-09
2025-09-10 09:31:45,follower,2025-09
2025-09-10 09:26:17,follower,2025-09
2025-09-10 09:08:23,follower,2025-09
2025-09-10 07:50:39,follower,2025-09
2025-09-10 07:39:56,follower,2025-09
2025-09-10 07:26:36,follower,2025-09
2025-09-10 07:26:24,follower,2025-09
2025-09-10 05:34:14,follower,2025-09
2025-09-10 03:42:54,follower,2025-09
2025-09-10 03:39:46,follower,2025-09
2025-09-10 03:04:44,follower,2025-09
2025-09-10 02:40:43,follower,2025-09
2025-09-10 02:01:17,follower,2025-09
2025-09-10 01:27:37,follower,2025-09
2025-09-10 01:22:09,follower,2025-09
2025-09-10 01:17:42,follower,2025-09
2025-09-10 01:06:48,follower,2025-09
2025-09-10 01:02:42,follower,2025-09
2025-09-10 00:59:03,follower,2025-09
2025-09-10 00:57:39,follower,2025-09
2025-09-10 00:25:56,follower,2025-09
2025-09-10 00:20:28,follower,2025-09
2025-09-10 00:11:17,follower,2025-09
2025-09-10 00:09:03,follower,2025-09
2025-09-10 00:07:28,follower,2025-09
2025-09-10 00:06:40,follower,2025-09
2025-09-09 23:50:08,follower,2025-09
2025-09-09 23:49:41,follower,2025-09
2025-09-09 23:23:33,follower,2025-09
2025-09-09 23:18:06,follower,2025-09
2025-09-09 22:59:53,follower,2025-09
2025-09-09 22:54:43,follower,2025-09
2025-09-09 22:40:30,follower,2025-09
2025-09-09 22:24:01,follower,2025-09
2025-09-09 22:14:35,follower,2025-09
2025-09-09 22:06:22,follower,2025-09
2025-09-09 22:00:04,follower,2025-09
2025-09-09 21:47:17,follower,2025-09
2025-09-09 21:46:25,follower,2025-09
2025-09-09 21:42:18,follower,2025-09
2025-09-09 21:36:38,follower,2025-09
2025-09-09 21:34:06,follower,2025-09
2025-09-09 21:31:02,follower,2025-09
2025-09-09 21:22:34,follower,2025-09
2025-09-09 21:13:56,follower,2025-09
2025-09-09 21:13:48,follower,2025-09
2025-09-09 20:51:23,follower,2025-09
2025-09-09 20:11:35,follower,2025-09
2025-09-09 20:02:09,follower,2025-09
2025-09-09 19:36:23,follower,2025-09
2025-09-09 18:45:41,follower,2025-09
2025-09-09 18:33:06,follower,2025-09
2025-09-09 18:30:51,follower,2025-09
2025-09-09 18:13:54,follower,2025-09
2025-09-09 18:11:14,follower,2025-09
2025-09-09 18:11:05,follower,2025-09
2025-09-09 17:32:36,follower,2025-09
2025-09-09 17:24:47,follower,2025-09
2025-09-09 17:14:49,follower,2025-09
2025-09-09 16:48:19,follower,2025-09
2025-09-09 16:45:48,follower,2025-09
2025-09-09 16:41:59,follower,2025-09
2025-09-09 15:47:07,follower,2025-09
2025-09-09 15:46:05,follower,2025-09
2025-09-09 15:39:43,follower,2025-09
2025-09-09 15:37:16,follower,2025-09
2025-09-09 15:23:01,follower,2025-09
2025-09-09 15:20:45,follower,2025-09
2025-09-09 15:12:40,follower,2025-09
2025-09-09 14:18:57,follower,2025-09
2025-09-09 13:48:21,follower,2025-09
2025-09-09 13:44:53,follower,2025-09
2025-09-09 13:34:00,follower,2025-09
2025-09-09 12:50:35,follower,2025-09
2025-09-09 12:44:52,follower,2025-09
2025-09-09 12:14:30,follower,2025-09
2025-09-09 12:10:49,follower,2025-09
2025-09-09 12:03:46,follower,2025-09
2025-09-09 12:02:38,follower,2025-09
2025-09-09 11:48:19,follower,2025-09
2025-09-09 11:28:33,follower,2025-09
2025-09-09 11:11:51,follower,2025-09
2025-09-09 10:29:11,follower,2025-09
2025-09-09 10:13:45,follower,2025-09
2025-09-09 10:04:53,follower,2025-09
2025-09-09 09:02:16,follower,2025-09
2025-09-09 09:00:19,follower,2025-09
2025-09-09 08:58:51,follower,2025-09
2025-09-09 07:44:31,follower,2025-09
2025-09-09 06:48:56,follower,2025-09
2025-09-09 06:32:18,follower,2025-09
2025-09-09 06:21:55,follower,2025-09
2025-09-09 05:39:00,follower,2025-09
2025-09-09 04:58:59,follower,2025-09
2025-09-09 04:42:17,follower,2025-09
2025-09-09 02:46:35,follower,2025-09
2025-09-09 02:28:31,follower,2025-09
2025-09-09 02:22:25,follower,2025-09
2025-09-09 02:18:49,follower,2025-09
2025-09-09 02:18:18,follower,2025-09
2025-09-09 02:12:36,follower,2025-09
2025-09-09 02:10:30,follower,2025-09
2025-09-09 01:35:19,follower,2025-09
2025-09-09 01:06:53,follower,2025-09
2025-09-09 01:01:01,follower,2025-09
2025-09-09 00:52:27,follower,2025-09
2025-09-09 00:50:33,follower,2025-09
2025-09-09 00:37:30,follower,2025-09
2025-09-09 00:36:47,follower,2025-09
2025-09-09 00:34:09,follower,2025-09
2025-09-09 00:31:29,follower,2025-09
2025-09-09 00:28:01,follower,2025-09
2025-09-09 00:21:59,follower,2025-09
2025-09-09 00:21:18,follower,2025-09
2025-09-09 00:14:34,follower,2025-09
2025-09-09 00:12:24,follower,2025-09
2025-09-08 23:49:07,follower,2025-09
2025-09-08 23:39:21,follower,2025-09
2025-09-08 23:36:46,follower,2025-09
2025-09-08 23:35:10,follower,2025-09
2025-09-08 23:23:31,follower,2025-09
2025-09-08 23:21:36,follower,2025-09
2025-09-08 22:53:35,follower,2025-09
2025-09-08 22:50:53,follower,2025-09
2025-09-08 22:34:45,follower,2025-09
2025-09-08 22:15:28,follower,2025-09
2025-09-08 21:54:09,follower,2025-09
2025-09-08 21:50:23,follower,2025-09
2025-09-08 21:33:42,follower,2025-09
2025-09-08 21:23:15,follower,2025-09
2025-09-08 21:20:10,follower,2025-09
2025-09-08 20:53:16,follower,2025-09
2025-09-08 20:51:55,follower,2025-09
2025-09-08 20:48:13,follower,2025-09
2025-09-08 20:38:48,follower,2025-09
2025-09-08 20:38:43,follower,2025-09
2025-09-08 20:33:45,follower,2025-09
2025-09-08 20:33:15,follower,2025-09
2025-09-08 20:33:00,follower,2025-09
2025-09-08 20:24:21,follower,2025-09
2025-09-08 20:22:54,follower,2025-09
2025-09-08 20:18:26,follower,2025-09
2025-09-08 20:05:26,follower,2025-09
2025-09-08 20:00:11,follower,2025-09
2025-09-08 19:35:41,follower,2025-09
2025-09-08 19:28:20,follower,2025-09
2025-09-08 19:11:36,follower,2025-09
2025-09-08 19:09:28,follower,2025-09
2025-09-08 19:06:21,follower,2025-09
2025-09-08 19:00:48,follower,2025-09
2025-09-08 18:58:18,follower,2025-09
2025-09-08 18:51:28,follower,2025-09
2025-09-08 18:25:34,follower,2025-09
2025-09-08 17:43:48,follower,2025-09
2025-09-08 17:41:45,follower,2025-09
2025-09-08 17:33:09,follower,2025-09
2025-09-08 17:23:52,follower,2025-09
2025-09-08 17:19:51,follower,2025-09
2025-09-08 17:18:05,follower,2025-09
2025-09-08 17:17:11,follower,2025-09
2025-09-08 17:12:50,follower,2025-09
2025-09-08 16:54:42,follower,2025-09
2025-09-08 16:22:19,follower,2025-09
2025-09-08 16:12:31,follower,2025-09
2025-09-08 16:10:25,follower,2025-09
2025-09-08 16:09:31,follower,2025-09
2025-09-08 15:37:34,follower,2025-09
2025-09-08 15:04:23,follower,2025-09
2025-09-08 14:50:04,follower,2025-09
2025-09-08 14:42:44,follower,2025-09
2025-09-08 14:16:08,follower,2025-09
2025-09-08 14:07:51,follower,2025-09
2025-09-08 13:59:03,follower,2025-09
2025-09-08 13:53:50,follower,2025-09
2025-09-08 13:52:35,follower,2025-09
2025-09-08 13:52:30,follower,2025-09
2025-09-08 13:41:21,follower,2025-09
2025-09-08 13:25:02,follower,2025-09
2025-09-08 13:06:35,follower,2025-09
2025-09-08 12:46:59,follower,2025-09
2025-09-08 12:46:05,follower,2025-09
2025-09-08 12:43:23,follower,2025-09
2025-09-08 12:41:20,follower,2025-09
2025-09-08 12:33:57,follower,2025-09
2025-09-08 12:32:00,follower,2025-09
2025-09-08 12:28:08,follower,2025-09
2025-09-08 12:19:23,follower,2025-09
2025-09-08 12:15:16,follower,2025-09
2025-09-08 11:46:49,follower,2025-09
2025-09-08 11:38:49,follower,2025-09
2025-09-08 11:36:52,follower,2025-09
2025-09-08 11:33:48,follower,2025-09
2025-09-08 11:19:13,follower,2025-09
2025-09-08 11:10:40,follower,2025-09
2025-09-08 11:08:47,follower,2025-09
2025-09-08 11:03:43,follower,2025-09
2025-09-08 11:00:17,follower,2025-09
2025-09-08 10:44:40,follower,2025-09
2025-09-08 10:36:27,follower,2025-09
2025-09-08 10:12:30,follower,2025-09
2025-09-08 10:11:26,follower,2025-09
2025-09-08 10:09:13,follower,2025-09
2025-09-08 09:54:00,follower,2025-09
2025-09-08 09:44:53,follower,2025-09
2025-09-08 09:30:52,follower,2025-09
2025-09-08 08:57:18,follower,2025-09
2025-09-08 08:56:59,follower,2025-09
2025-09-08 08:45:18,follower,2025-09
2025-09-08 08:31:58,follower,2025-09
2025-09-08 08:25:54,follower,2025-09
2025-09-08 08:25:48,follower,2025-09
2025-09-08 06:43:28,follower,2025-09
2025-09-08 06:21:10,follower,2025-09
2025-09-08 05:03:56,follower,2025-09
2025-09-08 03:26:53,follower,2025-09
2025-09-08 02:56:14,follower,2025-09
2025-09-08 02:54:08,follower,2025-09
2025-09-08 02:12:38,follower,2025-09
2025-09-08 01:53:54,follower,2025-09
2025-09-08 01:49:49,follower,2025-09
2025-09-08 01:44:52,follower,2025-09
2025-09-08 01:44:09,follower,2025-09
2025-09-08 01:43:30,follower,2025-09
2025-09-08 01:40:15,follower,2025-09
2025-09-08 01:38:52,follower,2025-09
2025-09-08 01:21:27,follower,2025-09
2025-09-08 01:11:10,follower,2025-09
2025-09-08 00:47:00,follower,2025-09
2025-09-08 00:36:29,follower,2025-09
2025-09-08 00:36:24,follower,2025-09
2025-09-08 00:26:43,follower,2025-09
2025-09-08 00:10:12,follower,2025-09
2025-09-08 00:05:04,follower,2025-09
2025-09-08 00:00:59,follower,2025-09
2025-09-07 23:40:22,follower,2025-09
2025-09-07 23:20:07,follower,2025-09
2025-09-07 23:16:55,follower,2025-09
2025-09-07 23:16:29,follower,2025-09
2025-09-07 23:06:24,follower,2025-09
2025-09-07 23:05:38,follower,2025-09
2025-09-07 23:05:23,follower,2025-09
2025-09-07 23:04:03,follower,2025-09
2025-09-07 23:00:08,follower,2025-09
2025-09-07 22:59:37,follower,2025-09
2025-09-07 22:51:05,follower,2025-09
2025-09-07 22:41:11,follower,2025-09
2025-09-07 22:36:26,follower,2025-09
2025-09-07 22:35:26,follower,2025-09
2025-09-07 22:34:18,follower,2025-09
2025-09-07 22:34:04,follower,2025-09
2025-09-07 22:18:49,follower,2025-09
2025-09-07 22:10:01,follower,2025-09
2025-09-07 22:08:12,follower,2025-09
2025-09-07 22:05:12,follower,2025-09
2025-09-07 22:00:09,follower,2025-09
2025-09-07 21:41:40,follower,2025-09
2025-09-07 21:30:37,follower,2025-09
2025-09-07 21:10:02,follower,2025-09
2025-09-07 21:00:34,follower,2025-09
2025-09-07 20:53:11,follower,2025-09
2025-09-07 20:50:20,follower,2025-09
2025-09-07 20:44:55,follower,2025-09
2025-09-07 20:38:51,follower,2025-09
2025-09-07 19:49:18,follower,2025-09
2025-09-07 19:45:41,follower,2025-09
2025-09-07 19:43:37,follower,2025-09
2025-09-07 19:12:15,follower,2025-09
2025-09-07 18:51:29,follower,2025-09
2025-09-07 18:38:59,follower,2025-09
2025-09-07 18:36:55,follower,2025-09
2025-09-07 18:28:26,follower,2025-09
2025-09-07 18:22:11,follower,2025-09
2025-09-07 18:08:52,follower,2025-09
2025-09-07 17:47:28,follower,2025-09
2025-09-07 17:31:56,follower,2025-09
2025-09-07 17:20:33,follower,2025-09
2025-09-07 17:19:53,follower,2025-09
2025-09-07 17:19:02,follower,2025-09
2025-09-07 17:06:43,follower,2025-09
2025-09-07 16:43:47,follower,2025-09
2025-09-07 16:39:19,follower,2025-09
2025-09-07 16:20:55,follower,2025-09
2025-09-07 16:20:32,follower,2025-09
2025-09-07 16:16:28,follower,2025-09
2025-09-07 16:11:20,follower,2025-09
2025-09-07 16:04:46,follower,2025-09
2025-09-07 15:37:47,follower,2025-09
2025-09-07 15:31:18,follower,2025-09
2025-09-07 15:29:38,follower,2025-09
2025-09-07 15:26:27,follower,2025-09
2025-09-07 15:24:52,follower,2025-09
2025-09-07 15:24:45,follower,2025-09
2025-09-07 15:15:29,follower,2025-09
2025-09-07 15:11:14,follower,2025-09
2025-09-07 15:06:07,follower,2025-09
2025-09-07 15:05:22,follower,2025-09
2025-09-07 14:59:01,follower,2025-09
2025-09-07 14:52:49,follower,2025-09
2025-09-07 14:49:11,follower,2025-09
2025-09-07 14:47:06,follower,2025-09
2025-09-07 14:41:59,follower,2025-09
2025-09-07 14:36:21,follower,2025-09
2025-09-07 14:34:52,follower,2025-09
2025-09-07 14:33:23,follower,2025-09
2025-09-07 14:26:50,follower,2025-09
2025-09-07 14:16:13,follower,2025-09
2025-09-07 14:05:11,follower,2025-09
2025-09-07 13:58:46,follower,2025-09
2025-09-07 13:57:13,follower,2025-09
2025-09-07 13:52:43,follower,2025-09
2025-09-07 13:50:52,follower,2025-09
2025-09-07 13:49:26,follower,2025-09
2025-09-07 13:36:59,follower,2025-09
2025-09-07 13:00:04,follower,2025-09
2025-09-07 12:57:13,follower,2025-09
2025-09-07 12:55:50,follower,2025-09
2025-09-07 12:50:02,follower,2025-09
2025-09-07 12:40:35,follower,2025-09
2025-09-07 12:03:00,follower,2025-09
2025-09-07 11:46:54,follower,2025-09
2025-09-07 11:42:53,follower,2025-09
2025-09-07 11:36:38,follower,2025-09
2025-09-07 11:34:04,follower,2025-09
2025-09-07 11:31:38,follower,2025-09
2025-09-07 11:08:55,follower,2025-09
2025-09-07 10:53:29,follower,2025-09
2025-09-07 10:44:57,follower,2025-09
2025-09-07 10:30:58,follower,2025-09
2025-09-07 10:24:51,follower,2025-09
2025-09-07 10:22:41,follower,2025-09
2025-09-07 10:02:18,follower,2025-09
2025-09-07 09:55:00,follower,2025-09
2025-09-07 09:31:52,follower,2025-09
2025-09-07 09:10:15,follower,2025-09
2025-09-07 08:20:21,follower,2025-09
2025-09-07 08:07:02,follower,2025-09
2025-09-07 07:55:49,follower,2025-09
2025-09-07 07:51:11,follower,2025-09
2025-09-07 07:38:22,follower,2025-09
2025-09-07 07:23:14,follower,2025-09
2025-09-07 06:46:51,follower,2025-09
2025-09-07 06:46:39,follower,2025-09
2025-09-07 06:23:05,follower,2025-09
2025-09-07 06:01:25,follower,2025-09
2025-09-07 04:16:26,follower,2025-09
2025-09-07 03:25:19,follower,2025-09
2025-09-07 03:05:45,follower,2025-09
2025-09-07 03:03:25,follower,2025-09
2025-09-07 02:27:24,follower,2025-09
2025-09-07 02:25:36,follower,2025-09
2025-09-07 02:24:47,follower,2025-09
2025-09-07 02:13:36,follower,2025-09
2025-09-07 02:13:06,follower,2025-09
2025-09-07 01:58:36,follower,2025-09
2025-09-07 01:47:52,follower,2025-09
2025-09-07 01:40:10,follower,2025-09
2025-09-07 01:31:04,follower,2025-09
2025-09-07 01:29:28,follower,2025-09
2025-09-07 01:21:29,follower,2025-09
2025-09-07 01:18:58,follower,2025-09
2025-09-07 01:08:48,follower,2025-09
2025-09-07 01:06:09,follower,2025-09
2025-09-07 00:47:57,follower,2025-09
2025-09-07 00:43:00,follower,2025-09
2025-09-07 00:19:22,follower,2025-09
2025-09-07 00:11:52,follower,2025-09
2025-09-07 00:06:06,follower,2025-09
2025-09-07 00:00:58,follower,2025-09
2025-09-07 00:00:37,follower,2025-09
2025-09-07 00:00:37,follower,2025-09
2025-09-07 00:00:09,follower,2025-09
2025-09-06 23:59:27,follower,2025-09
2025-09-06 23:57:16,follower,2025-09
2025-09-06 23:32:54,follower,2025-09
2025-09-06 23:08:48,follower,2025-09
2025-09-06 23:06:46,follower,2025-09
2025-09-06 22:48:36,follower,2025-09
2025-09-06 22:36:33,follower,2025-09
2025-09-06 22:18:19,follower,2025-09
2025-09-06 22:02:35,follower,2025-09
2025-09-06 22:00:49,follower,2025-09
2025-09-06 21:51:57,follower,2025-09
2025-09-06 21:41:23,follower,2025-09
2025-09-06 21:31:26,follower,2025-09
2025-09-06 20:29:10,follower,2025-09
2025-09-06 20:26:56,follower,2025-09
2025-09-06 20:24:22,follower,2025-09
2025-09-06 20:21:33,follower,2025-09
2025-09-06 20:18:49,follower,2025-09
2025-09-06 20:13:09,follower,2025-09
2025-09-06 20:06:33,follower,2025-09
2025-09-06 19:51:43,follower,2025-09
2025-09-06 19:49:34,follower,2025-09
2025-09-06 19:48:19,follower,2025-09
2025-09-06 19:45:57,follower,2025-09
2025-09-06 19:19:32,follower,2025-09
2025-09-06 19:14:45,follower,2025-09
2025-09-06 19:14:14,follower,2025-09
2025-09-06 19:08:42,follower,2025-09
2025-09-06 19:07:43,follower,2025-09
2025-09-06 19:04:57,follower,2025-09
2025-09-06 19:03:26,follower,2025-09
2025-09-06 18:46:31,follower,2025-09
2025-09-06 18:44:24,follower,2025-09
2025-09-06 18:39:33,follower,2025-09
2025-09-06 18:06:07,follower,2025-09
2025-09-06 18:04:17,follower,2025-09
2025-09-06 18:01:18,follower,2025-09
2025-09-06 17:56:13,follower,2025-09
2025-09-06 17:46:50,follower,2025-09
2025-09-06 17:39:30,follower,2025-09
2025-09-06 17:38:57,follower,2025-09
2025-09-06 17:38:49,follower,2025-09
2025-09-06 17:29:28,follower,2025-09
2025-09-06 17:09:38,follower,2025-09
2025-09-06 16:54:43,follower,2025-09
2025-09-06 16:54:24,follower,2025-09
2025-09-06 16:48:31,follower,2025-09
2025-09-06 16:38:25,follower,2025-09
2025-09-06 16:35:30,follower,2025-09
2025-09-06 16:27:09,follower,2025-09
2025-09-06 16:05:53,follower,2025-09
2025-09-06 15:58:46,follower,2025-09
2025-09-06 15:55:28,follower,2025-09
2025-09-06 15:54:44,follower,2025-09
2025-09-06 15:54:09,follower,2025-09
2025-09-06 15:47:41,follower,2025-09
2025-09-06 15:40:11,follower,2025-09
2025-09-06 15:38:06,follower,2025-09
2025-09-06 15:35:21,follower,2025-09
2025-09-06 15:21:40,follower,2025-09
2025-09-06 15:21:21,follower,2025-09
2025-09-06 15:17:17,follower,2025-09
2025-09-06 15:09:58,follower,2025-09
2025-09-06 15:06:57,follower,2025-09
2025-09-06 15:06:40,follower,2025-09
2025-09-06 15:05:18,follower,2025-09
2025-09-06 14:58:34,follower,2025-09
2025-09-06 14:57:33,follower,2025-09
2025-09-06 14:41:29,follower,2025-09
2025-09-06 14:33:36,follower,2025-09
2025-09-06 14:26:23,follower,2025-09
2025-09-06 14:08:26,follower,2025-09
2025-09-06 14:00:01,follower,2025-09
2025-09-06 13:55:11,follower,2025-09
2025-09-06 13:41:09,follower,2025-09
2025-09-06 13:39:07,follower,2025-09
2025-09-06 13:02:09,follower,2025-09
2025-09-06 12:52:31,follower,2025-09
2025-09-06 12:48:41,follower,2025-09
2025-09-06 12:48:02,follower,2025-09
2025-09-06 12:46:43,follower,2025-09
2025-09-06 12:41:35,follower,2025-09
2025-09-06 12:40:43,follower,2025-09
2025-09-06 12:32:57,follower,2025-09
2025-09-06 12:32:07,follower,2025-09
2025-09-06 12:29:06,follower,2025-09
2025-09-06 12:15:59,follower,2025-09
2025-09-06 12:07:35,follower,2025-09
2025-09-06 12:05:07,follower,2025-09
2025-09-06 11:55:36,follower,2025-09
2025-09-06 11:44:34,follower,2025-09
2025-09-06 11:27:30,follower,2025-09
2025-09-06 11:21:09,follower,2025-09
2025-09-06 11:12:09,follower,2025-09
2025-09-06 11:03:34,follower,2025-09
2025-09-06 10:42:33,follower,2025-09
2025-09-06 09:57:30,follower,2025-09
2025-09-06 09:50:55,follower,2025-09
2025-09-06 09:34:53,follower,2025-09
2025-09-06 08:57:12,follower,2025-09
2025-09-06 08:21:19,follower,2025-09
2025-09-06 07:48:19,follower,2025-09
2025-09-06 06:31:01,follower,2025-09
2025-09-06 06:22:40,follower,2025-09
2025-09-06 06:18:17,follower,2025-09
2025-09-06 05:57:11,follower,2025-09
2025-09-06 04:39:46,follower,2025-09
2025-09-06 04:32:54,follower,2025-09
2025-09-06 03:44:19,follower,2025-09
2025-09-06 03:28:41,follower,2025-09
2025-09-06 03:02:03,follower,2025-09
2025-09-06 02:38:57,follower,2025-09
2025-09-06 01:54:19,follower,2025-09
2025-09-06 01:06:12,follower,2025-09
2025-09-06 00:57:38,follower,2025-09
2025-09-06 00:55:07,follower,2025-09
2025-09-06 00:39:18,follower,2025-09
2025-09-06 00:32:02,follower,2025-09
2025-09-06 00:29:37,follower,2025-09
2025-09-06 00:22:36,follower,2025-09
2025-09-06 00:14:48,follower,2025-09
2025-09-06 00:10:13,follower,2025-09
2025-09-05 23:39:45,follower,2025-09
2025-09-05 23:06:41,follower,2025-09
2025-09-05 23:01:53,follower,2025-09
2025-09-05 22:59:16,follower,2025-09
2025-09-05 22:57:58,follower,2025-09
2025-09-05 22:54:15,follower,2025-09
2025-09-05 22:51:47,follower,2025-09
2025-09-05 22:51:46,follower,2025-09
2025-09-05 22:48:51,follower,2025-09
2025-09-05 22:43:45,follower,2025-09
2025-09-05 22:28:29,follower,2025-09
2025-09-05 22:16:59,follower,2025-09
2025-09-05 22:14:51,follower,2025-09
2025-09-05 21:57:07,follower,2025-09
2025-09-05 21:45:19,follower,2025-09
2025-09-05 21:41:01,follower,2025-09
2025-09-05 21:37:43,follower,2025-09
2025-09-05 21:08:34,follower,2025-09
2025-09-05 21:02:58,follower,2025-09
2025-09-05 20:33:09,follower,2025-09
2025-09-05 20:00:49,follower,2025-09
2025-09-05 19:56:24,follower,2025-09
2025-09-05 19:32:59,follower,2025-09
2025-09-05 19:25:18,follower,2025-09
2025-09-05 19:01:40,follower,2025-09
2025-09-05 18:51:01,follower,2025-09
2025-09-05 18:20:54,follower,2025-09
2025-09-05 18:13:28,follower,2025-09
2025-09-05 18:00:14,follower,2025-09
2025-09-05 17:37:54,follower,2025-09
2025-09-05 17:05:44,follower,2025-09
2025-09-05 16:47:40,follower,2025-09
2025-09-05 16:44:15,follower,2025-09
2025-09-05 16:38:12,follower,2025-09
2025-09-05 16:37:48,follower,2025-09
2025-09-05 16:26:48,follower,2025-09
2025-09-05 16:12:52,follower,2025-09
2025-09-05 16:09:27,follower,2025-09
2025-09-05 15:47:31,follower,2025-09
2025-09-05 15:10:35,follower,2025-09
2025-09-05 14:57:33,follower,2025-09
2025-09-05 14:22:07,follower,2025-09
2025-09-05 14:10:21,follower,2025-09
2025-09-05 13:44:24,follower,2025-09
2025-09-05 13:07:40,follower,2025-09
2025-09-05 12:49:07,follower,2025-09
2025-09-05 12:25:55,follower,2025-09
2025-09-05 12:18:19,follower,2025-09
2025-09-05 12:10:54,follower,2025-09
2025-09-05 12:08:27,follower,2025-09
2025-09-05 11:41:21,follower,2025-09
2025-09-05 11:07:08,follower,2025-09
2025-09-05 09:07:17,follower,2025-09
2025-09-05 06:52:44,follower,2025-09
2025-09-05 06:37:23,follower,2025-09
2025-09-05 05:11:59,follower,2025-09
2025-09-05 04:42:59,follower,2025-09
2025-09-05 04:12:40,follower,2025-09
2025-09-05 02:21:24,follower,2025-09
2025-09-05 01:48:24,follower,2025-09
2025-09-05 01:45:33,follower,2025-09
2025-09-05 01:19:13,follower,2025-09
2025-09-05 01:05:45,follower,2025-09
2025-09-05 01:00:42,follower,2025-09
2025-09-04 23:52:27,follower,2025-09
2025-09-04 23:48:21,follower,2025-09
2025-09-04 22:34:31,follower,2025-09
2025-09-04 22:22:03,follower,2025-09
2025-09-04 20:46:21,follower,2025-09
2025-09-04 20:30:41,follower,2025-09
2025-09-04 19:54:29,follower,2025-09
2025-09-04 19:52:33,follower,2025-09
2025-09-04 19:38:25,follower,2025-09
2025-09-04 19:23:22,follower,2025-09
2025-09-04 19:13:37,follower,2025-09
2025-09-04 18:58:59,follower,2025-09
2025-09-04 18:37:13,follower,2025-09
2025-09-04 18:34:18,follower,2025-09
2025-09-04 18:28:28,follower,2025-09
2025-09-04 18:14:32,follower,2025-09
2025-09-04 18:05:17,follower,2025-09
2025-09-04 17:28:31,follower,2025-09
2025-09-04 17:27:35,follower,2025-09
2025-09-04 17:27:29,follower,2025-09
2025-09-04 16:34:59,follower,2025-09
2025-09-04 16:14:15,follower,2025-09
2025-09-04 15:21:35,follower,2025-09
2025-09-04 15:01:34,follower,2025-09
2025-09-04 15:01:06,follower,2025-09
2025-09-04 14:51:22,follower,2025-09
2025-09-04 12:04:13,follower,2025-09
2025-09-04 11:44:26,follower,2025-09
2025-09-04 11:33:22,follower,2025-09
2025-09-04 11:24:47,follower,2025-09
2025-09-04 10:43:51,follower,2025-09
2025-09-04 10:32:01,follower,2025-09
2025-09-04 09:51:29,follower,2025-09
2025-09-04 08:58:42,follower,2025-09
2025-09-04 06:16:22,follower,2025-09
2025-09-04 05:04:28,follower,2025-09
2025-09-04 04:19:04,follower,2025-09
2025-09-04 04:14:59,follower,2025-09
2025-09-04 03:45:57,follower,2025-09
2025-09-04 02:43:33,follower,2025-09
2025-09-04 02:09:20,follower,2025-09
2025-09-04 01:57:47,follower,2025-09
2025-09-04 01:30:40,follower,2025-09
2025-09-04 00:27:05,follower,2025-09
2025-09-04 00:11:30,follower,2025-09
2025-09-03 23:42:47,follower,2025-09
2025-09-03 22:32:58,follower,2025-09
2025-09-03 21:56:38,follower,2025-09
2025-09-03 21:44:34,follower,2025-09
2025-09-03 21:07:59,follower,2025-09
2025-09-03 20:55:40,follower,2025-09
2025-09-03 20:30:37,follower,2025-09
2025-09-03 20:18:56,follower,2025-09
2025-09-03 19:20:18,follower,2025-09
2025-09-03 19:18:50,follower,2025-09
2025-09-03 18:35:33,follower,2025-09
2025-09-03 18:17:41,follower,2025-09
2025-09-03 17:00:12,follower,2025-09
2025-09-03 16:23:22,follower,2025-09
2025-09-03 16:16:28,follower,2025-09
2025-09-03 16:08:24,follower,2025-09
2025-09-03 15:59:09,follower,2025-09
2025-09-03 15:35:00,follower,2025-09
2025-09-03 15:12:08,follower,2025-09
2025-09-03 14:50:06,follower,2025-09
2025-09-03 13:35:26,follower,2025-09
2025-09-03 13:10:55,follower,2025-09
2025-09-03 12:30:53,follower,2025-09
2025-09-03 12:28:32,follower,2025-09
2025-09-03 11:20:57,follower,2025-09
2025-09-03 11:12:42,follower,2025-09
2025-09-03 11:00:54,follower,2025-09
2025-09-03 10:52:15,follower,2025-09
2025-09-03 10:36:28,follower,2025-09
2025-09-03 09:55:34,follower,2025-09
2025-09-03 09:30:00,follower,2025-09
2025-09-03 08:42:09,follower,2025-09
2025-09-03 06:41:39,follower,2025-09
2025-09-03 06:17:52,follower,2025-09
2025-09-03 05:51:19,follower,2025-09
2025-09-03 03:20:44,follower,2025-09
2025-09-03 03:02:52,follower,2025-09
2025-09-03 01:40:05,follower,2025-09
2025-09-03 00:46:43,follower,2025-09
2025-09-03 00:43:04,follower,2025-09
2025-09-03 00:37:57,follower,2025-09
2025-09-02 23:46:37,follower,2025-09
2025-09-02 23:38:08,follower,2025-09
2025-09-02 23:34:23,follower,2025-09
2025-09-02 23:16:53,follower,2025-09
2025-09-02 22:52:40,follower,2025-09
2025-09-02 22:15:11,follower,2025-09
2025-09-02 21:53:22,follower,2025-09
2025-09-02 20:59:17,follower,2025-09
2025-09-02 19:21:58,follower,2025-09
2025-09-02 19:19:23,follower,2025-09
2025-09-02 19:13:18,follower,2025-09
2025-09-02 18:40:46,follower,2025-09
2025-09-02 17:58:23,follower,2025-09
2025-09-02 16:24:40,follower,2025-09
2025-09-02 16:10:08,follower,2025-09
2025-09-02 15:45:01,follower,2025-09
2025-09-02 14:34:54,follower,2025-09
2025-09-02 14:00:57,follower,2025-09
2025-09-02 13:43:57,follower,2025-09
2025-09-02 13:38:10,follower,2025-09
2025-09-02 13:32:29,follower,2025-09
2025-09-02 13:25:33,follower,2025-09
2025-09-02 13:17:42,follower,2025-09
2025-09-02 13:12:28,follower,2025-09
2025-09-02 12:39:57,follower,2025-09
2025-09-02 12:03:24,follower,2025-09
2025-09-02 09:46:21,follower,2025-09
2025-09-02 09:00:22,follower,2025-09
2025-09-02 08:51:58,follower,2025-09
2025-09-02 08:20:12,follower,2025-09
2025-09-02 07:48:17,follower,2025-09
2025-09-02 04:00:54,follower,2025-09
2025-09-02 03:22:37,follower,2025-09
2025-09-02 01:19:06,follower,2025-09
2025-09-02 01:05:39,follower,2025-09
2025-09-01 22:39:06,follower,2025-09
2025-09-01 21:10:31,follower,2025-09
2025-09-01 19:54:09,follower,2025-09
2025-09-01 18:42:09,follower,2025-09
2025-09-01 17:00:29,follower,2025-09
2025-09-01 16:42:58,follower,2025-09
2025-09-01 16:26:33,follower,2025-09
2025-09-01 16:08:08,follower,2025-09
2025-09-01 15:21:37,follower,2025-09
2025-09-01 15:06:34,follower,2025-09
2025-09-01 13:52:28,follower,2025-09
2025-09-01 13:37:04,follower,2025-09
2025-09-01 13:12:03,follower,2025-09
2025-09-01 12:53:24,follower,2025-09
2025-09-01 12:35:55,follower,2025-09
2025-09-01 12:12:31,follower,2025-09
2025-09-01 11:51:00,follower,2025-09
2025-09-01 11:00:13,follower,2025-09
2025-09-01 10:54:11,follower,2025-09
2025-09-01 09:14:34,follower,2025-09
2025-09-01 08:43:26,follower,2025-09
2025-09-01 03:28:10,follower,2025-09
2025-09-01 03:27:24,follower,2025-09
2025-09-01 02:24:02,follower,2025-09
2025-09-01 01:52:15,follower,2025-09
2025-09-01 01:43:26,follower,2025-09
2025-09-01 01:20:17,follower,2025-09
2025-09-01 00:16:17,follower,2025-09
2025-08-31 23:51:01,follower,2025-08
2025-08-31 23:43:26,follower,2025-08
2025-08-31 22:46:57,follower,2025-08
2025-08-31 22:35:12,follower,2025-08
2025-08-31 22:31:29,follower,2025-08
2025-08-31 22:06:15,follower,2025-08
2025-08-31 21:49:02,follower,2025-08
2025-08-31 21:22:11,follower,2025-08
2025-08-31 21:16:32,follower,2025-08
2025-08-31 20:05:14,follower,2025-08
2025-08-31 18:52:25,follower,2025-08
2025-08-31 18:51:32,follower,2025-08
2025-08-31 18:43:08,follower,2025-08
2025-08-31 18:40:54,follower,2025-08
2025-08-31 18:31:52,follower,2025-08
2025-08-31 18:08:39,follower,2025-08
2025-08-31 17:18:43,follower,2025-08
2025-08-31 17:13:44,follower,2025-08
2025-08-31 16:40:47,follower,2025-08
2025-08-31 16:35:09,follower,2025-08
2025-08-31 16:06:14,follower,2025-08
2025-08-31 16:00:13,follower,2025-08
2025-08-31 15:53:07,follower,2025-08
2025-08-31 15:40:11,follower,2025-08
2025-08-31 15:37:59,follower,2025-08
2025-08-31 15:26:23,follower,2025-08
2025-08-31 15:25:54,follower,2025-08
2025-08-31 15:01:34,follower,2025-08
2025-08-31 15:00:47,follower,2025-08
2025-08-31 13:55:19,follower,2025-08
2025-08-31 13:44:26,follower,2025-08
2025-08-31 13:06:43,follower,2025-08
2025-08-31 13:03:25,follower,2025-08
2025-08-31 11:53:13,follower,2025-08
2025-08-31 11:44:43,follower,2025-08
2025-08-31 11:15:06,follower,2025-08
2025-08-31 10:54:30,follower,2025-08
2025-08-31 10:27:48,follower,2025-08
2025-08-31 10:27:10,follower,2025-08
2025-08-31 07:55:31,follower,2025-08
2025-08-31 07:41:47,follower,2025-08
2025-08-31 02:33:48,follower,2025-08
2025-08-31 02:26:45,follower,2025-08
2025-08-31 02:14:57,follower,2025-08
2025-08-31 02:00:45,follower,2025-08
2025-08-31 01:57:06,follower,2025-08
2025-08-31 01:47:00,follower,2025-08
2025-08-31 01:46:19,follower,2025-08
2025-08-31 01:23:29,follower,2025-08
2025-08-30 23:54:11,follower,2025-08
2025-08-30 23:53:05,follower,2025-08
2025-08-30 23:06:22,follower,2025-08
2025-08-30 22:38:24,follower,2025-08
2025-08-30 22:37:14,follower,2025-08
2025-08-30 22:26:17,follower,2025-08
2025-08-30 22:18:12,follower,2025-08
2025-08-30 22:14:40,follower,2025-08
2025-08-30 22:10:26,follower,2025-08
2025-08-30 20:43:58,follower,2025-08
2025-08-30 20:33:54,follower,2025-08
2025-08-30 20:21:25,follower,2025-08
2025-08-30 19:22:57,follower,2025-08
2025-08-30 18:30:44,follower,2025-08
2025-08-30 18:05:46,follower,2025-08
2025-08-30 17:42:41,follower,2025-08
2025-08-30 17:11:35,follower,2025-08
2025-08-30 17:03:02,follower,2025-08
2025-08-30 16:54:12,follower,2025-08
2025-08-30 16:21:28,follower,2025-08
2025-08-30 16:10:29,follower,2025-08
2025-08-30 14:35:39,follower,2025-08
2025-08-30 14:29:12,follower,2025-08
2025-08-30 14:07:40,follower,2025-08
2025-08-30 13:36:52,follower,2025-08
2025-08-30 13:20:20,follower,2025-08
2025-08-30 13:08:41,follower,2025-08
2025-08-30 12:46:02,follower,2025-08
2025-08-30 12:42:23,follower,2025-08
2025-08-30 12:38:15,follower,2025-08
2025-08-30 12:22:54,follower,2025-08
2025-08-30 12:04:40,follower,2025-08
2025-08-30 11:49:22,follower,2025-08
2025-08-30 11:48:31,follower,2025-08
2025-08-30 11:28:50,follower,2025-08
2025-08-30 11:26:01,follower,2025-08
2025-08-30 11:22:37,follower,2025-08
2025-08-30 10:57:11,follower,2025-08
2025-08-30 10:56:06,follower,2025-08
2025-08-30 10:53:51,follower,2025-08
2025-08-30 10:49:16,follower,2025-08
2025-08-30 10:46:59,follower,2025-08
2025-08-30 10:34:04,follower,2025-08
2025-08-30 09:35:50,follower,2025-08
2025-08-30 09:17:40,follower,2025-08
2025-08-30 08:31:14,follower,2025-08
2025-08-30 04:00:35,follower,2025-08
2025-08-30 02:34:14,follower,2025-08
2025-08-30 02:23:03,follower,2025-08
2025-08-30 02:09:43,follower,2025-08
2025-08-30 01:33:53,follower,2025-08
2025-08-30 01:26:46,follower,2025-08
2025-08-30 01:23:25,follower,2025-08
2025-08-30 01:03:11,follower,2025-08
2025-08-29 23:54:13,follower,2025-08
2025-08-29 23:53:03,follower,2025-08
2025-08-29 23:41:25,follower,2025-08
2025-08-29 23:31:18,follower,2025-08
2025-08-29 23:00:53,follower,2025-08
2025-08-29 22:39:26,follower,2025-08
2025-08-29 22:34:11,follower,2025-08
2025-08-29 22:32:43,follower,2025-08
2025-08-29 21:48:25,follower,2025-08
2025-08-29 21:46:00,follower,2025-08
2025-08-29 21:36:44,follower,2025-08
2025-08-29 21:32:30,follower,2025-08
2025-08-29 21:24:03,follower,2025-08
2025-08-29 21:23:26,follower,2025-08
2025-08-29 21:21:59,follower,2025-08
2025-08-29 20:25:06,follower,2025-08
2025-08-29 20:13:53,follower,2025-08
2025-08-29 19:14:45,follower,2025-08
2025-08-29 19:04:17,follower,2025-08
2025-08-29 19:04:07,follower,2025-08
2025-08-29 18:12:54,follower,2025-08
2025-08-29 17:45:49,follower,2025-08
2025-08-29 17:31:41,follower,2025-08
2025-08-29 17:15:46,follower,2025-08
2025-08-29 17:11:46,follower,2025-08
2025-08-29 16:12:04,follower,2025-08
2025-08-29 14:53:13,follower,2025-08
2025-08-29 14:19:12,follower,2025-08
2025-08-29 14:18:36,follower,2025-08
2025-08-29 14:00:04,follower,2025-08
2025-08-29 13:55:53,follower,2025-08
2025-08-29 13:29:06,follower,2025-08
2025-08-29 12:58:20,follower,2025-08
2025-08-29 12:43:30,follower,2025-08
2025-08-29 11:55:55,follower,2025-08
2025-08-29 11:50:00,follower,2025-08
2025-08-29 11:45:22,follower,2025-08
2025-08-29 11:34:43,follower,2025-08
2025-08-29 10:17:15,follower,2025-08
2025-08-29 09:58:22,follower,2025-08
2025-08-29 09:20:07,follower,2025-08
2025-08-29 08:56:42,follower,2025-08
2025-08-29 08:21:48,follower,2025-08
2025-08-29 05:03:58,follower,2025-08
2025-08-29 04:53:46,follower,2025-08
2025-08-29 04:44:21,follower,2025-08
2025-08-29 03:43:24,follower,2025-08
2025-08-29 03:06:06,follower,2025-08
2025-08-29 02:53:12,follower,2025-08
2025-08-29 02:08:00,follower,2025-08
2025-08-29 01:19:22,follower,2025-08
2025-08-29 01:12:37,follower,2025-08
2025-08-29 00:48:04,follower,2025-08
2025-08-29 00:46:38,follower,2025-08
2025-08-29 00:28:17,follower,2025-08
2025-08-29 00:08:20,follower,2025-08
2025-08-28 23:42:27,follower,2025-08
2025-08-28 23:34:57,follower,2025-08
2025-08-28 23:28:35,follower,2025-08
2025-08-28 23:21:23,follower,2025-08
2025-08-28 23:17:11,follower,2025-08
2025-08-28 23:16:59,follower,2025-08
2025-08-28 23:03:06,follower,2025-08
2025-08-28 23:00:21,follower,2025-08
2025-08-28 22:53:07,follower,2025-08
2025-08-28 22:34:50,follower,2025-08
2025-08-28 21:50:11,follower,2025-08
2025-08-28 21:25:53,follower,2025-08
2025-08-28 21:14:24,follower,2025-08
2025-08-28 20:34:10,follower,2025-08
2025-08-28 20:29:50,follower,2025-08
2025-08-28 19:54:41,follower,2025-08
2025-08-28 19:53:11,follower,2025-08
2025-08-28 19:32:58,follower,2025-08
2025-08-28 19:20:13,follower,2025-08
2025-08-28 19:16:13,follower,2025-08
2025-08-28 18:03:54,follower,2025-08
2025-08-28 17:20:43,follower,2025-08
2025-08-28 16:34:39,follower,2025-08
2025-08-28 16:27:16,follower,2025-08
2025-08-28 16:08:43,follower,2025-08
2025-08-28 16:08:38,follower,2025-08
2025-08-28 15:53:31,follower,2025-08
2025-08-28 15:51:04,follower,2025-08
2025-08-28 15:43:44,follower,2025-08
2025-08-28 15:39:06,follower,2025-08
2025-08-28 15:27:12,follower,2025-08
2025-08-28 15:22:40,follower,2025-08
2025-08-28 14:50:36,follower,2025-08
2025-08-28 14:43:57,follower,2025-08
2025-08-28 14:43:41,follower,2025-08
2025-08-28 14:37:11,follower,2025-08
2025-08-28 13:58:19,follower,2025-08
2025-08-28 13:41:09,follower,2025-08
2025-08-28 13:32:55,follower,2025-08
2025-08-28 13:24:09,follower,2025-08
2025-08-28 13:12:57,follower,2025-08
2025-08-28 12:27:33,follower,2025-08
2025-08-28 11:52:13,follower,2025-08
2025-08-28 10:56:54,follower,2025-08
2025-08-28 10:45:53,follower,2025-08
2025-08-28 10:43:51,follower,2025-08
2025-08-28 10:01:42,follower,2025-08
2025-08-28 07:01:52,follower,2025-08
2025-08-28 06:52:44,follower,2025-08
2025-08-28 06:51:00,follower,2025-08
2025-08-28 06:38:27,follower,2025-08
2025-08-28 03:58:18,follower,2025-08
2025-08-28 03:07:44,follower,2025-08
2025-08-28 02:33:15,follower,2025-08
2025-08-28 02:18:31,follower,2025-08
2025-08-28 02:16:01,follower,2025-08
2025-08-28 02:15:00,follower,2025-08
2025-08-28 02:02:41,follower,2025-08
2025-08-28 01:15:21,follower,2025-08
2025-08-28 01:13:41,follower,2025-08
2025-08-28 01:00:34,follower,2025-08
2025-08-28 00:54:28,follower,2025-08
2025-08-28 00:44:17,follower,2025-08
2025-08-28 00:36:35,follower,2025-08
2025-08-28 00:26:04,follower,2025-08
2025-08-28 00:07:23,follower,2025-08
2025-08-27 23:55:26,follower,2025-08
2025-08-27 23:55:05,follower,2025-08
2025-08-27 23:48:16,follower,2025-08
2025-08-27 23:46:24,follower,2025-08
2025-08-27 23:42:22,follower,2025-08
2025-08-27 23:30:30,follower,2025-08
2025-08-27 23:20:12,follower,2025-08
2025-08-27 22:27:44,follower,2025-08
2025-08-27 22:00:48,follower,2025-08
2025-08-27 21:57:12,follower,2025-08
2025-08-27 21:54:32,follower,2025-08
2025-08-27 20:31:57,follower,2025-08
2025-08-27 20:29:43,follower,2025-08
2025-08-27 20:22:26,follower,2025-08
2025-08-27 20:22:08,follower,2025-08
2025-08-27 20:12:25,follower,2025-08
2025-08-27 19:44:44,follower,2025-08
2025-08-27 19:21:34,follower,2025-08
2025-08-27 19:20:10,follower,2025-08
2025-08-27 19:14:04,follower,2025-08
2025-08-27 19:01:35,follower,2025-08
2025-08-27 18:52:55,follower,2025-08
2025-08-27 18:46:16,follower,2025-08
2025-08-27 18:46:00,follower,2025-08
2025-08-27 18:44:56,follower,2025-08
2025-08-27 18:44:20,follower,2025-08
2025-08-27 18:42:00,follower,2025-08
2025-08-27 18:32:31,follower,2025-08
2025-08-27 18:13:44,follower,2025-08
2025-08-27 18:04:01,follower,2025-08
2025-08-27 18:03:51,follower,2025-08
2025-08-27 17:59:22,follower,2025-08
2025-08-27 17:34:16,follower,2025-08
2025-08-27 17:24:25,follower,2025-08
2025-08-27 16:55:21,follower,2025-08
2025-08-27 16:54:37,follower,2025-08
2025-08-27 16:33:16,follower,2025-08
2025-08-27 16:21:39,follower,2025-08
2025-08-27 16:21:24,follower,2025-08
2025-08-27 16:17:14,follower,2025-08
2025-08-27 16:10:49,follower,2025-08
2025-08-27 16:01:51,follower,2025-08
2025-08-27 15:58:03,follower,2025-08
2025-08-27 15:57:00,follower,2025-08
2025-08-27 15:52:26,follower,2025-08
2025-08-27 15:48:59,follower,2025-08
2025-08-27 15:48:01,follower,2025-08
2025-08-27 15:46:59,follower,2025-08
2025-08-27 15:23:02,follower,2025-08
2025-08-27 15:14:31,follower,2025-08
2025-08-27 15:07:54,follower,2025-08
2025-08-27 14:43:13,follower,2025-08
2025-08-27 13:51:58,follower,2025-08
2025-08-27 13:34:40,follower,2025-08
2025-08-27 13:28:10,follower,2025-08
2025-08-27 13:20:26,follower,2025-08
2025-08-27 13:12:16,follower,2025-08
2025-08-27 12:09:40,follower,2025-08
2025-08-27 11:23:04,follower,2025-08
2025-08-27 11:01:34,follower,2025-08
2025-08-27 10:12:43,follower,2025-08
2025-08-27 10:09:28,follower,2025-08
2025-08-27 09:44:59,follower,2025-08
2025-08-27 09:34:06,follower,2025-08
2025-08-27 09:30:49,follower,2025-08
2025-08-27 09:10:06,follower,2025-08
2025-08-27 07:56:17,follower,2025-08
2025-08-27 06:56:40,follower,2025-08
2025-08-27 06:49:29,follower,2025-08
2025-08-27 06:00:02,follower,2025-08
2025-08-27 04:31:38,follower,2025-08
2025-08-27 04:30:56,follower,2025-08
2025-08-27 04:22:22,follower,2025-08
2025-08-27 04:15:58,follower,2025-08
2025-08-27 03:36:36,follower,2025-08
2025-08-27 02:56:46,follower,2025-08
2025-08-27 02:52:04,follower,2025-08
2025-08-27 02:47:04,follower,2025-08
2025-08-27 02:32:17,follower,2025-08
2025-08-27 02:24:18,follower,2025-08
2025-08-27 02:23:22,follower,2025-08
2025-08-27 02:16:13,follower,2025-08
2025-08-27 02:07:59,follower,2025-08
2025-08-27 01:49:47,follower,2025-08
2025-08-27 01:41:14,follower,2025-08
2025-08-27 01:21:45,follower,2025-08
2025-08-27 01:16:56,follower,2025-08
2025-08-27 00:56:36,follower,2025-08
2025-08-27 00:50:15,follower,2025-08
2025-08-27 00:41:48,follower,2025-08
2025-08-27 00:38:08,follower,2025-08
2025-08-27 00:26:56,follower,2025-08
2025-08-27 00:07:06,follower,2025-08
2025-08-27 00:06:25,follower,2025-08
2025-08-26 23:23:49,follower,2025-08
2025-08-26 23:21:55,follower,2025-08
2025-08-26 23:19:54,follower,2025-08
2025-08-26 23:02:09,follower,2025-08
2025-08-26 22:55:36,follower,2025-08
2025-08-26 22:44:20,follower,2025-08
2025-08-26 22:40:44,follower,2025-08
2025-08-26 22:15:57,follower,2025-08
2025-08-26 22:08:56,follower,2025-08
2025-08-26 22:05:05,follower,2025-08
2025-08-26 22:02:00,follower,2025-08
2025-08-26 22:00:57,follower,2025-08
2025-08-26 21:55:29,follower,2025-08
2025-08-26 21:26:36,follower,2025-08
2025-08-26 21:20:56,follower,2025-08
2025-08-26 21:12:27,follower,2025-08
2025-08-26 20:34:26,follower,2025-08
2025-08-26 20:28:06,follower,2025-08
2025-08-26 20:24:18,follower,2025-08
2025-08-26 20:12:00,follower,2025-08
2025-08-26 20:04:30,follower,2025-08
2025-08-26 19:59:51,follower,2025-08
2025-08-26 19:57:05,follower,2025-08
2025-08-26 19:56:48,follower,2025-08
2025-08-26 19:34:12,follower,2025-08
2025-08-26 19:28:07,follower,2025-08
2025-08-26 19:23:16,follower,2025-08
2025-08-26 19:20:35,follower,2025-08
2025-08-26 19:13:14,follower,2025-08
2025-08-26 18:48:17,follower,2025-08
2025-08-26 18:45:36,follower,2025-08
2025-08-26 18:31:08,follower,2025-08
2025-08-26 18:22:39,follower,2025-08
2025-08-26 18:20:23,follower,2025-08
2025-08-26 18:11:41,follower,2025-08
2025-08-26 18:10:06,follower,2025-08
2025-08-26 18:04:26,follower,2025-08
2025-08-26 18:00:15,follower,2025-08
2025-08-26 17:26:21,follower,2025-08
2025-08-26 17:11:00,follower,2025-08
2025-08-26 16:48:57,follower,2025-08
2025-08-26 16:39:17,follower,2025-08
2025-08-26 16:31:06,follower,2025-08
2025-08-26 16:03:31,follower,2025-08
2025-08-26 15:54:35,follower,2025-08
2025-08-26 15:50:57,follower,2025-08
2025-08-26 15:29:57,follower,2025-08
2025-08-26 15:19:55,follower,2025-08
2025-08-26 15:18:59,follower,2025-08
2025-08-26 15:15:06,follower,2025-08
2025-08-26 15:09:00,follower,2025-08
2025-08-26 14:58:28,follower,2025-08
2025-08-26 14:45:57,follower,2025-08
2025-08-26 14:15:05,follower,2025-08
2025-08-26 14:09:40,follower,2025-08
2025-08-26 14:06:31,follower,2025-08
2025-08-26 13:50:54,follower,2025-08
2025-08-26 13:43:40,follower,2025-08
2025-08-26 13:39:35,follower,2025-08
2025-08-26 13:30:13,follower,2025-08
2025-08-26 13:04:02,follower,2025-08
2025-08-26 12:55:28,follower,2025-08
2025-08-26 12:48:17,follower,2025-08
2025-08-26 12:38:41,follower,2025-08
2025-08-26 12:32:28,follower,2025-08
2025-08-26 12:18:54,follower,2025-08
2025-08-26 12:13:31,follower,2025-08
2025-08-26 12:08:44,follower,2025-08
2025-08-26 11:57:18,follower,2025-08
2025-08-26 11:42:23,follower,2025-08
2025-08-26 11:15:58,follower,2025-08
2025-08-26 11:08:27,follower,2025-08
2025-08-26 11:06:40,follower,2025-08
2025-08-26 11:02:04,follower,2025-08
2025-08-26 10:34:44,follower,2025-08
2025-08-26 10:31:01,follower,2025-08
2025-08-26 10:15:45,follower,2025-08
2025-08-26 10:11:31,follower,2025-08
2025-08-26 10:09:52,follower,2025-08
2025-08-26 09:26:52,follower,2025-08
2025-08-26 09:26:25,follower,2025-08
2025-08-26 08:34:15,follower,2025-08
2025-08-26 08:33:08,follower,2025-08
2025-08-26 08:07:39,follower,2025-08
2025-08-26 08:02:14,follower,2025-08
2025-08-26 07:58:58,follower,2025-08
2025-08-26 07:57:53,follower,2025-08
2025-08-26 07:40:34,follower,2025-08
2025-08-26 06:49:03,follower,2025-08
2025-08-26 06:09:06,follower,2025-08
2025-08-26 03:24:56,follower,2025-08
2025-08-26 03:06:07,follower,2025-08
2025-08-26 03:04:00,follower,2025-08
2025-08-26 02:30:53,follower,2025-08
2025-08-26 02:16:56,follower,2025-08
2025-08-26 02:08:35,follower,2025-08
2025-08-26 01:58:53,follower,2025-08
2025-08-26 01:51:21,follower,2025-08
2025-08-26 01:47:57,follower,2025-08
2025-08-26 01:46:47,follower,2025-08
2025-08-26 01:39:59,follower,2025-08
2025-08-26 01:35:21,follower,2025-08
2025-08-26 01:18:30,follower,2025-08
2025-08-26 01:05:48,follower,2025-08
2025-08-26 00:24:25,follower,2025-08
2025-08-26 00:21:23,follower,2025-08
2025-08-26 00:11:44,follower,2025-08
2025-08-26 00:04:52,follower,2025-08
2025-08-25 23:56:16,follower,2025-08
2025-08-25 23:53:57,follower,2025-08
2025-08-25 23:27:52,follower,2025-08
2025-08-25 23:22:48,follower,2025-08
2025-08-25 23:21:24,follower,2025-08
2025-08-25 23:20:07,follower,2025-08
2025-08-25 23:08:27,follower,2025-08
2025-08-25 22:39:58,follower,2025-08
2025-08-25 22:19:54,follower,2025-08
2025-08-25 21:54:18,follower,2025-08
2025-08-25 21:46:14,follower,2025-08
2025-08-25 21:33:06,follower,2025-08
2025-08-25 21:10:45,follower,2025-08
2025-08-25 21:08:15,follower,2025-08
2025-08-25 21:06:34,follower,2025-08
2025-08-25 21:02:12,follower,2025-08
2025-08-25 20:51:39,follower,2025-08
2025-08-25 20:39:48,follower,2025-08
2025-08-25 20:37:07,follower,2025-08
2025-08-25 20:11:56,follower,2025-08
2025-08-25 20:05:09,follower,2025-08
2025-08-25 19:54:38,follower,2025-08
2025-08-25 19:33:28,follower,2025-08
2025-08-25 19:30:52,follower,2025-08
2025-08-25 19:28:02,follower,2025-08
2025-08-25 19:24:36,follower,2025-08
2025-08-25 19:21:53,follower,2025-08
2025-08-25 19:15:16,follower,2025-08
2025-08-25 18:53:16,follower,2025-08
2025-08-25 18:49:44,follower,2025-08
2025-08-25 18:31:38,follower,2025-08
2025-08-25 18:26:31,follower,2025-08
2025-08-25 18:19:44,follower,2025-08
2025-08-25 18:14:35,follower,2025-08
2025-08-25 18:13:42,follower,2025-08
2025-08-25 18:12:49,follower,2025-08
2025-08-25 18:09:27,follower,2025-08
2025-08-25 18:02:39,follower,2025-08
2025-08-25 17:38:56,follower,2025-08
2025-08-25 17:36:55,follower,2025-08
2025-08-25 17:34:35,follower,2025-08
2025-08-25 17:22:43,follower,2025-08
2025-08-25 17:20:44,follower,2025-08
2025-08-25 17:13:20,follower,2025-08
2025-08-25 17:12:26,follower,2025-08
2025-08-25 17:09:21,follower,2025-08
2025-08-25 17:07:22,follower,2025-08
2025-08-25 16:00:46,follower,2025-08
2025-08-25 15:39:41,follower,2025-08
2025-08-25 15:16:06,follower,2025-08
2025-08-25 15:14:57,follower,2025-08
2025-08-25 14:57:33,follower,2025-08
2025-08-25 14:57:11,follower,2025-08
2025-08-25 14:52:19,follower,2025-08
2025-08-25 14:48:34,follower,2025-08
2025-08-25 14:39:34,follower,2025-08
2025-08-25 14:36:49,follower,2025-08
2025-08-25 14:22:27,follower,2025-08
2025-08-25 14:18:16,follower,2025-08
2025-08-25 14:07:31,follower,2025-08
2025-08-25 13:36:36,follower,2025-08
2025-08-25 13:34:17,follower,2025-08
2025-08-25 13:24:16,follower,2025-08
2025-08-25 12:25:55,follower,2025-08
2025-08-25 12:23:44,follower,2025-08
2025-08-25 12:11:54,follower,2025-08
2025-08-25 12:10:57,follower,2025-08
2025-08-25 12:08:06,follower,2025-08
2025-08-25 11:39:58,follower,2025-08
2025-08-25 11:27:55,follower,2025-08
2025-08-25 11:09:57,follower,2025-08
2025-08-25 10:56:27,follower,2025-08
2025-08-25 10:43:03,follower,2025-08
2025-08-25 10:37:19,follower,2025-08
2025-08-25 10:25:44,follower,2025-08
2025-08-25 10:13:06,follower,2025-08
2025-08-25 09:54:04,follower,2025-08
2025-08-25 09:53:14,follower,2025-08
2025-08-25 09:52:32,follower,2025-08
2025-08-25 09:51:01,follower,2025-08
2025-08-25 09:35:02,follower,2025-08
2025-08-25 09:25:19,follower,2025-08
2025-08-25 09:10:33,follower,2025-08
2025-08-25 09:09:15,follower,2025-08
2025-08-25 09:05:06,follower,2025-08
2025-08-25 08:43:43,follower,2025-08
2025-08-25 08:32:43,follower,2025-08
2025-08-25 08:14:14,follower,2025-08
2025-08-25 08:12:27,follower,2025-08
2025-08-25 08:08:09,follower,2025-08
2025-08-25 07:25:40,follower,2025-08
2025-08-25 06:52:29,follower,2025-08
2025-08-25 06:34:32,follower,2025-08
2025-08-25 05:55:29,follower,2025-08
2025-08-25 05:19:30,follower,2025-08
2025-08-25 04:05:37,follower,2025-08
2025-08-25 04:00:33,follower,2025-08
2025-08-25 03:48:10,follower,2025-08
2025-08-25 03:46:56,follower,2025-08
2025-08-25 03:41:25,follower,2025-08
2025-08-25 03:06:49,follower,2025-08
2025-08-25 02:54:32,follower,2025-08
2025-08-25 02:46:33,follower,2025-08
2025-08-25 02:15:18,follower,2025-08
2025-08-25 02:03:10,follower,2025-08
2025-08-25 01:32:51,follower,2025-08
2025-08-25 01:31:14,follower,2025-08
2025-08-25 01:27:00,follower,2025-08
2025-08-25 01:14:44,follower,2025-08
2025-08-25 01:11:55,follower,2025-08
2025-08-25 01:05:51,follower,2025-08
2025-08-25 00:59:23,follower,2025-08
2025-08-25 00:55:09,follower,2025-08
2025-08-25 00:37:03,follower,2025-08
2025-08-25 00:31:06,follower,2025-08
2025-08-25 00:28:13,follower,2025-08
2025-08-25 00:28:10,follower,2025-08
2025-08-25 00:24:17,follower,2025-08
2025-08-25 00:15:02,follower,2025-08
2025-08-25 00:14:50,follower,2025-08
2025-08-25 00:03:16,follower,2025-08
2025-08-24 23:59:28,follower,2025-08
2025-08-24 23:59:03,follower,2025-08
2025-08-24 23:51:21,follower,2025-08
2025-08-24 23:49:53,follower,2025-08
2025-08-24 23:45:56,follower,2025-08
2025-08-24 23:36:12,follower,2025-08
2025-08-24 23:35:58,follower,2025-08
2025-08-24 23:04:52,follower,2025-08
2025-08-24 23:04:46,follower,2025-08
2025-08-24 22:36:12,follower,2025-08
2025-08-24 22:25:17,follower,2025-08
2025-08-24 22:16:10,follower,2025-08
2025-08-24 22:04:23,follower,2025-08
2025-08-24 22:01:46,follower,2025-08
2025-08-24 21:45:22,follower,2025-08
2025-08-24 21:40:10,follower,2025-08
2025-08-24 21:35:03,follower,2025-08
2025-08-24 21:34:04,follower,2025-08
2025-08-24 21:31:57,follower,2025-08
2025-08-24 21:31:24,follower,2025-08
2025-08-24 21:13:51,follower,2025-08
2025-08-24 20:56:06,follower,2025-08
2025-08-24 20:51:14,follower,2025-08
2025-08-24 20:35:15,follower,2025-08
2025-08-24 20:34:12,follower,2025-08
2025-08-24 20:32:38,follower,2025-08
2025-08-24 20:32:36,follower,2025-08
2025-08-24 20:31:39,follower,2025-08
2025-08-24 20:24:57,follower,2025-08
2025-08-24 20:17:48,follower,2025-08
2025-08-24 20:02:54,follower,2025-08
2025-08-24 19:51:30,follower,2025-08
2025-08-24 19:51:16,follower,2025-08
2025-08-24 19:49:38,follower,2025-08
2025-08-24 19:25:18,follower,2025-08
2025-08-24 19:24:06,follower,2025-08
2025-08-24 19:18:31,follower,2025-08
2025-08-24 19:12:10,follower,2025-08
2025-08-24 19:09:08,follower,2025-08
2025-08-24 18:47:19,follower,2025-08
2025-08-24 18:42:36,follower,2025-08
2025-08-24 18:40:18,follower,2025-08
2025-08-24 18:35:28,follower,2025-08
2025-08-24 18:34:58,follower,2025-08
2025-08-24 18:24:05,follower,2025-08
2025-08-24 18:20:45,follower,2025-08
2025-08-24 18:15:49,follower,2025-08
2025-08-24 18:13:52,follower,2025-08
2025-08-24 18:02:21,follower,2025-08
2025-08-24 18:02:09,follower,2025-08
2025-08-24 18:01:48,follower,2025-08
2025-08-24 17:56:22,follower,2025-08
2025-08-24 17:52:50,follower,2025-08
2025-08-24 17:51:25,follower,2025-08
2025-08-24 17:49:18,follower,2025-08
2025-08-24 17:43:19,follower,2025-08
2025-08-24 17:42:43,follower,2025-08
2025-08-24 17:37:50,follower,2025-08
2025-08-24 17:33:19,follower,2025-08
2025-08-24 17:30:53,follower,2025-08
2025-08-24 17:26:04,follower,2025-08
2025-08-24 17:15:03,follower,2025-08
2025-08-24 17:14:28,follower,2025-08
2025-08-24 17:11:33,follower,2025-08
2025-08-24 17:09:06,follower,2025-08
2025-08-24 17:05:02,follower,2025-08
2025-08-24 16:49:54,follower,2025-08
2025-08-24 16:45:56,follower,2025-08
2025-08-24 16:31:54,follower,2025-08
2025-08-24 16:25:09,follower,2025-08
2025-08-24 16:14:19,follower,2025-08
2025-08-24 15:55:24,follower,2025-08
2025-08-24 15:53:22,follower,2025-08
2025-08-24 15:52:08,follower,2025-08
2025-08-24 15:50:44,follower,2025-08
2025-08-24 15:39:51,follower,2025-08
2025-08-24 15:37:01,follower,2025-08
2025-08-24 15:33:07,follower,2025-08
2025-08-24 15:30:06,follower,2025-08
2025-08-24 15:27:59,follower,2025-08
2025-08-24 15:27:43,follower,2025-08
2025-08-24 15:25:40,follower,2025-08
2025-08-24 15:23:47,follower,2025-08
2025-08-24 15:20:23,follower,2025-08
2025-08-24 15:08:52,follower,2025-08
2025-08-24 15:03:40,follower,2025-08
2025-08-24 14:53:47,follower,2025-08
2025-08-24 14:43:17,follower,2025-08
2025-08-24 14:39:19,follower,2025-08
2025-08-24 14:38:07,follower,2025-08
2025-08-24 14:36:49,follower,2025-08
2025-08-24 14:35:37,follower,2025-08
2025-08-24 14:10:00,follower,2025-08
2025-08-24 14:04:06,follower,2025-08
2025-08-24 13:57:47,follower,2025-08
2025-08-24 13:31:50,follower,2025-08
2025-08-24 13:31:31,follower,2025-08
2025-08-24 13:17:27,follower,2025-08
2025-08-24 13:07:57,follower,2025-08
2025-08-24 12:57:05,follower,2025-08
2025-08-24 12:56:38,follower,2025-08
2025-08-24 12:55:26,follower,2025-08
2025-08-24 12:54:00,follower,2025-08
2025-08-24 12:44:05,follower,2025-08
2025-08-24 12:37:28,follower,2025-08
2025-08-24 12:36:19,follower,2025-08
2025-08-24 12:20:46,follower,2025-08
2025-08-24 12:15:30,follower,2025-08
2025-08-24 12:08:55,follower,2025-08
2025-08-24 11:46:33,follower,2025-08
2025-08-24 11:40:30,follower,2025-08
2025-08-24 11:39:44,follower,2025-08
2025-08-24 11:39:41,follower,2025-08
2025-08-24 11:36:41,follower,2025-08
2025-08-24 11:34:04,follower,2025-08
2025-08-24 11:23:47,follower,2025-08
2025-08-24 11:12:12,follower,2025-08
2025-08-24 11:11:22,follower,2025-08
2025-08-24 11:10:44,follower,2025-08
2025-08-24 10:55:54,follower,2025-08
2025-08-24 10:51:52,follower,2025-08
2025-08-24 10:39:51,follower,2025-08
2025-08-24 10:38:41,follower,2025-08
2025-08-24 10:38:06,follower,2025-08
2025-08-24 10:30:51,follower,2025-08
2025-08-24 10:30:08,follower,2025-08
2025-08-24 10:28:18,follower,2025-08
2025-08-24 10:12:51,follower,2025-08
2025-08-24 10:12:32,follower,2025-08
2025-08-24 10:06:05,follower,2025-08
2025-08-24 10:00:27,follower,2025-08
2025-08-24 09:59:48,follower,2025-08
2025-08-24 09:56:58,follower,2025-08
2025-08-24 09:51:04,follower,2025-08
2025-08-24 09:47:21,follower,2025-08
2025-08-24 09:41:12,follower,2025-08
2025-08-24 09:20:26,follower,2025-08
2025-08-24 09:13:08,follower,2025-08
2025-08-24 09:06:34,follower,2025-08
2025-08-24 08:56:34,follower,2025-08
2025-08-24 08:40:50,follower,2025-08
2025-08-24 08:38:42,follower,2025-08
2025-08-24 08:37:02,follower,2025-08
2025-08-24 08:24:47,follower,2025-08
2025-08-24 08:22:49,follower,2025-08
2025-08-24 08:20:21,follower,2025-08
2025-08-24 08:10:36,follower,2025-08
2025-08-24 08:00:22,follower,2025-08
2025-08-24 07:31:29,follower,2025-08
2025-08-24 07:14:52,follower,2025-08
2025-08-24 07:04:58,follower,2025-08
2025-08-24 06:34:33,follower,2025-08
2025-08-24 06:31:42,follower,2025-08
2025-08-24 06:30:11,follower,2025-08
2025-08-24 06:19:33,follower,2025-08
2025-08-24 05:18:40,follower,2025-08
2025-08-24 05:17:25,follower,2025-08
2025-08-24 03:48:08,follower,2025-08
2025-08-24 03:24:21,follower,2025-08
2025-08-24 03:12:04,follower,2025-08
2025-08-24 03:09:09,follower,2025-08
2025-08-24 02:58:24,follower,2025-08
2025-08-24 02:50:28,follower,2025-08
2025-08-24 02:45:14,follower,2025-08
2025-08-24 02:42:20,follower,2025-08
2025-08-24 02:37:40,follower,2025-08
2025-08-24 02:32:46,follower,2025-08
2025-08-24 02:22:21,follower,2025-08
2025-08-24 02:12:42,follower,2025-08
2025-08-24 01:55:37,follower,2025-08
2025-08-24 01:24:29,follower,2025-08
2025-08-24 01:19:39,follower,2025-08
2025-08-24 01:11:06,follower,2025-08
2025-08-24 01:07:09,follower,2025-08
2025-08-24 01:01:31,follower,2025-08
2025-08-24 00:53:57,follower,2025-08
2025-08-24 00:43:50,follower,2025-08
2025-08-24 00:41:28,follower,2025-08
2025-08-24 00:38:56,follower,2025-08
2025-08-24 00:38:44,follower,2025-08
2025-08-24 00:35:06,follower,2025-08
2025-08-24 00:29:38,follower,2025-08
2025-08-24 00:19:31,follower,2025-08
2025-08-24 00:14:32,follower,2025-08
2025-08-24 00:12:39,follower,2025-08
2025-08-24 00:11:55,follower,2025-08
2025-08-24 00:05:35,follower,2025-08
2025-08-24 00:04:21,follower,2025-08
2025-08-24 00:03:32,follower,2025-08
2025-08-23 23:52:19,follower,2025-08
2025-08-23 23:48:54,follower,2025-08
2025-08-23 23:47:25,follower,2025-08
2025-08-23 23:46:24,follower,2025-08
2025-08-23 23:40:42,follower,2025-08
2025-08-23 23:32:46,follower,2025-08
2025-08-23 23:30:26,follower,2025-08
2025-08-23 23:29:02,follower,2025-08
2025-08-23 23:26:11,follower,2025-08
2025-08-23 23:25:19,follower,2025-08
2025-08-23 23:12:24,follower,2025-08
2025-08-23 23:10:44,follower,2025-08
2025-08-23 23:04:38,follower,2025-08
2025-08-23 23:04:18,follower,2025-08
2025-08-23 23:03:59,follower,2025-08
2025-08-23 22:53:28,follower,2025-08
2025-08-23 22:43:19,follower,2025-08
2025-08-23 22:40:10,follower,2025-08
2025-08-23 22:33:32,follower,2025-08
2025-08-23 22:32:37,follower,2025-08
2025-08-23 22:29:07,follower,2025-08
2025-08-23 22:25:55,follower,2025-08
2025-08-23 22:21:16,follower,2025-08
2025-08-23 22:21:06,follower,2025-08
2025-08-23 22:19:20,follower,2025-08
2025-08-23 22:16:03,follower,2025-08
2025-08-23 22:10:09,follower,2025-08
2025-08-23 22:05:23,follower,2025-08
2025-08-23 22:04:15,follower,2025-08
2025-08-23 22:00:30,follower,2025-08
2025-08-23 21:57:46,follower,2025-08
2025-08-23 21:55:25,follower,2025-08
2025-08-23 21:52:33,follower,2025-08
2025-08-23 21:52:18,follower,2025-08
2025-08-23 21:48:57,follower,2025-08
2025-08-23 21:48:04,follower,2025-08
2025-08-23 21:43:42,follower,2025-08
2025-08-23 21:39:17,follower,2025-08
2025-08-23 21:30:08,follower,2025-08
2025-08-23 21:21:53,follower,2025-08
2025-08-23 21:18:23,follower,2025-08
2025-08-23 21:17:57,follower,2025-08
2025-08-23 21:09:21,follower,2025-08
2025-08-23 21:03:10,follower,2025-08
2025-08-23 21:02:52,follower,2025-08
2025-08-23 20:59:57,follower,2025-08
2025-08-23 20:55:26,follower,2025-08
2025-08-23 20:53:59,follower,2025-08
2025-08-23 20:53:44,follower,2025-08
2025-08-23 20:46:32,follower,2025-08
2025-08-23 20:45:45,follower,2025-08
2025-08-23 20:38:53,follower,2025-08
2025-08-23 20:26:01,follower,2025-08
2025-08-23 20:19:58,follower,2025-08
2025-08-23 20:17:50,follower,2025-08
2025-08-23 20:08:08,follower,2025-08
2025-08-23 20:06:51,follower,2025-08
2025-08-23 20:06:29,follower,2025-08
2025-08-23 20:04:51,follower,2025-08
2025-08-23 19:33:08,follower,2025-08
2025-08-23 19:27:21,follower,2025-08
2025-08-23 19:26:58,follower,2025-08
2025-08-23 19:14:12,follower,2025-08
2025-08-23 19:11:07,follower,2025-08
2025-08-23 19:07:37,follower,2025-08
2025-08-23 19:02:41,follower,2025-08
2025-08-23 18:55:29,follower,2025-08
2025-08-23 18:45:06,follower,2025-08
2025-08-23 17:53:20,follower,2025-08
2025-08-23 17:47:31,follower,2025-08
2025-08-23 17:46:58,follower,2025-08
2025-08-23 17:46:06,follower,2025-08
2025-08-23 17:45:23,follower,2025-08
2025-08-23 17:43:17,follower,2025-08
2025-08-23 17:39:48,follower,2025-08
2025-08-23 17:34:14,follower,2025-08
2025-08-23 17:29:50,follower,2025-08
2025-08-23 17:22:18,follower,2025-08
2025-08-23 17:09:20,follower,2025-08
2025-08-23 17:05:25,follower,2025-08
2025-08-23 17:03:51,follower,2025-08
2025-08-23 17:02:33,follower,2025-08
2025-08-23 17:01:51,follower,2025-08
2025-08-23 16:50:36,follower,2025-08
2025-08-23 16:30:17,follower,2025-08
2025-08-23 16:23:59,follower,2025-08
2025-08-23 16:14:04,follower,2025-08
2025-08-23 16:13:33,follower,2025-08
2025-08-23 16:07:08,follower,2025-08
2025-08-23 15:47:43,follower,2025-08
2025-08-23 15:36:32,follower,2025-08
2025-08-23 15:33:48,follower,2025-08
2025-08-23 15:32:11,follower,2025-08
2025-08-23 15:19:36,follower,2025-08
2025-08-23 15:17:36,follower,2025-08
2025-08-23 15:14:54,follower,2025-08
2025-08-23 15:11:04,follower,2025-08
2025-08-23 15:07:38,follower,2025-08
2025-08-23 14:59:33,follower,2025-08
2025-08-23 14:43:17,follower,2025-08
2025-08-23 14:39:44,follower,2025-08
2025-08-23 14:31:46,follower,2025-08
2025-08-23 14:27:29,follower,2025-08
2025-08-23 14:18:50,follower,2025-08
2025-08-23 14:04:42,follower,2025-08
2025-08-23 13:53:30,follower,2025-08
2025-08-23 13:53:02,follower,2025-08
2025-08-23 13:49:57,follower,2025-08
2025-08-23 13:43:55,follower,2025-08
2025-08-23 13:37:15,follower,2025-08
2025-08-23 13:30:33,follower,2025-08
2025-08-23 13:26:56,follower,2025-08
2025-08-23 12:50:17,follower,2025-08
2025-08-23 12:45:15,follower,2025-08
2025-08-23 12:29:16,follower,2025-08
2025-08-23 12:24:36,follower,2025-08
2025-08-23 12:22:37,follower,2025-08
2025-08-23 12:06:56,follower,2025-08
2025-08-23 12:02:04,follower,2025-08
2025-08-23 11:52:10,follower,2025-08
2025-08-23 11:47:14,follower,2025-08
2025-08-23 11:42:16,follower,2025-08
2025-08-23 11:42:03,follower,2025-08
2025-08-23 11:38:04,follower,2025-08
2025-08-23 11:30:41,follower,2025-08
2025-08-23 11:26:20,follower,2025-08
2025-08-23 11:25:51,follower,2025-08
2025-08-23 11:21:43,follower,2025-08
2025-08-23 11:12:38,follower,2025-08
2025-08-23 10:55:59,follower,2025-08
2025-08-23 10:52:37,follower,2025-08
2025-08-23 10:50:46,follower,2025-08
2025-08-23 10:50:32,follower,2025-08
2025-08-23 10:44:56,follower,2025-08
2025-08-23 10:36:44,follower,2025-08
2025-08-23 10:30:21,follower,2025-08
2025-08-23 10:19:10,follower,2025-08
2025-08-23 10:14:24,follower,2025-08
2025-08-23 10:04:11,follower,2025-08
2025-08-23 09:38:29,follower,2025-08
2025-08-23 09:21:52,follower,2025-08
2025-08-23 09:09:19,follower,2025-08
2025-08-23 08:43:57,follower,2025-08
2025-08-23 07:45:20,follower,2025-08
2025-08-23 07:41:53,follower,2025-08
2025-08-23 07:34:20,follower,2025-08
2025-08-23 07:04:50,follower,2025-08
2025-08-23 07:04:15,follower,2025-08
2025-08-23 06:50:25,follower,2025-08
2025-08-23 06:31:22,follower,2025-08
2025-08-23 05:31:27,follower,2025-08
2025-08-23 05:02:18,follower,2025-08
2025-08-23 03:58:22,follower,2025-08
2025-08-23 03:32:47,follower,2025-08
2025-08-23 03:28:30,follower,2025-08
2025-08-23 02:42:20,follower,2025-08
2025-08-23 02:40:45,follower,2025-08
2025-08-23 02:15:48,follower,2025-08
2025-08-23 02:01:00,follower,2025-08
2025-08-23 01:37:34,follower,2025-08
2025-08-23 01:33:08,follower,2025-08
2025-08-23 01:26:57,follower,2025-08
2025-08-23 01:22:39,follower,2025-08
2025-08-23 01:22:29,follower,2025-08
2025-08-23 01:13:04,follower,2025-08
2025-08-23 01:08:19,follower,2025-08
2025-08-23 01:02:55,follower,2025-08
2025-08-23 00:54:35,follower,2025-08
2025-08-23 00:43:10,follower,2025-08
2025-08-23 00:30:04,follower,2025-08
2025-08-23 00:22:03,follower,2025-08
2025-08-23 00:15:06,follower,2025-08
2025-08-23 00:09:24,follower,2025-08
2025-08-23 00:08:25,follower,2025-08
2025-08-22 23:55:48,follower,2025-08
2025-08-22 23:08:43,follower,2025-08
2025-08-22 23:02:12,follower,2025-08
2025-08-22 22:56:10,follower,2025-08
2025-08-22 22:40:07,follower,2025-08
2025-08-22 22:37:26,follower,2025-08
2025-08-22 22:30:56,follower,2025-08
2025-08-22 22:19:54,follower,2025-08
2025-08-22 22:14:38,follower,2025-08
2025-08-22 21:57:10,follower,2025-08
2025-08-22 21:39:12,follower,2025-08
2025-08-22 21:15:39,follower,2025-08
2025-08-22 21:04:16,follower,2025-08
2025-08-22 20:59:40,follower,2025-08
2025-08-22 20:49:19,follower,2025-08
2025-08-22 20:46:10,follower,2025-08
2025-08-22 20:33:21,follower,2025-08
2025-08-22 20:22:22,follower,2025-08
2025-08-22 20:04:51,follower,2025-08
2025-08-22 19:57:45,follower,2025-08
2025-08-22 19:51:50,follower,2025-08
2025-08-22 19:48:02,follower,2025-08
2025-08-22 19:26:54,follower,2025-08
2025-08-22 19:05:12,follower,2025-08
2025-08-22 18:52:29,follower,2025-08
2025-08-22 18:26:41,follower,2025-08
2025-08-22 16:56:27,follower,2025-08
2025-08-22 16:22:51,follower,2025-08
2025-08-22 16:17:57,follower,2025-08
2025-08-22 15:47:39,follower,2025-08
2025-08-22 15:42:07,follower,2025-08
2025-08-22 13:02:54,follower,2025-08
2025-08-22 12:50:14,follower,2025-08
2025-08-22 12:46:13,follower,2025-08
2025-08-22 10:39:34,follower,2025-08
2025-08-22 09:25:32,follower,2025-08
2025-08-22 02:22:12,follower,2025-08
2025-08-22 02:06:59,follower,2025-08
2025-08-22 00:38:36,follower,2025-08
2025-08-22 00:08:23,follower,2025-08
2025-08-21 20:10:03,follower,2025-08
2025-08-21 19:45:37,follower,2025-08
2025-08-21 18:34:35,follower,2025-08
2025-08-21 17:52:59,follower,2025-08
2025-08-21 17:19:27,follower,2025-08
2025-08-21 14:18:44,follower,2025-08
2025-08-21 14:13:08,follower,2025-08
2025-08-21 13:56:22,follower,2025-08
2025-08-21 13:42:14,follower,2025-08
2025-08-21 13:37:27,follower,2025-08
2025-08-21 13:25:39,follower,2025-08
2025-08-21 12:51:32,follower,2025-08
2025-08-21 10:35:11,follower,2025-08
2025-08-21 10:11:34,follower,2025-08
2025-08-21 07:24:20,follower,2025-08
2025-08-21 01:15:32,follower,2025-08
2025-08-20 23:54:37,follower,2025-08
2025-08-20 23:49:44,follower,2025-08
2025-08-20 23:13:26,follower,2025-08
2025-08-20 17:34:06,follower,2025-08
2025-08-20 15:29:19,follower,2025-08
2025-08-20 15:29:15,follower,2025-08
2025-08-20 14:24:16,follower,2025-08
2025-08-20 13:20:54,follower,2025-08
2025-08-20 08:24:34,follower,2025-08
2025-08-20 07:30:16,follower,2025-08
2025-08-20 06:13:57,follower,2025-08
2025-08-20 03:48:56,follower,2025-08
2025-08-20 00:36:28,follower,2025-08
2025-08-19 22:37:45,follower,2025-08
2025-08-19 21:56:04,follower,2025-08
2025-08-19 19:44:31,follower,2025-08
2025-08-19 15:14:57,follower,2025-08
2025-08-19 13:41:53,follower,2025-08
2025-08-19 13:40:10,follower,2025-08
2025-08-19 13:14:06,follower,2025-08
2025-08-19 11:34:34,follower,2025-08
2025-08-19 09:17:26,follower,2025-08
2025-08-19 08:03:56,follower,2025-08
2025-08-19 05:47:39,follower,2025-08
2025-08-19 03:20:07,follower,2025-08
2025-08-19 01:23:07,follower,2025-08
2025-08-19 01:21:43,follower,2025-08
2025-08-19 00:30:28,follower,2025-08
2025-08-19 00:21:45,follower,2025-08
2025-08-19 00:02:58,follower,2025-08
2025-08-18 20:47:07,follower,2025-08
2025-08-18 20:24:13,follower,2025-08
2025-08-18 20:16:23,follower,2025-08
2025-08-18 20:08:16,follower,2025-08
2025-08-18 19:34:48,follower,2025-08
2025-08-18 19:33:19,follower,2025-08
2025-08-18 19:04:10,follower,2025-08
2025-08-18 18:10:50,follower,2025-08
2025-08-18 18:04:59,follower,2025-08
2025-08-18 17:57:29,follower,2025-08
2025-08-18 17:29:20,follower,2025-08
2025-08-18 17:23:49,follower,2025-08
2025-08-18 17:05:20,follower,2025-08
2025-08-18 15:07:30,follower,2025-08
2025-08-18 14:35:53,follower,2025-08
2025-08-18 14:09:49,follower,2025-08
2025-08-18 11:22:30,follower,2025-08
2025-08-18 11:01:24,follower,2025-08
2025-08-18 10:43:27,follower,2025-08
2025-08-18 08:18:17,follower,2025-08
2025-08-18 05:40:40,follower,2025-08
2025-08-18 04:55:40,follower,2025-08
2025-08-18 03:43:15,follower,2025-08
2025-08-18 01:22:45,follower,2025-08
2025-08-18 01:15:13,follower,2025-08
2025-08-18 00:58:41,follower,2025-08
2025-08-18 00:19:13,follower,2025-08
2025-08-17 23:48:01,follower,2025-08
2025-08-17 22:56:33,follower,2025-08
2025-08-17 22:39:45,follower,2025-08
2025-08-17 21:22:37,follower,2025-08
2025-08-17 20:59:19,follower,2025-08
2025-08-17 20:44:27,follower,2025-08
2025-08-17 20:30:33,follower,2025-08
2025-08-17 20:26:43,follower,2025-08
2025-08-17 18:42:18,follower,2025-08
2025-08-17 18:41:31,follower,2025-08
2025-08-17 18:11:33,follower,2025-08
2025-08-17 16:34:13,follower,2025-08
2025-08-17 16:07:06,follower,2025-08
2025-08-17 15:53:09,follower,2025-08
2025-08-17 15:43:46,follower,2025-08
2025-08-17 14:40:27,follower,2025-08
2025-08-17 14:09:40,follower,2025-08
2025-08-17 12:37:04,follower,2025-08
2025-08-17 11:19:58,follower,2025-08
2025-08-17 10:59:05,follower,2025-08
2025-08-17 10:51:06,follower,2025-08
2025-08-17 08:55:37,follower,2025-08
2025-08-17 03:57:47,follower,2025-08
2025-08-17 02:12:43,follower,2025-08
2025-08-17 01:31:41,follower,2025-08
2025-08-17 00:15:40,follower,2025-08
2025-08-16 23:14:54,follower,2025-08
2025-08-16 22:33:27,follower,2025-08
2025-08-16 22:21:06,follower,2025-08
2025-08-16 21:46:24,follower,2025-08
2025-08-16 20:43:09,follower,2025-08
2025-08-16 20:02:24,follower,2025-08
2025-08-16 19:59:55,follower,2025-08
2025-08-16 18:11:13,follower,2025-08
2025-08-16 17:20:45,follower,2025-08
2025-08-16 17:05:51,follower,2025-08
2025-08-16 16:14:23,follower,2025-08
2025-08-16 14:59:39,follower,2025-08
2025-08-16 13:27:57,follower,2025-08
2025-08-16 12:42:59,follower,2025-08
2025-08-16 12:30:09,follower,2025-08
2025-08-16 11:46:51,follower,2025-08
2025-08-16 11:35:04,follower,2025-08
2025-08-16 11:31:35,follower,2025-08
2025-08-16 10:50:31,follower,2025-08
2025-08-16 10:32:23,follower,2025-08
2025-08-16 10:12:13,follower,2025-08
2025-08-16 08:59:56,follower,2025-08
2025-08-16 08:58:51,follower,2025-08
2025-08-16 08:10:40,follower,2025-08
2025-08-16 07:43:01,follower,2025-08
2025-08-16 06:52:41,follower,2025-08
2025-08-16 04:12:16,follower,2025-08
2025-08-16 02:27:15,follower,2025-08
2025-08-16 02:14:48,follower,2025-08
2025-08-16 01:35:54,follower,2025-08
2025-08-16 00:22:17,follower,2025-08
2025-08-15 23:30:45,follower,2025-08
2025-08-15 23:05:18,follower,2025-08
2025-08-15 22:55:23,follower,2025-08
2025-08-15 22:45:21,follower,2025-08
2025-08-15 20:46:59,follower,2025-08
2025-08-15 20:44:00,follower,2025-08
2025-08-15 20:39:16,follower,2025-08
2025-08-15 20:37:59,follower,2025-08
2025-08-15 19:32:56,follower,2025-08
2025-08-15 19:01:31,follower,2025-08
2025-08-15 18:50:53,follower,2025-08
2025-08-15 17:37:05,follower,2025-08
2025-08-15 16:39:03,follower,2025-08
2025-08-15 16:08:47,follower,2025-08
2025-08-15 15:51:05,follower,2025-08
2025-08-15 15:14:55,follower,2025-08
2025-08-15 15:01:26,follower,2025-08
2025-08-15 14:08:14,follower,2025-08
2025-08-15 14:04:24,follower,2025-08
2025-08-15 13:41:34,follower,2025-08
2025-08-15 12:21:29,follower,2025-08
2025-08-15 11:24:09,follower,2025-08
2025-08-15 10:23:17,follower,2025-08
2025-08-15 08:28:03,follower,2025-08
2025-08-15 08:13:24,follower,2025-08
2025-08-15 04:34:28,follower,2025-08
2025-08-15 04:27:37,follower,2025-08
2025-08-15 04:19:00,follower,2025-08
2025-08-15 03:04:46,follower,2025-08
2025-08-15 02:34:35,follower,2025-08
2025-08-15 00:31:52,follower,2025-08
2025-08-15 00:20:07,follower,2025-08
2025-08-14 23:22:33,follower,2025-08
2025-08-14 22:53:17,follower,2025-08
2025-08-14 21:48:45,follower,2025-08
2025-08-14 19:50:36,follower,2025-08
2025-08-14 17:38:36,follower,2025-08
2025-08-14 15:19:41,follower,2025-08
2025-08-14 15:03:17,follower,2025-08
2025-08-14 13:21:50,follower,2025-08
2025-08-14 12:37:42,follower,2025-08
2025-08-14 11:29:47,follower,2025-08
2025-08-14 11:06:55,follower,2025-08
2025-08-14 10:01:26,follower,2025-08
2025-08-14 02:57:40,follower,2025-08
2025-08-14 00:01:19,follower,2025-08
2025-08-13 23:41:45,follower,2025-08
2025-08-13 22:22:05,follower,2025-08
2025-08-13 16:01:54,follower,2025-08
2025-08-13 15:16:33,follower,2025-08
2025-08-13 11:45:28,follower,2025-08
2025-08-13 11:33:13,follower,2025-08
2025-08-13 10:36:33,follower,2025-08
2025-08-13 09:36:04,follower,2025-08
2025-08-13 08:49:29,follower,2025-08
2025-08-13 07:08:02,follower,2025-08
2025-08-13 06:32:32,follower,2025-08
2025-08-13 03:17:22,follower,2025-08
2025-08-12 21:12:02,follower,2025-08
2025-08-12 21:00:00,follower,2025-08
2025-08-12 19:45:20,follower,2025-08
2025-08-12 19:07:24,follower,2025-08
2025-08-12 18:57:07,follower,2025-08
2025-08-12 18:15:10,follower,2025-08
2025-08-12 17:24:54,follower,2025-08
2025-08-12 15:22:47,follower,2025-08
2025-08-12 14:45:35,follower,2025-08
2025-08-12 13:56:38,follower,2025-08
2025-08-12 13:06:23,follower,2025-08
2025-08-12 08:30:55,follower,2025-08
2025-08-12 00:15:55,follower,2025-08
2025-08-11 23:48:43,follower,2025-08
2025-08-11 23:43:36,follower,2025-08
2025-08-11 23:20:01,follower,2025-08
2025-08-11 21:41:01,follower,2025-08
2025-08-11 20:25:13,follower,2025-08
2025-08-11 20:04:11,follower,2025-08
2025-08-11 17:48:04,follower,2025-08
2025-08-11 15:25:42,follower,2025-08
2025-08-11 15:12:15,follower,2025-08
2025-08-11 14:35:59,follower,2025-08
2025-08-11 14:18:53,follower,2025-08
2025-08-11 13:59:44,follower,2025-08
2025-08-11 13:46:39,follower,2025-08
2025-08-11 13:11:13,follower,2025-08
2025-08-11 12:48:32,follower,2025-08
2025-08-11 11:35:14,follower,2025-08
2025-08-11 09:56:05,follower,2025-08
2025-08-11 09:50:03,follower,2025-08
2025-08-11 00:35:49,follower,2025-08
2025-08-11 00:19:26,follower,2025-08
2025-08-10 23:36:37,follower,2025-08
2025-08-10 22:13:42,follower,2025-08
2025-08-10 22:07:09,follower,2025-08
2025-08-10 21:13:54,follower,2025-08
2025-08-10 20:50:39,follower,2025-08
2025-08-10 20:41:15,follower,2025-08
2025-08-10 19:58:41,follower,2025-08
2025-08-10 19:51:20,follower,2025-08
2025-08-10 16:57:13,follower,2025-08
2025-08-10 16:53:24,follower,2025-08
2025-08-10 15:09:11,follower,2025-08
2025-08-10 14:58:30,follower,2025-08
2025-08-10 14:33:26,follower,2025-08
2025-08-10 14:17:30,follower,2025-08
2025-08-10 13:40:13,follower,2025-08
2025-08-10 11:06:34,follower,2025-08
2025-08-10 10:49:55,follower,2025-08
2025-08-10 10:19:50,follower,2025-08
2025-08-10 09:21:41,follower,2025-08
2025-08-10 07:53:14,follower,2025-08
2025-08-10 07:24:58,follower,2025-08
2025-08-10 05:39:42,follower,2025-08
2025-08-10 05:01:54,follower,2025-08
2025-08-10 02:12:24,follower,2025-08
2025-08-10 01:30:10,follower,2025-08
2025-08-10 01:10:54,follower,2025-08
2025-08-10 01:09:33,follower,2025-08
2025-08-10 01:07:40,follower,2025-08
2025-08-10 00:54:38,follower,2025-08
2025-08-10 00:54:30,follower,2025-08
2025-08-10 00:43:11,follower,2025-08
2025-08-09 22:38:38,follower,2025-08
2025-08-09 21:53:14,follower,2025-08
2025-08-09 21:33:34,follower,2025-08
2025-08-09 20:08:14,follower,2025-08
2025-08-09 19:25:49,follower,2025-08
2025-08-09 18:02:50,follower,2025-08
2025-08-09 18:01:03,follower,2025-08
2025-08-09 17:58:12,follower,2025-08
2025-08-09 16:41:07,follower,2025-08
2025-08-09 14:54:06,follower,2025-08
2025-08-09 13:30:18,follower,2025-08
2025-08-09 13:15:25,follower,2025-08
2025-08-09 13:14:45,follower,2025-08
2025-08-09 13:06:56,follower,2025-08
2025-08-09 10:35:25,follower,2025-08
2025-08-09 09:05:25,follower,2025-08
2025-08-09 07:50:29,follower,2025-08
2025-08-09 06:07:46,follower,2025-08
2025-08-09 04:37:32,follower,2025-08
2025-08-09 02:05:06,follower,2025-08
2025-08-09 00:44:27,follower,2025-08
2025-08-09 00:39:38,follower,2025-08
2025-08-09 00:19:13,follower,2025-08
2025-08-08 23:31:07,follower,2025-08
2025-08-08 23:05:05,follower,2025-08
2025-08-08 21:36:06,follower,2025-08
2025-08-08 21:18:34,follower,2025-08
2025-08-08 21:04:40,follower,2025-08
2025-08-08 20:53:31,follower,2025-08
2025-08-08 20:48:54,follower,2025-08
2025-08-08 20:29:53,follower,2025-08
2025-08-08 20:15:24,follower,2025-08
2025-08-08 20:04:25,follower,2025-08
2025-08-08 19:23:40,follower,2025-08
2025-08-08 18:58:04,follower,2025-08
2025-08-08 18:43:28,follower,2025-08
2025-08-08 18:41:14,follower,2025-08
2025-08-08 18:37:14,follower,2025-08
2025-08-08 18:15:58,follower,2025-08
2025-08-08 18:14:54,follower,2025-08
2025-08-08 17:59:47,follower,2025-08
2025-08-08 17:38:09,follower,2025-08
2025-08-08 17:32:07,follower,2025-08
2025-08-08 17:05:25,follower,2025-08
2025-08-08 15:23:11,follower,2025-08
2025-08-08 14:43:57,follower,2025-08
2025-08-08 14:43:23,follower,2025-08
2025-08-08 14:37:28,follower,2025-08
2025-08-08 14:35:17,follower,2025-08
2025-08-08 13:53:07,follower,2025-08
2025-08-08 13:16:01,follower,2025-08
2025-08-08 12:58:15,follower,2025-08
2025-08-08 12:05:07,follower,2025-08
2025-08-08 11:56:14,follower,2025-08
2025-08-08 11:35:33,follower,2025-08
2025-08-08 11:34:33,follower,2025-08
2025-08-08 10:50:40,follower,2025-08
2025-08-08 10:44:32,follower,2025-08
2025-08-08 10:40:30,follower,2025-08
2025-08-08 10:29:06,follower,2025-08
2025-08-08 10:14:16,follower,2025-08
2025-08-08 10:12:19,follower,2025-08
2025-08-08 10:02:02,follower,2025-08
2025-08-08 08:48:14,follower,2025-08
2025-08-08 08:12:13,follower,2025-08
2025-08-08 08:10:15,follower,2025-08
2025-08-08 07:58:20,follower,2025-08
2025-08-08 07:29:36,follower,2025-08
2025-08-08 07:20:15,follower,2025-08
2025-08-08 06:47:34,follower,2025-08
2025-08-08 05:44:44,follower,2025-08
2025-08-08 04:57:19,follower,2025-08
2025-08-08 04:22:37,follower,2025-08
2025-08-08 04:11:53,follower,2025-08
2025-08-08 03:25:55,follower,2025-08
2025-08-08 03:00:47,follower,2025-08
2025-08-08 02:29:54,follower,2025-08
2025-08-08 02:22:04,follower,2025-08
2025-08-08 01:59:32,follower,2025-08
2025-08-08 01:27:15,follower,2025-08
2025-08-08 00:56:07,follower,2025-08
2025-08-08 00:53:26,follower,2025-08
2025-08-08 00:46:13,follower,2025-08
2025-08-08 00:39:04,follower,2025-08
2025-08-08 00:29:11,follower,2025-08
2025-08-08 00:26:24,follower,2025-08
2025-08-08 00:12:22,follower,2025-08
2025-08-08 00:12:07,follower,2025-08
2025-08-08 00:09:57,follower,2025-08
2025-08-07 23:58:15,follower,2025-08
2025-08-07 23:56:31,follower,2025-08
2025-08-07 23:51:50,follower,2025-08
2025-08-07 23:39:02,follower,2025-08
2025-08-07 23:37:04,follower,2025-08
2025-08-07 23:20:16,follower,2025-08
2025-08-07 23:04:31,follower,2025-08
2025-08-07 22:36:01,follower,2025-08
2025-08-07 22:34:57,follower,2025-08
2025-08-07 22:30:35,follower,2025-08
2025-08-07 22:15:21,follower,2025-08
2025-08-07 21:51:05,follower,2025-08
2025-08-07 21:42:52,follower,2025-08
2025-08-07 21:00:12,follower,2025-08
2025-08-07 20:37:11,follower,2025-08
2025-08-07 20:31:26,follower,2025-08
2025-08-07 20:17:16,follower,2025-08
2025-08-07 20:02:34,follower,2025-08
2025-08-07 19:55:44,follower,2025-08
2025-08-07 19:53:15,follower,2025-08
2025-08-07 19:34:59,follower,2025-08
2025-08-07 19:23:15,follower,2025-08
2025-08-07 18:50:44,follower,2025-08
2025-08-07 17:18:10,follower,2025-08
2025-08-07 17:17:32,follower,2025-08
2025-08-07 17:07:31,follower,2025-08
2025-08-07 16:51:39,follower,2025-08
2025-08-07 16:42:19,follower,2025-08
2025-08-07 15:39:40,follower,2025-08
2025-08-07 15:35:33,follower,2025-08
2025-08-07 14:46:25,follower,2025-08
2025-08-07 14:17:56,follower,2025-08
2025-08-07 13:41:35,follower,2025-08
2025-08-07 13:11:59,follower,2025-08
2025-08-07 12:26:58,follower,2025-08
2025-08-07 12:20:36,follower,2025-08
2025-08-07 11:42:54,follower,2025-08
2025-08-07 11:11:10,follower,2025-08
2025-08-07 10:03:33,follower,2025-08
2025-08-07 09:41:37,follower,2025-08
2025-08-07 09:05:39,follower,2025-08
2025-08-07 08:37:10,follower,2025-08
2025-08-07 08:10:11,follower,2025-08
2025-08-07 06:26:34,follower,2025-08
2025-08-07 05:29:32,follower,2025-08
2025-08-07 05:24:49,follower,2025-08
2025-08-07 04:45:21,follower,2025-08
2025-08-07 03:45:05,follower,2025-08
2025-08-07 03:24:06,follower,2025-08
2025-08-07 02:53:51,follower,2025-08
2025-08-07 02:49:32,follower,2025-08
2025-08-07 02:33:33,follower,2025-08
2025-08-07 01:03:55,follower,2025-08
2025-08-07 00:51:21,follower,2025-08
2025-08-06 23:29:31,follower,2025-08
2025-08-06 22:57:21,follower,2025-08
2025-08-06 22:56:58,follower,2025-08
2025-08-06 22:51:30,follower,2025-08
2025-08-06 22:06:18,follower,2025-08
2025-08-06 21:53:05,follower,2025-08
2025-08-06 21:40:22,follower,2025-08
2025-08-06 21:39:17,follower,2025-08
2025-08-06 21:09:30,follower,2025-08
2025-08-06 20:37:30,follower,2025-08
2025-08-06 20:31:24,follower,2025-08
2025-08-06 20:24:51,follower,2025-08
2025-08-06 19:52:30,follower,2025-08
2025-08-06 19:12:48,follower,2025-08
2025-08-06 18:37:45,follower,2025-08
2025-08-06 18:23:04,follower,2025-08
2025-08-06 18:05:45,follower,2025-08
2025-08-06 16:56:41,follower,2025-08
2025-08-06 16:52:53,follower,2025-08
2025-08-06 16:41:52,follower,2025-08
2025-08-06 16:34:51,follower,2025-08
2025-08-06 16:28:34,follower,2025-08
2025-08-06 16:22:37,follower,2025-08
2025-08-06 16:13:36,follower,2025-08
2025-08-06 16:10:54,follower,2025-08
2025-08-06 16:06:52,follower,2025-08
2025-08-06 16:00:15,follower,2025-08
2025-08-06 15:17:44,follower,2025-08
2025-08-06 14:49:35,follower,2025-08
2025-08-06 14:27:37,follower,2025-08
2025-08-06 13:21:33,follower,2025-08
2025-08-06 12:09:48,follower,2025-08
2025-08-06 11:43:43,follower,2025-08
2025-08-06 11:37:14,follower,2025-08
2025-08-06 11:23:35,follower,2025-08
2025-08-06 11:04:04,follower,2025-08
2025-08-06 10:38:51,follower,2025-08
2025-08-06 10:15:06,follower,2025-08
2025-08-06 10:13:33,follower,2025-08
2025-08-06 10:12:32,follower,2025-08
2025-08-06 09:28:29,follower,2025-08
2025-08-06 08:21:41,follower,2025-08
2025-08-06 08:16:38,follower,2025-08
2025-08-06 03:58:28,follower,2025-08
2025-08-06 02:24:32,follower,2025-08
2025-08-06 02:01:24,follower,2025-08
2025-08-06 01:46:12,follower,2025-08
2025-08-06 01:26:10,follower,2025-08
2025-08-06 00:29:53,follower,2025-08
2025-08-06 00:20:51,follower,2025-08
2025-08-06 00:05:00,follower,2025-08
2025-08-05 23:56:11,follower,2025-08
2025-08-05 23:50:16,follower,2025-08
2025-08-05 23:33:39,follower,2025-08
2025-08-05 23:03:31,follower,2025-08
2025-08-05 22:56:08,follower,2025-08
2025-08-05 22:55:58,follower,2025-08
2025-08-05 22:55:19,follower,2025-08
2025-08-05 22:15:31,follower,2025-08
2025-08-05 22:00:25,follower,2025-08
2025-08-05 20:58:41,follower,2025-08
2025-08-05 20:27:34,follower,2025-08
2025-08-05 20:15:41,follower,2025-08
2025-08-05 19:58:34,follower,2025-08
2025-08-05 19:39:28,follower,2025-08
2025-08-05 19:18:21,follower,2025-08
2025-08-05 18:49:16,follower,2025-08
2025-08-05 16:51:16,follower,2025-08
2025-08-05 16:32:26,follower,2025-08
2025-08-05 15:45:01,follower,2025-08
2025-08-05 14:55:39,follower,2025-08
2025-08-05 14:39:50,follower,2025-08
2025-08-05 13:57:38,follower,2025-08
2025-08-05 13:31:55,follower,2025-08
2025-08-05 13:23:32,follower,2025-08
2025-08-05 12:28:39,follower,2025-08
2025-08-05 11:58:07,follower,2025-08
2025-08-05 11:00:09,follower,2025-08
2025-08-05 09:47:50,follower,2025-08
2025-08-05 09:38:32,follower,2025-08
2025-08-05 08:47:52,follower,2025-08
2025-08-05 07:22:08,follower,2025-08
2025-08-05 03:32:11,follower,2025-08
2025-08-05 01:16:17,follower,2025-08
2025-08-05 01:11:17,follower,2025-08
2025-08-05 01:10:53,follower,2025-08
2025-08-05 00:17:19,follower,2025-08
2025-08-05 00:16:10,follower,2025-08
2025-08-04 23:59:50,follower,2025-08
2025-08-04 23:37:21,follower,2025-08
2025-08-04 23:09:15,follower,2025-08
2025-08-04 22:41:47,follower,2025-08
2025-08-04 22:32:46,follower,2025-08
2025-08-04 22:27:22,follower,2025-08
2025-08-04 21:34:04,follower,2025-08
2025-08-04 20:49:32,follower,2025-08
2025-08-04 20:25:41,follower,2025-08
2025-08-04 19:01:10,follower,2025-08
2025-08-04 18:11:21,follower,2025-08
2025-08-04 17:21:08,follower,2025-08
2025-08-04 17:06:59,follower,2025-08
2025-08-04 15:49:39,follower,2025-08
2025-08-04 15:39:54,follower,2025-08
2025-08-04 15:39:44,follower,2025-08
2025-08-04 15:13:22,follower,2025-08
2025-08-04 14:53:42,follower,2025-08
2025-08-04 13:14:27,follower,2025-08
2025-08-04 11:07:16,follower,2025-08
2025-08-04 10:41:39,follower,2025-08
2025-08-04 10:40:56,follower,2025-08
2025-08-04 06:50:23,follower,2025-08
2025-08-04 05:03:29,follower,2025-08
2025-08-04 03:47:01,follower,2025-08
2025-08-04 03:14:43,follower,2025-08
2025-08-04 01:01:51,follower,2025-08
2025-08-04 01:00:17,follower,2025-08
2025-08-04 00:27:11,follower,2025-08
2025-08-04 00:22:10,follower,2025-08
2025-08-03 23:43:49,follower,2025-08
2025-08-03 23:25:40,follower,2025-08
2025-08-03 23:23:55,follower,2025-08
2025-08-03 22:24:13,follower,2025-08
2025-08-03 22:14:43,follower,2025-08
2025-08-03 21:58:59,follower,2025-08
2025-08-03 21:47:30,follower,2025-08
2025-08-03 21:37:16,follower,2025-08
2025-08-03 20:48:41,follower,2025-08
2025-08-03 20:44:23,follower,2025-08
2025-08-03 20:33:48,follower,2025-08
2025-08-03 20:18:36,follower,2025-08
2025-08-03 20:07:48,follower,2025-08
2025-08-03 19:12:03,follower,2025-08
2025-08-03 18:32:00,follower,2025-08
2025-08-03 17:02:56,follower,2025-08
2025-08-03 16:58:12,follower,2025-08
2025-08-03 16:30:51,follower,2025-08
2025-08-03 14:42:15,follower,2025-08
2025-08-03 14:34:09,follower,2025-08
2025-08-03 14:13:06,follower,2025-08
2025-08-03 14:06:14,follower,2025-08
2025-08-03 13:44:55,follower,2025-08
2025-08-03 13:40:39,follower,2025-08
2025-08-03 13:07:25,follower,2025-08
2025-08-03 12:46:03,follower,2025-08
2025-08-03 12:46:00,follower,2025-08
2025-08-03 12:42:20,follower,2025-08
2025-08-03 12:30:38,follower,2025-08
2025-08-03 12:22:54,follower,2025-08
2025-08-03 11:40:17,follower,2025-08
2025-08-03 11:28:15,follower,2025-08
2025-08-03 03:19:29,follower,2025-08
2025-08-03 02:35:26,follower,2025-08
2025-08-03 01:39:12,follower,2025-08
2025-08-03 01:36:54,follower,2025-08
2025-08-02 23:39:30,follower,2025-08
2025-08-02 21:41:19,follower,2025-08
2025-08-02 20:19:50,follower,2025-08
2025-08-02 19:35:34,follower,2025-08
2025-08-02 16:45:08,follower,2025-08
2025-08-02 15:45:43,follower,2025-08
2025-08-02 15:09:51,follower,2025-08
2025-08-02 15:06:16,follower,2025-08
2025-08-02 14:59:18,follower,2025-08
2025-08-02 14:51:37,follower,2025-08
2025-08-02 13:58:19,follower,2025-08
2025-08-02 13:51:36,follower,2025-08
2025-08-02 13:18:33,follower,2025-08
2025-08-02 12:23:58,follower,2025-08
2025-08-02 11:06:29,follower,2025-08
2025-08-02 09:50:16,follower,2025-08
2025-08-02 08:51:52,follower,2025-08
2025-08-02 08:34:14,follower,2025-08
2025-08-02 08:17:52,follower,2025-08
2025-08-02 04:24:21,follower,2025-08
2025-08-02 00:52:59,follower,2025-08
2025-08-02 00:29:32,follower,2025-08
2025-08-02 00:25:44,follower,2025-08
2025-08-02 00:07:01,follower,2025-08
2025-08-01 23:38:09,follower,2025-08
2025-08-01 22:58:42,follower,2025-08
2025-08-01 22:57:52,follower,2025-08
2025-08-01 21:51:36,follower,2025-08
2025-08-01 21:28:52,follower,2025-08
2025-08-01 20:45:17,follower,2025-08
2025-08-01 20:44:28,follower,2025-08
2025-08-01 20:37:23,follower,2025-08
2025-08-01 19:21:55,follower,2025-08
2025-08-01 19:20:33,follower,2025-08
2025-08-01 18:52:29,follower,2025-08
2025-08-01 16:35:32,follower,2025-08
2025-08-01 16:33:26,follower,2025-08
2025-08-01 16:05:25,follower,2025-08
2025-08-01 15:23:04,follower,2025-08
2025-08-01 15:04:09,follower,2025-08
2025-08-01 14:19:38,follower,2025-08
2025-08-01 14:16:09,follower,2025-08
2025-08-01 13:30:03,follower,2025-08
2025-08-01 13:25:55,follower,2025-08
2025-08-01 12:36:41,follower,2025-08
2025-08-01 12:25:56,follower,2025-08
2025-08-01 12:09:56,follower,2025-08
2025-08-01 12:07:11,follower,2025-08
2025-08-01 12:04:05,follower,2025-08
2025-08-01 11:57:03,follower,2025-08
2025-08-01 11:48:06,follower,2025-08
2025-08-01 10:18:07,follower,2025-08
2025-08-01 09:37:36,follower,2025-08
2025-08-01 09:22:07,follower,2025-08
2025-08-01 09:13:56,follower,2025-08
2025-08-01 06:24:04,follower,2025-08
2025-08-01 05:44:59,follower,2025-08
2025-08-01 02:13:23,follower,2025-08
2025-08-01 00:59:50,follower,2025-08
2025-08-01 00:01:05,follower,2025-08
2025-07-31 23:02:44,follower,2025-07
2025-07-31 23:02:34,follower,2025-07
2025-07-31 22:48:50,follower,2025-07
2025-07-31 22:45:54,follower,2025-07
2025-07-31 22:36:58,follower,2025-07
2025-07-31 21:21:22,follower,2025-07
2025-07-31 21:00:06,follower,2025-07
2025-07-31 20:11:26,follower,2025-07
2025-07-31 16:26:27,follower,2025-07
2025-07-31 15:34:53,follower,2025-07
2025-07-31 15:33:11,follower,2025-07
2025-07-31 15:03:16,follower,2025-07
2025-07-31 13:25:29,follower,2025-07
2025-07-31 12:02:38,follower,2025-07
2025-07-31 11:56:11,follower,2025-07
2025-07-31 11:24:27,follower,2025-07
2025-07-31 10:49:24,follower,2025-07
2025-07-31 10:15:05,follower,2025-07
2025-07-31 08:04:39,follower,2025-07
2025-07-31 08:01:58,follower,2025-07
2025-07-31 05:55:55,follower,2025-07
2025-07-31 05:16:34,follower,2025-07
2025-07-31 03:48:13,follower,2025-07
2025-07-31 02:56:27,follower,2025-07
2025-07-31 02:53:20,follower,2025-07
2025-07-31 02:29:33,follower,2025-07
2025-07-30 23:31:19,follower,2025-07
2025-07-30 22:49:22,follower,2025-07
2025-07-30 22:40:50,follower,2025-07
2025-07-30 22:36:43,follower,2025-07
2025-07-30 22:22:52,follower,2025-07
2025-07-30 21:05:33,follower,2025-07
2025-07-30 19:38:56,follower,2025-07
2025-07-30 19:33:59,follower,2025-07
2025-07-30 16:45:28,follower,2025-07
2025-07-30 16:43:11,follower,2025-07
2025-07-30 16:42:14,follower,2025-07
2025-07-30 15:05:26,follower,2025-07
2025-07-30 14:59:53,follower,2025-07
2025-07-30 14:55:52,follower,2025-07
2025-07-30 13:54:49,follower,2025-07
2025-07-30 13:43:56,follower,2025-07
2025-07-30 13:13:59,follower,2025-07
2025-07-30 13:12:54,follower,2025-07
2025-07-30 12:53:53,follower,2025-07
2025-07-30 12:46:11,follower,2025-07
2025-07-30 12:21:38,follower,2025-07
2025-07-30 11:32:21,follower,2025-07
2025-07-30 11:05:07,follower,2025-07
2025-07-30 10:49:36,follower,2025-07
2025-07-30 10:34:51,follower,2025-07
2025-07-30 10:34:31,follower,2025-07
2025-07-30 10:26:17,follower,2025-07
2025-07-30 10:11:06,follower,2025-07
2025-07-30 09:58:19,follower,2025-07
2025-07-30 09:28:40,follower,2025-07
2025-07-30 08:45:29,follower,2025-07
2025-07-30 08:14:44,follower,2025-07
2025-07-30 07:01:32,follower,2025-07
2025-07-30 06:51:16,follower,2025-07
2025-07-30 04:13:12,follower,2025-07
2025-07-30 02:26:45,follower,2025-07
2025-07-30 01:49:50,follower,2025-07
2025-07-30 01:24:26,follower,2025-07
2025-07-30 00:24:44,follower,2025-07
2025-07-30 00:23:17,follower,2025-07
2025-07-30 00:14:46,follower,2025-07
2025-07-30 00:02:06,follower,2025-07
2025-07-29 23:55:19,follower,2025-07
2025-07-29 23:07:39,follower,2025-07
2025-07-29 22:59:43,follower,2025-07
2025-07-29 20:56:41,follower,2025-07
2025-07-29 20:43:01,follower,2025-07
2025-07-29 20:04:21,follower,2025-07
2025-07-29 18:30:27,follower,2025-07
2025-07-29 18:28:30,follower,2025-07
2025-07-29 17:45:57,follower,2025-07
2025-07-29 16:46:08,follower,2025-07
2025-07-29 16:10:46,follower,2025-07
2025-07-29 15:53:21,follower,2025-07
2025-07-29 15:51:42,follower,2025-07
2025-07-29 15:28:02,follower,2025-07
2025-07-29 15:02:28,follower,2025-07
2025-07-29 14:59:17,follower,2025-07
2025-07-29 14:50:31,follower,2025-07
2025-07-29 14:46:03,follower,2025-07
2025-07-29 14:09:21,follower,2025-07
2025-07-29 13:40:52,follower,2025-07
2025-07-29 12:56:17,follower,2025-07
2025-07-29 12:13:49,follower,2025-07
2025-07-29 11:49:31,follower,2025-07
2025-07-29 11:31:50,follower,2025-07
2025-07-29 09:51:53,follower,2025-07
2025-07-29 09:45:00,follower,2025-07
2025-07-29 09:04:04,follower,2025-07
2025-07-29 07:26:33,follower,2025-07
2025-07-29 07:21:56,follower,2025-07
2025-07-29 06:51:15,follower,2025-07
2025-07-29 05:19:59,follower,2025-07
2025-07-29 05:14:38,follower,2025-07
2025-07-29 03:49:15,follower,2025-07
2025-07-29 01:59:19,follower,2025-07
2025-07-29 01:52:12,follower,2025-07
2025-07-29 01:48:43,follower,2025-07
2025-07-29 01:15:05,follower,2025-07
2025-07-29 00:54:29,follower,2025-07
2025-07-29 00:36:57,follower,2025-07
2025-07-28 23:57:39,follower,2025-07
2025-07-28 23:55:54,follower,2025-07
2025-07-28 23:01:56,follower,2025-07
2025-07-28 22:31:07,follower,2025-07
2025-07-28 22:19:54,follower,2025-07
2025-07-28 22:06:23,follower,2025-07
2025-07-28 21:57:51,follower,2025-07
2025-07-28 21:56:03,follower,2025-07
2025-07-28 21:43:10,follower,2025-07
2025-07-28 19:54:08,follower,2025-07
2025-07-28 19:10:42,follower,2025-07
2025-07-28 18:08:29,follower,2025-07
2025-07-28 18:05:34,follower,2025-07
2025-07-28 18:04:06,follower,2025-07
2025-07-28 17:51:21,follower,2025-07
2025-07-28 17:40:23,follower,2025-07
2025-07-28 17:29:26,follower,2025-07
2025-07-28 15:29:14,follower,2025-07
2025-07-28 14:57:56,follower,2025-07
2025-07-28 14:43:13,follower,2025-07
2025-07-28 14:42:10,follower,2025-07
2025-07-28 14:36:32,follower,2025-07
2025-07-28 13:37:34,follower,2025-07
2025-07-28 13:32:33,follower,2025-07
2025-07-28 13:17:58,follower,2025-07
2025-07-28 13:09:24,follower,2025-07
2025-07-28 13:05:09,follower,2025-07
2025-07-28 12:06:54,follower,2025-07
2025-07-28 10:30:20,follower,2025-07
2025-07-28 09:34:53,follower,2025-07
2025-07-28 08:36:37,follower,2025-07
2025-07-28 08:22:08,follower,2025-07
2025-07-28 07:45:30,follower,2025-07
2025-07-28 07:38:43,follower,2025-07
2025-07-28 01:50:09,follower,2025-07
2025-07-28 00:51:23,follower,2025-07
2025-07-27 23:49:39,follower,2025-07
2025-07-27 23:30:37,follower,2025-07
2025-07-27 23:20:31,follower,2025-07
2025-07-27 23:01:14,follower,2025-07
2025-07-27 22:48:15,follower,2025-07
2025-07-27 22:46:19,follower,2025-07
2025-07-27 22:04:19,follower,2025-07
2025-07-27 22:00:09,follower,2025-07
2025-07-27 21:32:00,follower,2025-07
2025-07-27 21:21:30,follower,2025-07
2025-07-27 21:17:00,follower,2025-07
2025-07-27 20:37:11,follower,2025-07
2025-07-27 20:35:58,follower,2025-07
2025-07-27 20:15:16,follower,2025-07
2025-07-27 20:07:36,follower,2025-07
2025-07-27 20:03:31,follower,2025-07
2025-07-27 19:49:57,follower,2025-07
2025-07-27 19:41:27,follower,2025-07
2025-07-27 19:35:54,follower,2025-07
2025-07-27 19:12:10,follower,2025-07
2025-07-27 18:46:49,follower,2025-07
2025-07-27 18:32:53,follower,2025-07
2025-07-27 18:22:53,follower,2025-07
2025-07-27 18:04:12,follower,2025-07
2025-07-27 18:00:39,follower,2025-07
2025-07-27 17:55:35,follower,2025-07
2025-07-27 17:48:45,follower,2025-07
2025-07-27 15:19:17,follower,2025-07
2025-07-27 15:12:17,follower,2025-07
2025-07-27 14:43:36,follower,2025-07
2025-07-27 14:35:55,follower,2025-07
2025-07-27 13:55:02,follower,2025-07
2025-07-27 13:54:47,follower,2025-07
2025-07-27 13:16:06,follower,2025-07
2025-07-27 12:47:49,follower,2025-07
2025-07-27 12:39:36,follower,2025-07
2025-07-27 12:34:19,follower,2025-07
2025-07-27 11:48:43,follower,2025-07
2025-07-27 10:45:40,follower,2025-07
2025-07-27 10:39:26,follower,2025-07
2025-07-27 10:26:20,follower,2025-07
2025-07-27 09:59:54,follower,2025-07
2025-07-27 09:58:13,follower,2025-07
2025-07-27 05:06:38,follower,2025-07
2025-07-27 04:09:42,follower,2025-07
2025-07-27 03:59:22,follower,2025-07
2025-07-27 03:23:19,follower,2025-07
2025-07-27 01:52:29,follower,2025-07
2025-07-27 01:48:53,follower,2025-07
2025-07-27 01:43:25,follower,2025-07
2025-07-27 01:31:00,follower,2025-07
2025-07-27 00:59:02,follower,2025-07
2025-07-27 00:40:48,follower,2025-07
2025-07-27 00:33:49,follower,2025-07
2025-07-27 00:29:43,follower,2025-07
2025-07-27 00:01:14,follower,2025-07
2025-07-26 23:43:14,follower,2025-07
2025-07-26 23:20:13,follower,2025-07
2025-07-26 23:09:24,follower,2025-07
2025-07-26 22:57:59,follower,2025-07
2025-07-26 22:43:41,follower,2025-07
2025-07-26 22:34:12,follower,2025-07
2025-07-26 21:59:46,follower,2025-07
2025-07-26 21:52:27,follower,2025-07
2025-07-26 21:37:01,follower,2025-07
2025-07-26 21:29:32,follower,2025-07
2025-07-26 21:25:41,follower,2025-07
2025-07-26 21:22:35,follower,2025-07
2025-07-26 21:00:27,follower,2025-07
2025-07-26 20:37:13,follower,2025-07
2025-07-26 20:31:26,follower,2025-07
2025-07-26 20:27:23,follower,2025-07
2025-07-26 19:26:29,follower,2025-07
2025-07-26 19:16:54,follower,2025-07
2025-07-26 19:08:34,follower,2025-07
2025-07-26 19:03:43,follower,2025-07
2025-07-26 18:42:05,follower,2025-07
2025-07-26 17:38:54,follower,2025-07
2025-07-26 16:49:35,follower,2025-07
2025-07-26 16:30:36,follower,2025-07
2025-07-26 16:24:28,follower,2025-07
2025-07-26 16:20:55,follower,2025-07
2025-07-26 16:10:10,follower,2025-07
2025-07-26 16:01:05,follower,2025-07
2025-07-26 15:51:24,follower,2025-07
2025-07-26 15:50:16,follower,2025-07
2025-07-26 15:11:31,follower,2025-07
2025-07-26 14:50:25,follower,2025-07
2025-07-26 14:34:12,follower,2025-07
2025-07-26 14:29:49,follower,2025-07
2025-07-26 14:24:29,follower,2025-07
2025-07-26 14:18:23,follower,2025-07
2025-07-26 13:58:35,follower,2025-07
2025-07-26 13:38:35,follower,2025-07
2025-07-26 13:30:10,follower,2025-07
2025-07-26 13:28:59,follower,2025-07
2025-07-26 13:03:41,follower,2025-07
2025-07-26 13:03:00,follower,2025-07
2025-07-26 12:58:52,follower,2025-07
2025-07-26 12:53:41,follower,2025-07
2025-07-26 12:45:11,follower,2025-07
2025-07-26 12:41:40,follower,2025-07
2025-07-26 12:40:29,follower,2025-07
2025-07-26 12:37:26,follower,2025-07
2025-07-26 12:32:28,follower,2025-07
2025-07-26 11:58:09,follower,2025-07
2025-07-26 11:06:32,follower,2025-07
2025-07-26 10:12:34,follower,2025-07
2025-07-26 09:42:24,follower,2025-07
2025-07-26 09:38:03,follower,2025-07
2025-07-26 09:11:49,follower,2025-07
2025-07-26 09:07:58,follower,2025-07
2025-07-26 08:12:59,follower,2025-07
2025-07-26 08:08:54,follower,2025-07
2025-07-26 07:39:11,follower,2025-07
2025-07-26 07:20:52,follower,2025-07
2025-07-26 07:00:21,follower,2025-07
2025-07-26 02:18:22,follower,2025-07
2025-07-26 01:27:57,follower,2025-07
2025-07-26 00:16:02,follower,2025-07
2025-07-25 23:09:42,follower,2025-07
2025-07-25 21:50:24,follower,2025-07
2025-07-25 21:17:30,follower,2025-07
2025-07-25 19:07:18,follower,2025-07
2025-07-25 18:58:55,follower,2025-07
2025-07-25 18:35:28,follower,2025-07
2025-07-25 11:30:51,follower,2025-07
2025-07-24 19:42:37,follower,2025-07
2025-07-24 09:05:55,follower,2025-07
2025-07-22 13:22:03,follower,2025-07
2025-07-20 14:12:33,follower,2025-07
2025-07-20 08:38:00,follower,2025-07
2025-07-19 21:54:32,follower,2025-07
2025-07-19 11:19:43,follower,2025-07
2025-07-17 20:06:15,follower,2025-07
2025-07-17 17:09:14,follower,2025-07
2025-07-17 06:17:35,follower,2025-07
2025-07-17 02:19:45,follower,2025-07
2025-07-16 22:39:00,follower,2025-07
2025-07-15 19:05:34,follower,2025-07
2025-07-15 05:14:40,follower,2025-07
2025-07-14 22:59:01,follower,2025-07
2025-07-14 13:24:32,follower,2025-07
2025-07-13 23:13:08,follower,2025-07
2025-07-10 09:38:56,follower,2025-07
2025-07-09 01:27:55,follower,2025-07
2025-07-07 23:45:28,follower,2025-07
2025-07-06 00:09:41,follower,2025-07
2025-07-05 16:12:38,follower,2025-07
2025-07-05 13:27:30,follower,2025-07
2025-07-05 10:39:40,follower,2025-07
2025-07-04 16:49:35,follower,2025-07
2025-07-04 14:31:20,follower,2025-07
2025-07-04 02:25:25,follower,2025-07
2025-07-03 22:34:26,follower,2025-07
2025-07-02 23:19:25,follower,2025-07
2025-07-02 04:42:19,follower,2025-07
2025-06-19 06:53:44,follower,2025-06
2025-06-18 12:35:34,follower,2025-06
2025-06-14 18:28:28,follower,2025-06
2025-06-14 14:33:24,follower,2025-06
2025-06-13 14:52:32,follower,2025-06
2025-06-13 12:21:59,follower,2025-06
2025-06-13 12:18:46,follower,2025-06
2025-06-11 22:58:26,follower,2025-06
2025-06-11 20:15:09,follower,2025-06
2025-06-11 19:30:17,follower,2025-06
2025-06-09 01:00:32,follower,2025-06
2025-06-08 13:59:21,follower,2025-06
2025-06-07 22:40:54,follower,2025-06
2025-06-06 23:38:45,follower,2025-06
2025-05-30 13:30:00,follower,2025-05
2025-05-30 10:03:46,follower,2025-05
2025-05-27 22:28:17,follower,2025-05
2025-05-26 13:47:54,follower,2025-05
2025-05-26 12:21:37,follower,2025-05
2025-05-26 00:55:21,follower,2025-05
2025-05-22 20:56:19,follower,2025-05
2025-05-21 19:43:14,follower,2025-05
2025-05-20 16:16:48,follower,2025-05
2025-05-20 00:07:21,follower,2025-05
2025-05-19 02:27:22,follower,2025-05
2025-05-17 09:05:24,follower,2025-05
2025-05-12 13:45:11,follower,2025-05
2025-05-10 00:40:51,follower,2025-05
2025-05-08 23:59:12,follower,2025-05
2025-05-07 23:21:46,follower,2025-05
2025-05-06 13:11:28,follower,2025-05
2025-05-06 07:52:11,follower,2025-05
2025-05-03 15:57:30,follower,2025-05
2025-05-01 22:12:05,follower,2025-05
2025-05-01 20:56:18,follower,2025-05
2025-05-01 20:07:35,follower,2025-05
2025-05-01 18:31:57,follower,2025-05
2025-04-28 15:08:43,follower,2025-04
2025-04-27 18:53:17,follower,2025-04
2025-04-27 16:09:50,follower,2025-04
2025-04-27 15:00:14,follower,2025-04
2025-04-27 10:00:07,follower,2025-04
2025-04-24 16:36:39,follower,2025-04
2025-04-24 00:40:44,follower,2025-04
2025-04-23 20:41:35,follower,2025-04
2025-04-23 15:35:45,follower,2025-04
2025-04-22 20:21:40,follower,2025-04
2025-04-20 20:35:55,follower,2025-04
2025-04-19 13:05:06,follower,2025-04
2025-04-19 13:02:31,follower,2025-04
2025-04-19 12:38:38,follower,2025-04
2025-04-18 08:00:00,follower,2025-04
2025-04-14 18:49:27,follower,2025-04
2025-04-14 04:45:51,follower,2025-04
2025-04-12 11:52:52,follower,2025-04
2025-04-11 15:52:56,follower,2025-04
2025-04-11 13:28:40,follower,2025-04
2025-04-10 23:37:01,follower,2025-04
2025-04-08 08:59:53,follower,2025-04
2025-04-07 16:27:28,follower,2025-04
2025-04-07 14:26:20,follower,2025-04
2025-04-07 13:41:14,follower,2025-04
2025-04-07 07:54:43,follower,2025-04
2025-04-06 22:36:19,follower,2025-04
2025-04-06 22:33:11,follower,2025-04
2025-04-06 21:29:35,follower,2025-04
2025-04-06 21:25:46,follower,2025-04
2025-04-04 20:35:33,follower,2025-04
2025-04-03 09:35:20,follower,2025-04
2025-04-01 19:29:00,follower,2025-04
2025-04-01 19:10:25,follower,2025-04
2025-03-31 20:11:48,follower,2025-03
2025-03-30 23:23:01,follower,2025-03
2025-03-30 12:47:35,follower,2025-03
2025-03-30 09:35:36,follower,2025-03
2025-03-28 04:38:29,follower,2025-03
2025-03-27 05:41:55,follower,2025-03
2025-03-26 22:55:51,follower,2025-03
2025-03-26 02:58:40,follower,2025-03
2025-03-24 23:15:28,follower,2025-03
2025-03-24 18:23:16,follower,2025-03
2025-03-23 11:32:00,follower,2025-03
2025-03-22 22:08:03,follower,2025-03
2025-03-22 20:57:51,follower,2025-03
2025-03-22 13:05:14,follower,2025-03
2025-03-22 06:24:30,follower,2025-03
2025-03-21 09:55:19,follower,2025-03
2025-03-21 02:13:59,follower,2025-03
2025-03-21 00:07:06,follower,2025-03
2025-03-20 12:04:35,follower,2025-03
2025-03-20 05:14:11,follower,2025-03
2025-03-20 04:17:51,follower,2025-03
2025-03-19 23:26:56,follower,2025-03
2025-03-19 08:24:27,follower,2025-03
2025-03-18 18:01:09,follower,2025-03
2025-03-18 14:40:17,follower,2025-03
2025-03-18 10:29:39,follower,2025-03
2025-03-17 21:55:22,follower,2025-03
2025-03-17 20:11:18,follower,2025-03
2025-03-14 14:11:24,follower,2025-03
2025-03-13 01:26:47,follower,2025-03
2025-03-08 13:32:57,follower,2025-03
2025-03-05 01:26:27,follower,2025-03
2025-03-03 20:56:03,follower,2025-03
2025-03-01 17:52:09,follower,2025-03
2025-03-01 00:36:05,follower,2025-03
2025-02-28 23:43:44,follower,2025-02
2025-02-28 22:05:05,follower,2025-02
2025-02-27 22:36:05,follower,2025-02
2025-02-27 20:51:31,follower,2025-02
2025-02-27 19:47:02,follower,2025-02
2025-02-27 19:29:35,follower,2025-02
2025-02-27 11:22:02,follower,2025-02
2025-02-27 09:45:07,follower,2025-02
2025-02-27 07:53:42,follower,2025-02
2025-02-27 01:40:31,follower,2025-02
2025-02-25 14:17:02,follower,2025-02
2025-02-24 16:00:08,follower,2025-02
2025-02-23 09:48:46,follower,2025-02
2025-02-23 00:14:37,follower,2025-02
2025-02-18 22:21:37,follower,2025-02
2025-02-18 07:03:46,follower,2025-02
2025-02-18 00:30:15,follower,2025-02
2025-02-14 00:44:38,follower,2025-02
2025-02-13 22:31:03,follower,2025-02
2025-02-13 16:29:35,follower,2025-02
2025-02-13 01:15:47,follower,2025-02
2025-02-13 00:06:39,follower,2025-02
2025-02-10 21:31:20,follower,2025-02
2025-02-10 20:40:24,follower,2025-02
2025-02-09 13:18:21,follower,2025-02
2025-02-08 23:31:19,follower,2025-02
2025-02-08 22:40:00,follower,2025-02
2025-02-07 13:55:27,follower,2025-02
2025-02-06 17:02:20,follower,2025-02
2025-02-05 01:15:10,follower,2025-02
2025-02-04 23:44:05,follower,2025-02
2025-02-04 22:44:35,follower,2025-02
2025-02-04 22:36:43,follower,2025-02
2025-02-04 21:49:39,follower,2025-02
2025-02-02 20:09:15,follower,2025-02
2025-02-02 19:24:17,follower,2025-02
2025-02-01 13:45:58,follower,2025-02
2025-01-31 11:57:48,follower,2025-01
2025-01-30 23:04:02,follower,2025-01
2025-01-28 22:16:25,follower,2025-01
2025-01-26 10:59:43,follower,2025-01
2025-01-25 12:00:06,follower,2025-01
2025-01-25 10:45:40,follower,2025-01
2025-01-24 23:26:29,follower,2025-01
2025-01-21 14:18:26,follower,2025-01
2025-01-16 22:07:26,follower,2025-01
2025-01-16 10:10:07,follower,2025-01
2025-01-12 23:58:13,follower,2025-01
2025-01-12 20:53:18,follower,2025-01
2025-01-06 21:16:45,follower,2025-01
2025-01-03 18:38:37,follower,2025-01
2025-01-03 03:03:56,follower,2025-01
2025-01-03 01:09:57,follower,2025-01
2025-01-02 23:10:51,follower,2025-01
2025-01-02 23:09:28,follower,2025-01
2025-01-02 21:49:12,follower,2025-01
2024-12-29 20:55:56,follower,2024-12
2024-12-29 16:19:34,follower,2024-12
2024-12-29 09:46:33,follower,2024-12
2024-12-29 09:39:44,follower,2024-12
2024-12-29 00:51:35,follower,2024-12
2024-12-28 19:38:45,follower,2024-12
2024-12-28 18:22:50,follower,2024-12
2024-12-28 17:06:54,follower,2024-12
2024-12-28 13:46:41,follower,2024-12
2024-12-27 13:12:30,follower,2024-12
2024-12-26 13:04:53,follower,2024-12
2024-12-25 11:16:42,follower,2024-12
2024-12-24 23:12:19,follower,2024-12
2024-12-23 23:33:38,follower,2024-12
2024-12-23 18:32:35,follower,2024-12
2024-12-17 11:43:40,follower,2024-12
2024-12-15 16:12:55,follower,2024-12
2024-12-14 23:47:45,follower,2024-12
2024-12-14 22:41:05,follower,2024-12
2024-12-14 22:02:04,follower,2024-12
2024-12-14 20:57:41,follower,2024-12
2024-12-12 19:15:10,follower,2024-12
2024-12-12 10:44:06,follower,2024-12
2024-12-10 20:46:03,follower,2024-12
2024-12-10 18:38:39,follower,2024-12
2024-12-10 16:34:07,follower,2024-12
2024-12-10 15:01:40,follower,2024-12
2024-12-10 13:35:51,follower,2024-12
2024-12-10 12:23:48,follower,2024-12
2024-12-10 10:09:14,follower,2024-12
2024-12-10 05:13:24,follower,2024-12
2024-12-10 01:02:16,follower,2024-12
2024-12-09 23:26:40,follower,2024-12
2024-12-08 20:18:18,follower,2024-12
2024-11-28 21:44:52,follower,2024-11
2024-11-28 00:32:23,follower,2024-11
2024-11-27 22:24:59,follower,2024-11
2024-11-24 17:56:37,follower,2024-11
2024-11-19 10:04:33,follower,2024-11
2024-11-18 20:59:36,follower,2024-11
2024-11-17 19:56:50,follower,2024-11
2024-11-14 23:29:00,follower,2024-11
2024-11-14 22:00:30,follower,2024-11
